SKU,Local,Forecast sumarizado
100175,00001,94.0
100355,00001,196.0
100407,00001,61.0
100408,00001,115.0
100622,00001,2280.0
100941,00001,30.0
100942,00001,30.0
100971,00001,90.0
100972,00001,60.0
10138,00001,84.0
101659,00001,30.0
101661,00001,34.0
101734,00001,944.0
101735,00001,863.0
101740,00001,1140.0
101743,00001,3235.0
101744,00001,60.0
101745,00001,96.0
101747,00001,129.0
101748,00001,59.0
102069,00001,30.0
102410,00001,86.0
102411,00001,225.0
102412,00001,191.0
10259,00001,64.0
102663,00001,84.0
102681,00001,30.0
102830,00001,1659.0
102832,00001,273.0
102833,00001,175.0
102834,00001,103.0
102835,00001,153.0
102837,00001,64.0
1029,00001,370.0
10296,00001,128.0
103,00001,86.0
10316,00001,297.0
103196,00001,61.0
103197,00001,377.0
103198,00001,38.0
103200,00001,66.0
103537,00001,30.0
103569,00001,251.0
103714,00001,90.0
103715,00001,113.0
103716,00001,60.0
103717,00001,235.0
1038,00001,215.0
10403,00001,3333.0
1041,00001,34.0
104711,00001,342.0
104746,00001,130.0
105285,00001,651.0
105294,00001,276.0
105295,00001,208.0
105313,00001,229.0
105316,00001,801.0
105317,00001,423.0
105320,00001,399.0
105321,00001,843.0
105322,00001,657.0
105323,00001,439.0
105330,00001,345.0
105332,00001,366.0
105334,00001,207.0
105335,00001,1609.0
105789,00001,39.0
105956,00001,876.0
106208,00001,1101.0
106236,00001,20293.0
106237,00001,58.0
106239,00001,1247.0
10624,00001,61.0
10625,00001,133.0
10628,00001,147.0
10629,00001,245.0
1063,00001,57598.0
106356,00001,62386.0
106537,00001,148.0
106606,00001,610.0
10661,00001,65.0
106662,00001,9096.0
106972,00001,150.0
106974,00001,427.0
107151,00001,64.0
107214,00001,231.0
107271,00001,4141.0
107272,00001,560.0
107401,00001,118.0
107416,00001,52.0
107458,00001,793.0
107459,00001,274.0
107462,00001,163.0
107465,00001,222.0
107466,00001,241.0
107467,00001,119.0
107469,00001,59.0
107546,00001,398.0
107573,00001,46.0
107582,00001,103.0
107662,00001,72.0
107687,00001,30.0
107780,00001,60.0
108193,00001,2170.0
108895,00001,119.0
109314,00001,650.0
109319,00001,87.0
109554,00001,89.0
109612,00001,99.0
109688,00001,206.0
109770,00001,1163.0
109771,00001,602.0
109774,00001,127.0
109775,00001,171.0
109957,00001,1001.0
10998,00001,148.0
109981,00001,85.0
110052,00001,31.0
110053,00001,36.0
110327,00001,96.0
110511,00001,30.0
110513,00001,30.0
110695,00001,762.0
110852,00001,680.0
110853,00001,824.0
11093,00001,196.0
110965,00001,90.0
110966,00001,60.0
110967,00001,60.0
110968,00001,41.0
111479,00001,68.0
111528,00001,57.0
111687,00001,73.0
111827,00001,7157.0
111828,00001,939.0
112473,00001,1986.0
112842,00001,81.0
113287,00001,33.0
113404,00001,60.0
113406,00001,223.0
113755,00001,784.0
113761,00001,866.0
113800,00001,215.0
113828,00001,161.0
115331,00001,53.0
116270,00001,35.0
116271,00001,60.0
116559,00001,347.0
116741,00001,224501.0
116801,00001,195.0
116825,00001,30.0
116854,00001,1015.0
116897,00001,59.0
116899,00001,53.0
116902,00001,60.0
116997,00001,82.0
117012,00001,56.0
117273,00001,38.0
117300,00001,79.0
117303,00001,73.0
117317,00001,119.0
117640,00001,79.0
117641,00001,70.0
117650,00001,38.0
117675,00001,96.0
117964,00001,30.0
117966,00001,30.0
117967,00001,30.0
118064,00001,132.0
1182,00001,115.0
118209,00001,7561.0
118260,00001,72.0
1184,00001,110.0
118796,00001,39.0
118798,00001,42.0
118801,00001,64.0
119109,00001,619.0
119110,00001,482.0
119171,00001,60.0
119323,00001,135.0
119609,00001,212.0
119612,00001,123.0
119868,00001,8868.0
120040,00001,30.0
120310,00001,612.0
120554,00001,220.0
120773,00001,245.0
121032,00001,377.0
121416,00001,35.0
121419,00001,56.0
121420,00001,60.0
121421,00001,60.0
1221,00001,146.0
1229,00001,60.0
123079,00001,221.0
123080,00001,701.0
123081,00001,833.0
123896,00001,126.0
124381,00001,58.0
124382,00001,278.0
124383,00001,30.0
124495,00001,138.0
124729,00001,131.0
12477,00001,253.0
124793,00001,144.0
125494,00001,364.0
125568,00001,111.0
125650,00001,30.0
12637,00001,35042.0
126630,00001,30.0
126645,00001,30.0
126876,00001,1649.0
127308,00001,227.0
127359,00001,29971.0
127360,00001,509.0
127372,00001,30.0
127438,00001,103.0
127439,00001,110.0
127718,00001,30.0
12845,00001,930.0
128517,00001,60.0
128667,00001,884.0
128672,00001,30.0
128673,00001,60.0
128674,00001,43.0
129072,00001,60.0
129076,00001,64.0
129080,00001,34.0
129084,00001,98.0
129086,00001,691.0
129430,00001,73.0
129496,00001,30.0
129497,00001,82.0
129498,00001,60.0
129593,00001,94.0
129594,00001,90.0
129596,00001,271.0
129597,00001,116.0
129598,00001,141.0
12965,00001,219.0
130248,00001,86.0
130555,00001,150.0
130556,00001,30.0
130561,00001,1109.0
130562,00001,487.0
130609,00001,30.0
130663,00001,84.0
130664,00001,59.0
130677,00001,35.0
130912,00001,86.0
131229,00001,97.0
131233,00001,958.0
131234,00001,235.0
131235,00001,103.0
131323,00001,88.0
131511,00001,78.0
131535,00001,39.0
132404,00001,30.0
132678,00001,3527.0
13279,00001,30.0
133242,00001,59.0
133243,00001,78.0
13333,00001,31.0
133336,00001,4291.0
13334,00001,203.0
133445,00001,94.0
134389,00001,93.0
134400,00001,36.0
134402,00001,80.0
134547,00001,50.0
134549,00001,133.0
134551,00001,34.0
134552,00001,56.0
134758,00001,64.0
134760,00001,36.0
135981,00001,30.0
136257,00001,85.0
136258,00001,95.0
136350,00001,136.0
1375,00001,348.0
138263,00001,83.0
1391,00001,858.0
139222,00001,259.0
139441,00001,66.0
139443,00001,60.0
139469,00001,30.0
13990,00001,30.0
140111,00001,137.0
140254,00001,60.0
140423,00001,55.0
140659,00001,34.0
141772,00001,40.0
14210,00001,140.0
14218,00001,60.0
14232,00001,35.0
142505,00001,30.0
142506,00001,33.0
142525,00001,6290.0
142529,00001,56.0
142530,00001,90.0
142531,00001,60.0
142532,00001,86.0
142533,00001,111.0
142796,00001,43649.0
142908,00001,1057.0
14324,00001,30.0
143353,00001,60.0
143361,00001,158.0
143363,00001,124.0
143871,00001,79558.0
14401,00001,179.0
144232,00001,308.0
144530,00001,64.0
144533,00001,122.0
144536,00001,30.0
144722,00001,30.0
144723,00001,39.0
144724,00001,61.0
144725,00001,57.0
144728,00001,56.0
144729,00001,199.0
144730,00001,123.0
14475,00001,30.0
145082,00001,7497.0
145085,00001,258.0
14511,00001,239.0
14513,00001,30.0
145178,00001,56.0
145221,00001,30.0
14587,00001,210.0
146152,00001,72.0
146664,00001,60.0
146793,00001,33.0
146855,00001,85.0
147521,00001,30.0
147522,00001,30.0
147524,00001,30.0
147758,00001,83.0
147841,00001,1513.0
147943,00001,100.0
147944,00001,38.0
147946,00001,74.0
147947,00001,60.0
147948,00001,30.0
147949,00001,59.0
148007,00001,62.0
14831,00001,952.0
149074,00001,140.0
149092,00001,58.0
149093,00001,183.0
149141,00001,994.0
14921,00001,222.0
1494,00001,103.0
149486,00001,61.0
149487,00001,95.0
149542,00001,39.0
149543,00001,30.0
1498,00001,1430.0
150342,00001,60.0
150345,00001,60.0
1506,00001,127.0
151311,00001,352.0
151812,00001,30.0
151813,00001,34.0
151814,00001,30.0
1520,00001,1708.0
152181,00001,60.0
152205,00001,30.0
152208,00001,30.0
152629,00001,8253.0
152643,00001,42.0
152731,00001,81.0
152980,00001,83.0
154083,00001,31.0
154808,00001,148.0
154809,00001,293.0
154810,00001,155.0
154890,00001,58.0
154891,00001,69.0
154893,00001,68.0
154894,00001,42.0
155065,00001,117.0
155363,00001,254.0
156283,00001,140.0
156285,00001,100.0
156703,00001,11732.0
15695,00001,50.0
157050,00001,63.0
157384,00001,51.0
157688,00001,129.0
157691,00001,206.0
157692,00001,150.0
157934,00001,30.0
157960,00001,958.0
15804,00001,61.0
158113,00001,176.0
158587,00001,65.0
158588,00001,373.0
158612,00001,52.0
158613,00001,56.0
158614,00001,59.0
158615,00001,60.0
159685,00001,61.0
1599,00001,272.0
1605,00001,735.0
160714,00001,479.0
1609,00001,130.0
161022,00001,30.0
16287,00001,348.0
1629,00001,109.0
163,00001,1205.0
163192,00001,78.0
163263,00001,30.0
163749,00001,77.0
163750,00001,60.0
1641,00001,361.0
16422,00001,302.0
1654,00001,4710.0
165797,00001,5172.0
165980,00001,59.0
166583,00001,37.0
166596,00001,58.0
167274,00001,151.0
167277,00001,558.0
167524,00001,51.0
167772,00001,63.0
167773,00001,101.0
168500,00001,282.0
168501,00001,171.0
168503,00001,86.0
168508,00001,161.0
168613,00001,110.0
168617,00001,70.0
168765,00001,8256.0
168925,00001,62.0
168991,00001,83.0
169028,00001,20604.0
16911,00001,30.0
16913,00001,60.0
16919,00001,30.0
1696,00001,1179.0
169685,00001,106.0
169938,00001,1120.0
171276,00001,30.0
171677,00001,46.0
17186,00001,30.0
17187,00001,30.0
172118,00001,67.0
172168,00001,34.0
172169,00001,34.0
17220,00001,76.0
17244,00001,30.0
172730,00001,423.0
173346,00001,102.0
173472,00001,104.0
17353,00001,239.0
173768,00001,34.0
173832,00001,56.0
174248,00001,39.0
17425,00001,134.0
174448,00001,162.0
174450,00001,68.0
175232,00001,154.0
17553,00001,51.0
175842,00001,84.0
17597,00001,53.0
1760,00001,289.0
176057,00001,162.0
176070,00001,134.0
17618,00001,216.0
176338,00001,30.0
176565,00001,120.0
17731,00001,61.0
177701,00001,105.0
17806,00001,90.0
178293,00001,30.0
178295,00001,67.0
179000,00001,91.0
179033,00001,139.0
179034,00001,43.0
179052,00001,56.0
179053,00001,60.0
179055,00001,90.0
179057,00001,80.0
179059,00001,56.0
17908,00001,145.0
179097,00001,60.0
17999,00001,60.0
18004,00001,116.0
180701,00001,54.0
180703,00001,52.0
180743,00001,137.0
1809,00001,133.0
181537,00001,99.0
182264,00001,58.0
182752,00001,52.0
182753,00001,39.0
182982,00001,121.0
182999,00001,60.0
183793,00001,30.0
184000,00001,90.0
184384,00001,39.0
184385,00001,60.0
184457,00001,91.0
184459,00001,66.0
184627,00001,34.0
184628,00001,34.0
184630,00001,52.0
185663,00001,5341.0
18579,00001,101.0
1861,00001,89.0
187312,00001,60.0
187467,00001,58.0
187670,00001,266.0
187813,00001,30.0
187962,00001,144.0
188030,00001,64.0
188319,00001,57.0
188320,00001,91.0
188548,00001,1391.0
18941,00001,30.0
1896,00001,52.0
1902,00001,60.0
190314,00001,33.0
190454,00001,1496.0
190628,00001,61.0
190830,00001,434.0
191187,00001,1558.0
191233,00001,30.0
191330,00001,46.0
19246,00001,34.0
192639,00001,76.0
192641,00001,34.0
192822,00001,44.0
192823,00001,30.0
192824,00001,56.0
192828,00001,55.0
193140,00001,124.0
193149,00001,87.0
193156,00001,111.0
193329,00001,60.0
193330,00001,71.0
193617,00001,75.0
194321,00001,1157.0
194710,00001,60.0
194892,00001,94.0
195084,00001,30.0
195085,00001,69.0
19516,00001,122.0
19517,00001,5779.0
19518,00001,206.0
19519,00001,102.0
1960,00001,980.0
196008,00001,63.0
196115,00001,53.0
196116,00001,107.0
196832,00001,377.0
196833,00001,108.0
196834,00001,593.0
196835,00001,95.0
197262,00001,54.0
19804,00001,68.0
19811,00001,31.0
1982,00001,90.0
198469,00001,111.0
1991,00001,127.0
200006,00001,352.0
200041,00001,3238.0
200221,00001,147.0
20129,00001,90.0
202584,00001,703.0
20266,00001,30.0
20273,00001,30.0
202754,00001,87.0
203757,00001,58.0
203875,00001,44.0
203877,00001,30.0
203879,00001,32.0
203880,00001,39.0
203881,00001,56.0
203883,00001,30.0
204483,00001,511.0
20458,00001,89.0
204613,00001,30.0
204794,00001,118.0
205005,00001,240.0
20516,00001,174804.0
206362,00001,96.0
20675,00001,598.0
208,00001,22728.0
208038,00001,79.0
208050,00001,98.0
208219,00001,195.0
20840,00001,11379.0
20857,00001,575.0
208747,00001,37.0
209031,00001,108.0
209032,00001,84.0
209052,00001,66.0
209054,00001,99.0
210154,00001,84.0
210155,00001,141.0
21033,00001,60.0
210594,00001,547.0
210785,00001,2455.0
210874,00001,972.0
21088,00001,30.0
21089,00001,30.0
210956,00001,51.0
210959,00001,190.0
211128,00001,49.0
211130,00001,30.0
211418,00001,90.0
211530,00001,80.0
21279,00001,510.0
21331,00001,63.0
21340,00001,39.0
213471,00001,43.0
2138,00001,126.0
213874,00001,45.0
21405,00001,30.0
214094,00001,175.0
214099,00001,353.0
214104,00001,214.0
214107,00001,179.0
214134,00001,56.0
214160,00001,86.0
214164,00001,30.0
214171,00001,56.0
214248,00001,34.0
214502,00001,43.0
214503,00001,44.0
214684,00001,36.0
214815,00001,57993.0
214824,00001,62.0
214909,00001,796.0
214912,00001,2740.0
214913,00001,739.0
214914,00001,126.0
215280,00001,56.0
215281,00001,52.0
21538,00001,80.0
21541,00001,4259.0
215995,00001,797.0
216389,00001,31.0
216390,00001,30.0
216914,00001,162.0
216915,00001,141.0
216916,00001,90.0
21855,00001,34.0
218557,00001,20222.0
218637,00001,74.0
218658,00001,30.0
218870,00001,70.0
219181,00001,331.0
219473,00001,51.0
219836,00001,211.0
219876,00001,119.0
21995,00001,30.0
219959,00001,30.0
219962,00001,30.0
220234,00001,423.0
22065,00001,34.0
22088,00001,67.0
220884,00001,175.0
221113,00001,103.0
221114,00001,75.0
221116,00001,132.0
221117,00001,197.0
221118,00001,143.0
221119,00001,58.0
221120,00001,63.0
221121,00001,120.0
221122,00001,101.0
221265,00001,30.0
2213,00001,56.0
221383,00001,30.0
221686,00001,30.0
221787,00001,34.0
223156,00001,66.0
223389,00001,199.0
223491,00001,30.0
22450,00001,151.0
22560,00001,210.0
225701,00001,134.0
225783,00001,60.0
226050,00001,102.0
226074,00001,34.0
226075,00001,72.0
226076,00001,78.0
226078,00001,30.0
226082,00001,30.0
226119,00001,30.0
226391,00001,34.0
226397,00001,37.0
226398,00001,38.0
226706,00001,138.0
226791,00001,70.0
226812,00001,152.0
226905,00001,347.0
227127,00001,131.0
227225,00001,30.0
227528,00001,125.0
227589,00001,30.0
227866,00001,607.0
227868,00001,717.0
227873,00001,65.0
22794,00001,3944.0
228083,00001,60.0
228084,00001,60.0
228232,00001,30.0
228613,00001,59.0
228685,00001,578.0
228969,00001,157.0
228983,00001,1096.0
2292,00001,103.0
229229,00001,141.0
229230,00001,60.0
229475,00001,61.0
229581,00001,60.0
229605,00001,198.0
229679,00001,35.0
230468,00001,665.0
2316,00001,59.0
23164,00001,133.0
2322,00001,31088.0
232548,00001,63.0
233016,00001,30.0
233072,00001,150.0
233172,00001,889.0
233434,00001,56.0
233435,00001,52.0
233440,00001,52.0
233540,00001,79.0
233541,00001,63.0
233542,00001,43.0
234317,00001,30.0
234319,00001,56.0
234321,00001,61.0
234323,00001,30.0
234325,00001,30.0
234326,00001,56.0
234328,00001,1591.0
234330,00001,34.0
234336,00001,32.0
234394,00001,65.0
234395,00001,811.0
234569,00001,179.0
234590,00001,57.0
234923,00001,648.0
234924,00001,159.0
234967,00001,126.0
235121,00001,2668.0
235133,00001,85.0
235134,00001,81.0
235135,00001,4626.0
235136,00001,726.0
235137,00001,134.0
235800,00001,94.0
236011,00001,60.0
236252,00001,60.0
2363,00001,93.0
236476,00001,44.0
236492,00001,851.0
236641,00001,70.0
236642,00001,34.0
236643,00001,119.0
236659,00001,116.0
237065,00001,276.0
237267,00001,148.0
237276,00001,635.0
237284,00001,60.0
23735,00001,57.0
2374,00001,285.0
237428,00001,245.0
237429,00001,103.0
237495,00001,150.0
237656,00001,59.0
237688,00001,98.0
237879,00001,44.0
237880,00001,60.0
23817,00001,371.0
238523,00001,65.0
238695,00001,6386.0
239663,00001,311.0
240,00001,593.0
240140,00001,99.0
240211,00001,105.0
240649,00001,50.0
240833,00001,207.0
240836,00001,115.0
240967,00001,60.0
241570,00001,56.0
241751,00001,47.0
242327,00001,59.0
24256,00001,30.0
242772,00001,94.0
242773,00001,60.0
243146,00001,59.0
243386,00001,30.0
243619,00001,30.0
243836,00001,43.0
243837,00001,60.0
243857,00001,240.0
243858,00001,56.0
243859,00001,81.0
2441,00001,68.0
244336,00001,63.0
2444,00001,95.0
245448,00001,90.0
245449,00001,111.0
245785,00001,106.0
245803,00001,121.0
245804,00001,250.0
245805,00001,252.0
246097,00001,3816.0
246137,00001,95.0
246508,00001,73.0
2466,00001,38429.0
246997,00001,270.0
247568,00001,158.0
248472,00001,35.0
248491,00001,125.0
248503,00001,73.0
248829,00001,30.0
248830,00001,38.0
248831,00001,34.0
248996,00001,135.0
249288,00001,314.0
249407,00001,60.0
249453,00001,187.0
249868,00001,298.0
249881,00001,142.0
250075,00001,82.0
250076,00001,60.0
250123,00001,60.0
2503,00001,110.0
25079,00001,11551.0
250969,00001,30.0
250971,00001,30.0
2510,00001,54.0
251173,00001,60.0
251175,00001,95.0
2514,00001,30.0
252778,00001,53.0
254164,00001,42.0
254167,00001,60.0
254168,00001,38.0
254170,00001,75.0
254174,00001,75.0
254175,00001,73.0
254425,00001,75.0
254426,00001,64.0
254646,00001,543.0
254692,00001,60.0
254693,00001,50.0
2556,00001,83.0
257669,00001,454.0
2578,00001,1235.0
257884,00001,176.0
257921,00001,171.0
258290,00001,64.0
259279,00001,30.0
25928,00001,86.0
259754,00001,97.0
259855,00001,36.0
259856,00001,30.0
260380,00001,34.0
260381,00001,44.0
260382,00001,30.0
260387,00001,30.0
260388,00001,39.0
260389,00001,94.0
260396,00001,73.0
260888,00001,445.0
260889,00001,64.0
260890,00001,110.0
261298,00001,951.0
261590,00001,141.0
261592,00001,164.0
262191,00001,92.0
262194,00001,62.0
262711,00001,58.0
262842,00001,60.0
262966,00001,74.0
262970,00001,84.0
262980,00001,43.0
262984,00001,30.0
262985,00001,844.0
263016,00001,34.0
263073,00001,36.0
263074,00001,58.0
263794,00001,30.0
263987,00001,117.0
263988,00001,56.0
263989,00001,129.0
263990,00001,88.0
264159,00001,69.0
264175,00001,60.0
264176,00001,56.0
264177,00001,64.0
264178,00001,68.0
264180,00001,43.0
264181,00001,60.0
264182,00001,66.0
26423,00001,33.0
264663,00001,30.0
264664,00001,35.0
264665,00001,31.0
264666,00001,30.0
264667,00001,30.0
264669,00001,30.0
264671,00001,30.0
264674,00001,34.0
264675,00001,30.0
264676,00001,35.0
264678,00001,34.0
264679,00001,30.0
264680,00001,38.0
2648,00001,348.0
264960,00001,223.0
265450,00001,71.0
266729,00001,56.0
267302,00001,30.0
267693,00001,134.0
268041,00001,82.0
268042,00001,116.0
268264,00001,60.0
268265,00001,57.0
268266,00001,58.0
268267,00001,30.0
26839,00001,245.0
268717,00001,1192.0
26934,00001,137.0
269622,00001,60.0
269632,00001,76.0
269745,00001,228.0
271398,00001,114.0
271399,00001,62.0
271400,00001,30.0
271401,00001,30.0
271498,00001,39.0
271499,00001,35.0
272006,00001,630.0
272010,00001,30.0
27245,00001,87.0
272460,00001,30.0
272461,00001,60.0
272462,00001,64.0
272869,00001,60.0
272871,00001,60.0
272872,00001,33.0
272873,00001,33.0
272875,00001,43.0
273035,00001,60.0
273039,00001,32.0
273079,00001,67.0
273612,00001,30.0
273613,00001,59.0
2738,00001,64.0
274083,00001,166.0
274084,00001,115.0
274300,00001,41.0
274301,00001,86.0
274302,00001,61.0
274388,00001,44.0
274417,00001,38.0
274418,00001,53.0
274983,00001,30.0
274988,00001,180.0
274990,00001,77.0
275028,00001,1235.0
275154,00001,147.0
275318,00001,46.0
275319,00001,72.0
275322,00001,43.0
275568,00001,146.0
275718,00001,60.0
275720,00001,81.0
276610,00001,117.0
276678,00001,60.0
277009,00001,30.0
277302,00001,84.0
277844,00001,67.0
277845,00001,60.0
277847,00001,55.0
277848,00001,87.0
277849,00001,95.0
278117,00001,137.0
278120,00001,101.0
278622,00001,57.0
278623,00001,173.0
278625,00001,60.0
278627,00001,52.0
278628,00001,55.0
278631,00001,60.0
278632,00001,80.0
278716,00001,82.0
278722,00001,39.0
278724,00001,78.0
278754,00001,181.0
278970,00001,256.0
2790,00001,140.0
27901,00001,179.0
27903,00001,94.0
279153,00001,117.0
279427,00001,87.0
279556,00001,279.0
280020,00001,78.0
280138,00001,117.0
280174,00001,128.0
280210,00001,130.0
280211,00001,91.0
280212,00001,167.0
280213,00001,147.0
280214,00001,1863.0
280216,00001,99.0
280217,00001,158.0
280218,00001,45.0
280236,00001,1986.0
280237,00001,81.0
280238,00001,196.0
280239,00001,55.0
280240,00001,93.0
280372,00001,34.0
28105,00001,31.0
28121,00001,60.0
28122,00001,36.0
28126,00001,30.0
281432,00001,89.0
281474,00001,163.0
281565,00001,1310.0
282898,00001,60.0
284165,00001,92.0
28425,00001,1081.0
285075,00001,192.0
285411,00001,91.0
285412,00001,44.0
285413,00001,37.0
285418,00001,56.0
285490,00001,58.0
285491,00001,52.0
285500,00001,42.0
285501,00001,64.0
285504,00001,35.0
285644,00001,34.0
28610,00001,6239.0
286163,00001,93.0
286307,00001,34.0
286875,00001,64.0
286995,00001,114.0
2879,00001,60.0
288097,00001,85.0
288865,00001,68.0
289483,00001,30.0
28959,00001,1005.0
289647,00001,1104.0
289648,00001,3060.0
289649,00001,443.0
289650,00001,2698.0
290037,00001,60.0
290526,00001,195.0
290528,00001,30.0
290529,00001,34.0
290530,00001,34.0
290531,00001,30.0
290532,00001,30.0
29100,00001,90.0
291395,00001,107.0
2914,00001,108.0
291702,00001,30.0
291705,00001,74.0
2945,00001,75.0
295109,00001,56.0
295650,00001,86.0
296065,00001,72.0
296066,00001,42.0
296176,00001,80.0
296179,00001,117.0
296182,00001,85.0
296529,00001,677.0
296590,00001,131.0
297040,00001,65.0
297041,00001,79.0
2976,00001,172.0
297726,00001,64.0
2978,00001,545.0
297984,00001,85.0
297985,00001,96.0
29820,00001,136.0
298259,00001,60.0
29835,00001,43.0
298389,00001,47.0
29856,00001,1673.0
298916,00001,34.0
298992,00001,90.0
298993,00001,137.0
298994,00001,47.0
299130,00001,51.0
299478,00001,9354.0
299497,00001,59.0
299700,00001,173.0
29979,00001,318.0
299930,00001,4976.0
299993,00001,653.0
299994,00001,2981.0
300030,00001,798.0
300037,00001,30.0
300038,00001,30.0
300039,00001,60.0
300040,00001,58.0
300044,00001,98.0
301255,00001,179.0
301257,00001,444.0
301258,00001,401.0
301259,00001,344.0
301260,00001,1482.0
301382,00001,83.0
301758,00001,43.0
301763,00001,76.0
3023,00001,833.0
302621,00001,111.0
3028,00001,2447.0
30360,00001,186.0
303608,00001,174.0
30365,00001,73.0
303965,00001,121.0
303967,00001,117.0
303969,00001,360.0
303971,00001,93.0
303975,00001,64.0
303976,00001,79.0
303977,00001,140.0
303978,00001,91.0
304133,00001,263.0
304139,00001,165.0
3047,00001,112.0
304932,00001,90.0
304935,00001,30.0
304970,00001,60.0
305014,00001,216.0
305064,00001,30.0
305065,00001,206.0
305233,00001,3511.0
30535,00001,60.0
3059,00001,59.0
30617,00001,100.0
307229,00001,755.0
307256,00001,64.0
307303,00001,39.0
30760,00001,45.0
30761,00001,63.0
30762,00001,437.0
30763,00001,74.0
308265,00001,80.0
308500,00001,74.0
308501,00001,68.0
308607,00001,89.0
308858,00001,44.0
309351,00001,69.0
31,00001,200.0
310182,00001,211.0
3102,00001,171.0
310205,00001,30.0
310545,00001,56.0
310569,00001,35.0
310634,00001,30.0
310637,00001,38.0
310970,00001,120.0
311016,00001,30.0
311020,00001,95.0
311373,00001,40.0
311806,00001,384.0
312070,00001,32.0
312074,00001,30.0
3124,00001,264.0
313916,00001,88.0
313917,00001,64.0
313919,00001,63.0
31393,00001,185.0
31396,00001,283.0
31398,00001,776.0
314194,00001,56.0
314486,00001,65.0
3148,00001,1389.0
314822,00001,181.0
315018,00001,60.0
315022,00001,60.0
315023,00001,86.0
315052,00001,170.0
315796,00001,344.0
315797,00001,267.0
315956,00001,30.0
315957,00001,30.0
315958,00001,30.0
3160,00001,30.0
316080,00001,182.0
316097,00001,116.0
316349,00001,1201.0
31635,00001,60.0
316363,00001,30.0
317097,00001,98.0
317099,00001,76.0
31733,00001,512.0
3179,00001,665.0
318329,00001,94.0
31894,00001,42302.0
320839,00001,259.0
321176,00001,59.0
321539,00001,142.0
321718,00001,574.0
321766,00001,174.0
322153,00001,862.0
322154,00001,303.0
322155,00001,186.0
32247,00001,117.0
32322,00001,128.0
323307,00001,60.0
324412,00001,42.0
32445,00001,108.0
3257,00001,101.0
32573,00001,60.0
325833,00001,806.0
326437,00001,30.0
326438,00001,30.0
326623,00001,90.0
326735,00001,397.0
327640,00001,189.0
327641,00001,290.0
327703,00001,108.0
32795,00001,57.0
3283,00001,61.0
3289,00001,146.0
329043,00001,154.0
329142,00001,56.0
329148,00001,61.0
329156,00001,37.0
329157,00001,30.0
3292,00001,283.0
32934,00001,108.0
3296,00001,126.0
330384,00001,64.0
330659,00001,46.0
330662,00001,60.0
330663,00001,67.0
330664,00001,70.0
330666,00001,61.0
330677,00001,58.0
33105,00001,93.0
331118,00001,64.0
331151,00001,109.0
331155,00001,136.0
331164,00001,30.0
332284,00001,56.0
332406,00001,1307.0
332528,00001,115.0
332554,00001,30.0
332809,00001,69.0
332817,00001,1413.0
333278,00001,90.0
333414,00001,72.0
333428,00001,49.0
333486,00001,37.0
333567,00001,30.0
333568,00001,30.0
333569,00001,60.0
333573,00001,45.0
333828,00001,636.0
333894,00001,198.0
333897,00001,306.0
333898,00001,191.0
333899,00001,99.0
33392,00001,44.0
334445,00001,56.0
3348,00001,224.0
334896,00001,30.0
335094,00001,124.0
335638,00001,361.0
335643,00001,169.0
335667,00001,3778.0
3357,00001,194.0
33628,00001,124.0
336515,00001,120.0
336516,00001,125.0
33664,00001,806.0
336643,00001,59.0
336644,00001,160.0
336646,00001,75.0
3368,00001,1845.0
336981,00001,160.0
337069,00001,35.0
337132,00001,42.0
337347,00001,34.0
337462,00001,30.0
337463,00001,39.0
337464,00001,128.0
337465,00001,67.0
338421,00001,80.0
338553,00001,155.0
338564,00001,109.0
3386,00001,68.0
339239,00001,188.0
33927,00001,204.0
340019,00001,60.0
340132,00001,40.0
340955,00001,5313.0
34102,00001,129.0
341214,00001,54.0
3414,00001,60.0
342409,00001,30.0
342410,00001,30.0
342411,00001,30.0
343660,00001,93.0
343764,00001,43.0
343766,00001,68.0
343815,00001,131.0
343816,00001,76.0
343817,00001,31.0
343818,00001,76.0
344553,00001,59.0
344554,00001,30.0
344569,00001,70.0
34462,00001,98.0
34464,00001,30.0
345024,00001,1140.0
345255,00001,30.0
345256,00001,58.0
345257,00001,60.0
345340,00001,174.0
345355,00001,76.0
345356,00001,98.0
345357,00001,124.0
345749,00001,139.0
345750,00001,258.0
346668,00001,136.0
346679,00001,30.0
346848,00001,83.0
3474,00001,68.0
34820,00001,34.0
34821,00001,38.0
348718,00001,60.0
348719,00001,136.0
34888,00001,501215.0
34899,00001,1603.0
3490,00001,68.0
349240,00001,39.0
349625,00001,2210.0
350831,00001,2035.0
350978,00001,891.0
351952,00001,56.0
35291,00001,30.0
353077,00001,123.0
353080,00001,43.0
35318,00001,30.0
35323,00001,30.0
353357,00001,73.0
353358,00001,35.0
353421,00001,79.0
353596,00001,105.0
353707,00001,30.0
354050,00001,489.0
3542,00001,84.0
354225,00001,90.0
354257,00001,130.0
354615,00001,215.0
354786,00001,105.0
355015,00001,43.0
355019,00001,3615.0
355020,00001,141.0
355457,00001,100.0
355649,00001,38.0
355909,00001,60.0
355938,00001,231.0
3562,00001,77.0
356502,00001,65.0
356518,00001,64.0
356519,00001,34.0
357175,00001,174.0
357226,00001,30.0
357237,00001,35.0
357499,00001,121.0
3575,00001,59.0
357694,00001,31.0
357697,00001,60.0
358212,00001,163.0
358232,00001,210.0
358234,00001,237.0
358235,00001,116.0
358247,00001,79.0
358248,00001,30.0
358249,00001,58.0
358250,00001,30.0
358256,00001,30.0
358257,00001,30.0
358258,00001,30.0
358261,00001,30.0
358336,00001,244.0
358819,00001,63.0
359349,00001,70.0
359518,00001,361.0
359996,00001,115.0
36042,00001,60.0
36043,00001,341.0
36044,00001,137.0
36045,00001,194.0
3606,00001,79.0
360703,00001,61.0
36075,00001,1000.0
36076,00001,219.0
360843,00001,30.0
36118,00001,1415.0
361202,00001,30.0
361280,00001,104.0
361281,00001,164.0
361282,00001,32.0
361286,00001,30.0
361289,00001,30.0
361474,00001,30.0
361475,00001,30.0
361532,00001,77.0
361534,00001,72.0
362022,00001,81.0
362515,00001,105.0
363141,00001,79.0
363142,00001,67.0
364233,00001,30.0
364235,00001,60.0
364446,00001,105.0
364447,00001,134.0
364448,00001,103.0
364451,00001,195.0
364853,00001,57.0
36486,00001,112.0
365449,00001,39.0
365450,00001,124.0
365451,00001,34.0
365452,00001,30.0
365888,00001,59.0
3665,00001,114.0
366610,00001,30.0
366612,00001,223.0
36715,00001,60.0
3672,00001,61.0
367412,00001,324.0
367581,00001,30.0
368139,00001,83.0
368140,00001,31.0
368159,00001,60.0
368172,00001,67.0
368196,00001,109.0
368205,00001,34.0
3683,00001,167.0
368383,00001,30.0
368598,00001,167.0
368740,00001,38.0
3689,00001,207.0
369400,00001,408.0
369645,00001,30.0
369646,00001,32.0
36986,00001,149.0
370375,00001,30.0
371123,00001,296.0
371128,00001,142.0
371132,00001,52.0
371133,00001,46.0
371134,00001,142.0
371135,00001,127.0
371328,00001,116.0
371519,00001,90.0
372435,00001,30.0
372469,00001,1668.0
3726,00001,72.0
373695,00001,132.0
373696,00001,123.0
373782,00001,67.0
373795,00001,47.0
373799,00001,1517.0
373848,00001,30.0
3740,00001,158.0
3746,00001,63.0
375414,00001,705.0
375562,00001,78.0
375563,00001,39.0
375569,00001,30.0
375570,00001,30.0
375572,00001,30.0
375573,00001,30.0
375574,00001,49.0
375576,00001,30.0
375577,00001,30.0
375581,00001,39.0
375590,00001,30.0
375592,00001,30.0
375594,00001,30.0
375597,00001,34.0
375736,00001,60.0
375941,00001,822.0
375942,00001,368.0
3760,00001,58.0
376084,00001,95.0
376085,00001,60.0
376086,00001,70.0
376401,00001,34.0
377303,00001,267.0
378685,00001,2034.0
378766,00001,35.0
378829,00001,52.0
379145,00001,42371.0
379146,00001,819.0
379148,00001,186.0
379538,00001,34.0
379541,00001,54.0
379660,00001,52.0
379684,00001,421.0
379685,00001,175.0
379944,00001,191.0
379945,00001,63.0
380312,00001,437.0
380408,00001,90.0
380413,00001,30.0
380416,00001,30.0
380487,00001,51.0
380535,00001,142.0
38066,00001,663.0
38072,00001,552.0
38089,00001,34.0
380925,00001,287.0
380931,00001,486.0
381,00001,110.0
381264,00001,115.0
381265,00001,116.0
381357,00001,152.0
381796,00001,30.0
381852,00001,53.0
381890,00001,483.0
381896,00001,197.0
381906,00001,30.0
381908,00001,30.0
381909,00001,165.0
382045,00001,30.0
382266,00001,30.0
382446,00001,92.0
382505,00001,182.0
382524,00001,60.0
382540,00001,94.0
382685,00001,71.0
382839,00001,114.0
382840,00001,38.0
382855,00001,30.0
382904,00001,30.0
382914,00001,67.0
382950,00001,64.0
382951,00001,70.0
382952,00001,87.0
382953,00001,85.0
382954,00001,79.0
382955,00001,69.0
382999,00001,38.0
383005,00001,30.0
383039,00001,127.0
383110,00001,719.0
38333,00001,167.0
383505,00001,66.0
384028,00001,147.0
3841,00001,60.0
384307,00001,410.0
384695,00001,477.0
385845,00001,573.0
385982,00001,200.0
386150,00001,89.0
386418,00001,92.0
386419,00001,99.0
38649,00001,534.0
386501,00001,60.0
386635,00001,63.0
386637,00001,36.0
386638,00001,34.0
386669,00001,145.0
386688,00001,30.0
386758,00001,30.0
386763,00001,30.0
386822,00001,56.0
386848,00001,214.0
386849,00001,287.0
386850,00001,87.0
386976,00001,70.0
387072,00001,97.0
387158,00001,679.0
387393,00001,34.0
387874,00001,207.0
388700,00001,65.0
388728,00001,72.0
388729,00001,58.0
388991,00001,56.0
388993,00001,75.0
389244,00001,3258.0
389274,00001,85.0
389478,00001,2117.0
389479,00001,311.0
389480,00001,2021.0
389481,00001,2995.0
389484,00001,30.0
389721,00001,107.0
389736,00001,89.0
389737,00001,120.0
389761,00001,30.0
389842,00001,154.0
389876,00001,69.0
390125,00001,68.0
390392,00001,198.0
390399,00001,91.0
390402,00001,173.0
390424,00001,30.0
390427,00001,92.0
390508,00001,30.0
390615,00001,314.0
390633,00001,289.0
390634,00001,138.0
390636,00001,38.0
390637,00001,59.0
390638,00001,113.0
390639,00001,163.0
390640,00001,401.0
390663,00001,173.0
390669,00001,60.0
390671,00001,95.0
390672,00001,64.0
390683,00001,30.0
390965,00001,61.0
390966,00001,34.0
391004,00001,215.0
391159,00001,61.0
391237,00001,36.0
391238,00001,30.0
391244,00001,331.0
391245,00001,116.0
391253,00001,282.0
392344,00001,133.0
392385,00001,79.0
392406,00001,65.0
392407,00001,62.0
392462,00001,61.0
392463,00001,51.0
392464,00001,64.0
392465,00001,71.0
392466,00001,64.0
392467,00001,64.0
392606,00001,34.0
392609,00001,30.0
392719,00001,1166.0
39285,00001,30.0
393063,00001,94.0
393214,00001,596.0
393215,00001,112.0
393301,00001,51.0
393400,00001,306.0
393457,00001,60.0
393486,00001,43.0
393487,00001,78.0
393490,00001,56.0
393491,00001,56.0
393506,00001,82.0
393540,00001,182.0
393541,00001,166.0
393561,00001,378.0
393567,00001,219.0
393776,00001,106.0
394055,00001,9120.0
394188,00001,30.0
394412,00001,30.0
394414,00001,30.0
394416,00001,38.0
394478,00001,87.0
394499,00001,595.0
394500,00001,233.0
394501,00001,406.0
394509,00001,166.0
394511,00001,671.0
394530,00001,42.0
394533,00001,58.0
394534,00001,60.0
394709,00001,31.0
394710,00001,34.0
39472,00001,50201.0
394910,00001,100.0
394929,00001,61.0
395002,00001,60.0
395005,00001,51.0
395008,00001,74.0
395009,00001,56.0
39591,00001,1438.0
39593,00001,485.0
39595,00001,159.0
395954,00001,35.0
396062,00001,102.0
396381,00001,65.0
396401,00001,30.0
396547,00001,47.0
396548,00001,30.0
396549,00001,30.0
396694,00001,30.0
396722,00001,123.0
39704,00001,30.0
39706,00001,30.0
397262,00001,41.0
397264,00001,65.0
397347,00001,34.0
397348,00001,68.0
397349,00001,57.0
397350,00001,72.0
397351,00001,73.0
397358,00001,162.0
397394,00001,194.0
397622,00001,125.0
397630,00001,89.0
397631,00001,101.0
397710,00001,172.0
397795,00001,61.0
397797,00001,40.0
397798,00001,60.0
398171,00001,159.0
398385,00001,259.0
398508,00001,60.0
398510,00001,42.0
398907,00001,101.0
399088,00001,60.0
399089,00001,176.0
399119,00001,78.0
3995,00001,56.0
399842,00001,3517.0
400075,00001,49.0
400077,00001,60.0
400199,00001,34.0
400516,00001,86.0
400527,00001,178.0
400528,00001,30.0
400742,00001,60.0
400743,00001,60.0
400744,00001,30.0
400756,00001,30.0
400758,00001,60.0
400759,00001,1274.0
400762,00001,84.0
400767,00001,107.0
400768,00001,219.0
400790,00001,143.0
4008,00001,1963.0
400825,00001,64.0
400826,00001,49.0
400828,00001,68.0
400930,00001,56.0
401006,00001,71.0
401499,00001,60.0
401556,00001,84.0
40159,00001,121.0
401640,00001,1481.0
402044,00001,30.0
402255,00001,721.0
402924,00001,42.0
402925,00001,89.0
402926,00001,30.0
402928,00001,63.0
402935,00001,55.0
402936,00001,92.0
402937,00001,48.0
402938,00001,96.0
403251,00001,37.0
403252,00001,52.0
403254,00001,58.0
403392,00001,47.0
403510,00001,155.0
403511,00001,102.0
403611,00001,594.0
403612,00001,792.0
403758,00001,55.0
403760,00001,60.0
403762,00001,46.0
403841,00001,106.0
403842,00001,79.0
403940,00001,79.0
403942,00001,67.0
403943,00001,81.0
403944,00001,42.0
403948,00001,60.0
403950,00001,173.0
403951,00001,64.0
403952,00001,133.0
403953,00001,44.0
403954,00001,69.0
403957,00001,62.0
403958,00001,49.0
403959,00001,137.0
403987,00001,3711.0
40399,00001,4673.0
404,00001,2257.0
40400,00001,420.0
40401,00001,153.0
40403,00001,1488.0
404135,00001,56.0
404296,00001,111.0
404297,00001,126.0
404343,00001,68.0
404457,00001,60.0
404458,00001,220.0
404521,00001,89.0
404523,00001,51.0
404525,00001,82.0
404526,00001,132.0
404528,00001,162.0
404530,00001,106.0
404531,00001,221.0
404801,00001,312.0
404803,00001,3734.0
404804,00001,840.0
404805,00001,83.0
404806,00001,228.0
404807,00001,331.0
405082,00001,195.0
405159,00001,90.0
405161,00001,33.0
405165,00001,92.0
405191,00001,68.0
405626,00001,2380.0
405628,00001,809.0
405631,00001,483.0
405679,00001,60.0
405732,00001,30.0
405733,00001,108.0
405734,00001,30.0
405735,00001,226.0
405736,00001,33.0
405796,00001,82.0
405800,00001,63.0
405801,00001,60.0
405964,00001,60.0
406018,00001,1431.0
406023,00001,57.0
406027,00001,57.0
406028,00001,87.0
406029,00001,108.0
406166,00001,104.0
406167,00001,178.0
406341,00001,34.0
406342,00001,60.0
406343,00001,30.0
406344,00001,55.0
406355,00001,450.0
406588,00001,30.0
406612,00001,144.0
406614,00001,121.0
406639,00001,30.0
406640,00001,30.0
406642,00001,59.0
406649,00001,30.0
406651,00001,75.0
406652,00001,45.0
406653,00001,67.0
406664,00001,34.0
406665,00001,37.0
406831,00001,65.0
406908,00001,496.0
407191,00001,118.0
407192,00001,78.0
407193,00001,55.0
407311,00001,106.0
407312,00001,96.0
407345,00001,30.0
407346,00001,30.0
407347,00001,39.0
407448,00001,87.0
407475,00001,38.0
407518,00001,30.0
407583,00001,78.0
407620,00001,34.0
407622,00001,58.0
407790,00001,541.0
407794,00001,93.0
407889,00001,41.0
407931,00001,31.0
407938,00001,66.0
407940,00001,73.0
407941,00001,68.0
407966,00001,86.0
408,00001,25044.0
408032,00001,238.0
408033,00001,72.0
408034,00001,407.0
408035,00001,159.0
408057,00001,30.0
408062,00001,30.0
408125,00001,34.0
408127,00001,135.0
408128,00001,108.0
408206,00001,555.0
408251,00001,30.0
408304,00001,83.0
408517,00001,58.0
408550,00001,96.0
408551,00001,139.0
408552,00001,30.0
408553,00001,30.0
408554,00001,60.0
408555,00001,31.0
408556,00001,48.0
408640,00001,84.0
408664,00001,61.0
408667,00001,30.0
408668,00001,57.0
408669,00001,30.0
408728,00001,30.0
408729,00001,41.0
408730,00001,60.0
408731,00001,60.0
408741,00001,30.0
409183,00001,53.0
409184,00001,39.0
409186,00001,38.0
409187,00001,30.0
409191,00001,303.0
409194,00001,59.0
409328,00001,30.0
409329,00001,54.0
409357,00001,55.0
409445,00001,41.0
409503,00001,142.0
409504,00001,443.0
409505,00001,41.0
409512,00001,79.0
409612,00001,60.0
409810,00001,30.0
409911,00001,60.0
409981,00001,89.0
409986,00001,550.0
410063,00001,30.0
410272,00001,37.0
410273,00001,1611.0
410455,00001,60.0
410592,00001,434.0
410863,00001,78.0
410864,00001,101.0
410865,00001,81.0
410866,00001,149.0
410867,00001,88.0
411074,00001,59.0
411076,00001,60.0
411262,00001,5829.0
411282,00001,123.0
411315,00001,39.0
411319,00001,65.0
411405,00001,86.0
411412,00001,34.0
4118,00001,244.0
411891,00001,52.0
411893,00001,60.0
411896,00001,37.0
411897,00001,64.0
412479,00001,60.0
412813,00001,78.0
412859,00001,21579.0
412891,00001,155.0
413062,00001,231.0
413063,00001,100.0
413064,00001,83.0
413082,00001,52.0
413088,00001,34.0
413179,00001,30.0
413180,00001,60.0
413552,00001,109.0
413555,00001,514.0
413557,00001,374.0
413558,00001,200.0
413560,00001,413.0
413562,00001,86.0
413926,00001,286.0
414179,00001,42.0
414222,00001,113.0
414224,00001,154.0
414225,00001,132.0
414229,00001,167.0
414519,00001,96.0
414617,00001,206.0
414681,00001,30.0
414683,00001,30.0
414736,00001,109.0
414739,00001,206.0
414741,00001,64.0
414759,00001,120.0
414762,00001,41.0
414763,00001,64.0
414788,00001,366.0
414870,00001,41.0
415023,00001,45.0
4152,00001,482.0
415227,00001,387.0
415234,00001,60.0
415237,00001,295.0
415238,00001,117.0
415239,00001,34.0
415256,00001,59.0
415399,00001,133.0
41542,00001,1231.0
416806,00001,188.0
417058,00001,94.0
417059,00001,68.0
417060,00001,55.0
41709,00001,145.0
417271,00001,90.0
417273,00001,72.0
417275,00001,40.0
417276,00001,75.0
417277,00001,149.0
417278,00001,63.0
417760,00001,34.0
417783,00001,64.0
417784,00001,53.0
417785,00001,48.0
41796,00001,2790.0
41801,00001,277.0
418046,00001,56.0
418234,00001,53.0
418235,00001,34.0
418236,00001,34.0
418239,00001,38.0
418246,00001,89.0
418247,00001,67.0
418248,00001,166.0
418249,00001,202.0
418250,00001,189.0
418302,00001,30.0
418306,00001,49.0
418307,00001,895.0
418308,00001,423.0
418309,00001,1613.0
418310,00001,86.0
418311,00001,60.0
418313,00001,59.0
418345,00001,30.0
418346,00001,30.0
418347,00001,55.0
418414,00001,96.0
418415,00001,161.0
418416,00001,90.0
418417,00001,38.0
418418,00001,78.0
418419,00001,72.0
418420,00001,30.0
418425,00001,30.0
418447,00001,64.0
418448,00001,34.0
418463,00001,35.0
418468,00001,36.0
418672,00001,90.0
418726,00001,30.0
418830,00001,456.0
418832,00001,253.0
418944,00001,42.0
418945,00001,34.0
418946,00001,247.0
418982,00001,60.0
419003,00001,30.0
419004,00001,30.0
419007,00001,83.0
419008,00001,109.0
419009,00001,164.0
419011,00001,88.0
419093,00001,59.0
419094,00001,52.0
419095,00001,96.0
419096,00001,61.0
419097,00001,38.0
419098,00001,156.0
419099,00001,57.0
419278,00001,34.0
419519,00001,124.0
419643,00001,96.0
420518,00001,300.0
420519,00001,59.0
420520,00001,82.0
420834,00001,341.0
420986,00001,87.0
421155,00001,60.0
421161,00001,61.0
42120,00001,1116.0
42135,00001,589.0
421726,00001,69.0
42231,00001,22667.0
422427,00001,30.0
422428,00001,30.0
422430,00001,44.0
422432,00001,34.0
422450,00001,72.0
422455,00001,30.0
422456,00001,79.0
422458,00001,57.0
422517,00001,30.0
422518,00001,34.0
422845,00001,32.0
422846,00001,30.0
423396,00001,77.0
424165,00001,59.0
424175,00001,53.0
424176,00001,31.0
424179,00001,60.0
424180,00001,63.0
424190,00001,293.0
4242,00001,290.0
42450,00001,32.0
42451,00001,60.0
424605,00001,115.0
424641,00001,140.0
424643,00001,34.0
424653,00001,30.0
42466,00001,56.0
42472,00001,59.0
424746,00001,30.0
424749,00001,30.0
42476,00001,37.0
424971,00001,430.0
424976,00001,231.0
424977,00001,138.0
425032,00001,34.0
425033,00001,34.0
425212,00001,30.0
425424,00001,1337.0
425425,00001,315.0
4255,00001,121.0
425544,00001,90.0
426638,00001,30.0
426639,00001,30.0
426640,00001,30.0
426641,00001,30.0
426653,00001,30.0
426654,00001,60.0
426655,00001,60.0
426656,00001,60.0
427394,00001,443.0
427395,00001,265.0
427396,00001,308.0
427397,00001,569.0
4282,00001,1203.0
42940,00001,458540.0
430328,00001,30.0
430565,00001,64.0
430566,00001,697.0
430577,00001,37.0
430578,00001,30.0
430693,00001,62.0
430694,00001,50.0
430738,00001,367.0
430976,00001,70.0
430983,00001,61.0
431598,00001,30.0
431602,00001,305.0
432380,00001,1257.0
43422,00001,271.0
43447,00001,30.0
43448,00001,213.0
43475,00001,60.0
43549,00001,4624.0
43550,00001,947.0
438569,00001,64.0
438570,00001,60.0
438571,00001,60.0
438572,00001,95.0
438574,00001,60.0
438575,00001,56.0
438576,00001,87.0
438578,00001,30.0
43859,00001,68.0
438590,00001,54.0
438592,00001,94.0
438593,00001,95.0
43860,00001,60.0
43861,00001,90.0
43909,00001,30.0
439877,00001,60.0
440034,00001,124.0
440036,00001,58.0
440547,00001,42.0
440548,00001,64.0
440623,00001,208.0
440625,00001,210.0
440649,00001,503.0
4408,00001,80.0
440990,00001,158.0
441115,00001,60.0
441118,00001,131.0
441119,00001,60.0
441497,00001,30.0
4415,00001,60.0
441516,00001,130.0
441518,00001,122.0
441520,00001,82.0
44239,00001,35.0
446353,00001,64.0
446615,00001,87.0
446618,00001,100.0
446619,00001,137.0
446624,00001,30.0
44705,00001,61.0
44706,00001,85.0
44707,00001,76.0
447627,00001,711.0
447684,00001,1505.0
447685,00001,334.0
447761,00001,60.0
447829,00001,75.0
448253,00001,257.0
448431,00001,57.0
448519,00001,1747.0
448624,00001,141.0
44870,00001,701.0
448951,00001,64.0
448952,00001,73.0
449141,00001,60.0
449186,00001,30.0
449191,00001,59.0
449194,00001,127.0
449196,00001,30.0
449198,00001,57.0
449233,00001,99.0
449236,00001,341.0
449302,00001,30.0
449361,00001,30.0
449391,00001,106.0
449398,00001,57.0
449421,00001,30.0
449426,00001,41.0
449450,00001,60.0
449526,00001,404.0
449621,00001,53.0
449636,00001,31.0
449637,00001,60.0
449655,00001,30.0
4497,00001,88.0
449726,00001,90.0
449728,00001,90.0
449782,00001,37.0
449785,00001,33.0
449790,00001,95.0
449794,00001,38.0
449951,00001,105.0
449974,00001,46.0
450007,00001,30.0
450122,00001,130.0
450169,00001,221.0
450170,00001,51.0
450199,00001,48.0
450200,00001,30.0
450201,00001,60.0
450311,00001,60.0
450312,00001,34.0
450314,00001,30.0
450315,00001,30.0
450316,00001,34.0
450317,00001,30.0
450344,00001,159.0
450345,00001,205.0
450346,00001,120.0
450347,00001,84.0
450348,00001,138.0
450349,00001,89.0
450350,00001,60.0
450351,00001,185.0
450399,00001,88.0
450782,00001,35.0
451003,00001,32.0
451008,00001,95.0
451231,00001,30.0
451233,00001,60.0
451234,00001,60.0
451235,00001,52.0
451236,00001,47.0
451237,00001,594.0
451423,00001,128.0
451445,00001,36.0
451477,00001,30.0
451479,00001,198.0
451481,00001,3485.0
451482,00001,159.0
451555,00001,30.0
451556,00001,30.0
451592,00001,30.0
451611,00001,56.0
451678,00001,48.0
451729,00001,77.0
451730,00001,259.0
451731,00001,107.0
451846,00001,40.0
451847,00001,30.0
451848,00001,45.0
451851,00001,47.0
452331,00001,64.0
452369,00001,390.0
452382,00001,100.0
45245,00001,111.0
452652,00001,97.0
453244,00001,30.0
453426,00001,170.0
453440,00001,70878.0
453737,00001,91.0
453738,00001,59.0
453861,00001,30.0
453873,00001,46.0
453876,00001,124.0
453943,00001,60.0
454030,00001,60.0
454105,00001,126.0
454140,00001,84.0
454172,00001,92.0
454174,00001,30.0
454175,00001,30.0
454176,00001,30.0
454178,00001,47.0
454189,00001,36.0
454203,00001,30.0
454354,00001,87.0
454361,00001,226.0
454372,00001,48.0
454520,00001,334.0
454522,00001,85.0
454548,00001,33.0
454825,00001,30.0
454828,00001,39.0
454829,00001,144.0
454846,00001,64.0
454849,00001,47.0
454881,00001,60.0
454982,00001,60.0
4550,00001,397.0
45500,00001,71.0
455321,00001,81.0
455322,00001,89.0
455430,00001,109.0
455436,00001,97.0
455535,00001,34.0
455585,00001,60.0
455616,00001,30.0
455784,00001,55.0
456401,00001,98.0
456593,00001,122.0
456685,00001,100.0
4567,00001,63.0
456852,00001,56.0
456854,00001,320.0
456967,00001,60.0
456970,00001,34.0
456973,00001,87.0
456976,00001,32.0
457040,00001,146.0
457044,00001,42.0
457075,00001,63.0
457111,00001,47.0
457113,00001,30.0
457133,00001,34.0
457137,00001,87.0
457138,00001,32.0
457195,00001,76.0
457283,00001,110.0
457425,00001,62.0
457443,00001,79.0
457562,00001,60.0
457680,00001,30.0
457860,00001,38.0
4580,00001,222.0
45804,00001,30.0
458076,00001,46.0
458272,00001,108.0
458273,00001,119.0
458975,00001,56.0
459029,00001,30.0
459655,00001,80.0
459755,00001,6331.0
459897,00001,65.0
459950,00001,64.0
459977,00001,4382.0
460450,00001,61.0
460540,00001,69.0
460543,00001,56.0
460774,00001,131.0
460775,00001,59.0
460831,00001,60.0
460833,00001,85.0
460835,00001,129.0
460840,00001,78.0
460841,00001,78.0
460842,00001,109.0
460844,00001,98.0
460851,00001,61.0
461075,00001,87.0
461077,00001,121.0
461239,00001,83.0
461253,00001,64.0
461255,00001,35.0
461258,00001,94.0
461357,00001,130.0
461360,00001,89.0
461689,00001,60.0
461693,00001,30.0
461697,00001,60.0
461701,00001,30.0
461704,00001,56.0
461760,00001,52.0
462231,00001,34.0
462232,00001,30.0
462237,00001,30.0
462238,00001,39.0
462497,00001,5041.0
462737,00001,64.0
462738,00001,60.0
462742,00001,101.0
462744,00001,126.0
462745,00001,173.0
462746,00001,364.0
462747,00001,139.0
462748,00001,199.0
463021,00001,62.0
463149,00001,75.0
463161,00001,52.0
463195,00001,60.0
463229,00001,68.0
463264,00001,30.0
463265,00001,45.0
463275,00001,87.0
463278,00001,66.0
463283,00001,103.0
463358,00001,30.0
463376,00001,31.0
463377,00001,48.0
463378,00001,35.0
463379,00001,30.0
463381,00001,30.0
463385,00001,32.0
463386,00001,127.0
463387,00001,64.0
463388,00001,39.0
463389,00001,60.0
463400,00001,85.0
463498,00001,57.0
463580,00001,53.0
463581,00001,50.0
4637,00001,88.0
463709,00001,33.0
464180,00001,34.0
464198,00001,105.0
46479,00001,3073.0
46499,00001,3301.0
46503,00001,845.0
46713,00001,16779.0
4680,00001,297.0
468360,00001,82.0
468361,00001,140.0
468395,00001,137.0
468515,00001,972.0
46853,00001,16494.0
468844,00001,38.0
469158,00001,350.0
469196,00001,64.0
469231,00001,105.0
469298,00001,51.0
469701,00001,30.0
469702,00001,50.0
469709,00001,48.0
469710,00001,30.0
469934,00001,302.0
469935,00001,62.0
470176,00001,89.0
470178,00001,141.0
470180,00001,134.0
470501,00001,34.0
47071,00001,1548.0
47072,00001,1015.0
470814,00001,237.0
471189,00001,58.0
471297,00001,184.0
471448,00001,49.0
471451,00001,194.0
471462,00001,58.0
471465,00001,73.0
47160,00001,55.0
471646,00001,87.0
47168,00001,149.0
47173,00001,30.0
471755,00001,34.0
471770,00001,48.0
471771,00001,30.0
471947,00001,55.0
471948,00001,60.0
471949,00001,60.0
47195,00001,74.0
471950,00001,48.0
472193,00001,264.0
47261,00001,152.0
472921,00001,680.0
473181,00001,30.0
473232,00001,383.0
473657,00001,2957.0
47368,00001,38.0
473875,00001,60.0
47388,00001,50837.0
473915,00001,63.0
473916,00001,30.0
473917,00001,61.0
473918,00001,61.0
473919,00001,60.0
473920,00001,767.0
473921,00001,413.0
473928,00001,38.0
473929,00001,66.0
473932,00001,335.0
474351,00001,69.0
474717,00001,60.0
474986,00001,249.0
475003,00001,60.0
475193,00001,47.0
475194,00001,45.0
475212,00001,119.0
475215,00001,30.0
475216,00001,30.0
475219,00001,30.0
475558,00001,30.0
475894,00001,64.0
475895,00001,60.0
475940,00001,134.0
475944,00001,351.0
476123,00001,35.0
476124,00001,64.0
476148,00001,58.0
476155,00001,238.0
476206,00001,142.0
476212,00001,42.0
476219,00001,30.0
476235,00001,30.0
476250,00001,185.0
476362,00001,50.0
476642,00001,319.0
476648,00001,1812.0
477205,00001,129.0
477206,00001,167.0
477207,00001,141.0
477208,00001,70.0
477209,00001,93.0
477210,00001,102.0
477265,00001,835.0
477266,00001,79.0
477325,00001,83.0
477574,00001,453.0
477575,00001,253.0
477732,00001,59.0
477733,00001,60.0
477876,00001,52.0
478160,00001,719.0
478346,00001,184.0
478347,00001,64.0
478348,00001,72.0
478349,00001,90.0
478352,00001,15872.0
478353,00001,17530.0
478382,00001,75.0
478512,00001,64.0
478513,00001,77.0
4790,00001,94.0
479663,00001,495.0
479664,00001,324.0
479666,00001,30.0
479800,00001,188.0
480077,00001,58.0
480418,00001,112.0
480492,00001,43.0
48051,00001,34.0
481164,00001,97.0
481168,00001,199.0
481177,00001,245.0
481178,00001,30.0
481592,00001,69.0
481596,00001,97.0
481597,00001,255.0
481767,00001,2559.0
481768,00001,31.0
48180,00001,254.0
481826,00001,163.0
482160,00001,30.0
482161,00001,42.0
482162,00001,55.0
482163,00001,34.0
482165,00001,43.0
482170,00001,35.0
482171,00001,30.0
482172,00001,45.0
482182,00001,30.0
482183,00001,30.0
483046,00001,27266.0
483438,00001,79.0
483801,00001,46.0
48402,00001,241.0
484228,00001,41.0
484229,00001,830.0
484230,00001,983.0
484231,00001,737.0
484232,00001,968.0
484234,00001,58.0
484236,00001,30.0
484238,00001,91.0
484239,00001,51.0
484361,00001,270.0
484534,00001,1265.0
485109,00001,63.0
485256,00001,86.0
485529,00001,122.0
485588,00001,287.0
485840,00001,105.0
4860,00001,58.0
48608,00001,141.0
486436,00001,48.0
4873,00001,149.0
487406,00001,70.0
487754,00001,30.0
488101,00001,30.0
488102,00001,41.0
488170,00001,30.0
488175,00001,39.0
488177,00001,56.0
488286,00001,262.0
488467,00001,56.0
488626,00001,1169.0
488748,00001,82.0
4888,00001,98.0
489178,00001,45.0
489193,00001,177.0
489194,00001,129.0
48949,00001,92.0
491470,00001,60.0
491498,00001,99.0
491516,00001,205.0
491517,00001,214.0
4916,00001,257.0
491669,00001,900.0
491697,00001,37.0
491768,00001,48.0
491774,00001,1391.0
491839,00001,72.0
491841,00001,112.0
491970,00001,30.0
491994,00001,90.0
492075,00001,2118.0
492154,00001,697.0
492155,00001,202.0
492162,00001,56.0
492196,00001,30.0
492256,00001,163.0
492257,00001,48.0
492261,00001,412.0
492263,00001,34.0
492264,00001,34.0
492265,00001,64.0
492266,00001,43.0
492267,00001,58.0
492268,00001,30.0
492269,00001,60.0
492270,00001,42.0
492271,00001,64.0
492272,00001,59.0
492275,00001,30.0
492277,00001,38.0
492278,00001,39.0
492280,00001,57.0
492281,00001,87.0
492398,00001,130.0
492403,00001,63.0
492635,00001,35.0
492636,00001,39.0
492638,00001,122.0
492640,00001,128.0
492641,00001,43.0
492705,00001,33.0
492755,00001,64.0
493066,00001,89.0
493197,00001,86.0
493198,00001,60.0
493225,00001,54.0
493461,00001,78.0
493516,00001,77.0
493976,00001,64.0
493977,00001,47.0
494081,00001,60.0
494083,00001,30.0
494084,00001,30.0
494129,00001,40.0
494249,00001,2619.0
494254,00001,2977.0
494265,00001,19227.0
494267,00001,1099.0
494270,00001,368.0
494279,00001,3522.0
494550,00001,48.0
494896,00001,56.0
494897,00001,30.0
494898,00001,42.0
494943,00001,47913.0
494944,00001,93.0
494947,00001,39606.0
494948,00001,305.0
494949,00001,538.0
495153,00001,50.0
495154,00001,30.0
495178,00001,64.0
495179,00001,60.0
495182,00001,63.0
495183,00001,72.0
495217,00001,30.0
495221,00001,30.0
495223,00001,30.0
495224,00001,30.0
495225,00001,31.0
495340,00001,90.0
495511,00001,73.0
495536,00001,39.0
495767,00001,1761.0
495867,00001,176.0
495868,00001,377.0
495906,00001,89.0
495909,00001,60.0
495910,00001,69.0
495911,00001,64.0
495912,00001,60.0
495933,00001,9347.0
495934,00001,35557.0
496031,00001,30.0
496042,00001,256.0
496352,00001,17030.0
496486,00001,30.0
496493,00001,30.0
496495,00001,34.0
496497,00001,89.0
496498,00001,82.0
496499,00001,30.0
496703,00001,30.0
496704,00001,42.0
496705,00001,43.0
496706,00001,34.0
496707,00001,53.0
496709,00001,116.0
496711,00001,60.0
496712,00001,69.0
496867,00001,56.0
497119,00001,60.0
497120,00001,60.0
497121,00001,69.0
497122,00001,100.0
497152,00001,48.0
497153,00001,30.0
497154,00001,64.0
497155,00001,30.0
498434,00001,64.0
498530,00001,90.0
498679,00001,30.0
498681,00001,43.0
498700,00001,42.0
498940,00001,64.0
498941,00001,34.0
498942,00001,38.0
498943,00001,59.0
498944,00001,36.0
498945,00001,48.0
498949,00001,78.0
498950,00001,60.0
499013,00001,30.0
499015,00001,60.0
499017,00001,30.0
499085,00001,1231.0
49910,00001,146.0
499119,00001,65.0
499154,00001,64.0
499155,00001,30.0
499156,00001,30.0
499723,00001,55.0
499897,00001,63.0
499993,00001,64.0
499995,00001,63.0
500482,00001,35.0
500759,00001,30.0
500762,00001,35.0
500770,00001,16658.0
500815,00001,214.0
501033,00001,793.0
501567,00001,122.0
501568,00001,60.0
501571,00001,60.0
501572,00001,59.0
502097,00001,60.0
502109,00001,58.0
502156,00001,65.0
502163,00001,60.0
502431,00001,58.0
502490,00001,300.0
502491,00001,68.0
502532,00001,30.0
502598,00001,306.0
502599,00001,377.0
502786,00001,127.0
502787,00001,202.0
502788,00001,153.0
502789,00001,209.0
502841,00001,87.0
502903,00001,160.0
502926,00001,214.0
502927,00001,178.0
502928,00001,38.0
502929,00001,153.0
502930,00001,155.0
502931,00001,271.0
502932,00001,343.0
502933,00001,162.0
502934,00001,211.0
502935,00001,171.0
502936,00001,238.0
502937,00001,130.0
502940,00001,113.0
50297,00001,30.0
502978,00001,299.0
503180,00001,74.0
503182,00001,60.0
503184,00001,61.0
503189,00001,89.0
503191,00001,30.0
503202,00001,30.0
503203,00001,34.0
5034,00001,60.0
503479,00001,187.0
503480,00001,30.0
504248,00001,335.0
504249,00001,497.0
504251,00001,303.0
504255,00001,413.0
504269,00001,879.0
504272,00001,339.0
504273,00001,274.0
504278,00001,1104.0
504279,00001,380.0
5043,00001,66.0
504344,00001,36.0
504559,00001,60.0
504561,00001,39.0
504562,00001,60.0
504564,00001,30.0
504565,00001,42.0
504636,00001,35.0
50473,00001,81.0
505107,00001,30.0
505109,00001,101.0
505115,00001,244.0
505116,00001,90.0
505117,00001,92.0
505163,00001,34.0
505235,00001,159.0
505356,00001,34.0
505570,00001,95.0
505571,00001,59.0
505612,00001,1055.0
505613,00001,239.0
505614,00001,215.0
505615,00001,312.0
505857,00001,39.0
505861,00001,34.0
505872,00001,92.0
505873,00001,71.0
505875,00001,142.0
506033,00001,34.0
506321,00001,59.0
506490,00001,324.0
506491,00001,30.0
506492,00001,30.0
506493,00001,30.0
506494,00001,38.0
506511,00001,77.0
506512,00001,30.0
506787,00001,99.0
506788,00001,87.0
506789,00001,65.0
506790,00001,78.0
506798,00001,145.0
507,00001,78.0
507259,00001,42.0
507335,00001,64.0
507611,00001,457.0
507612,00001,265.0
507661,00001,33.0
507917,00001,53.0
508,00001,902.0
508007,00001,515.0
508008,00001,810.0
508233,00001,120.0
508237,00001,85.0
508327,00001,33.0
508328,00001,34.0
508329,00001,129.0
508334,00001,30.0
508500,00001,62.0
508504,00001,30.0
508508,00001,70.0
508535,00001,30.0
508539,00001,30.0
508554,00001,30.0
508569,00001,36.0
508570,00001,30.0
508581,00001,30.0
508583,00001,56.0
508625,00001,52.0
508979,00001,2529.0
509050,00001,51.0
509221,00001,57.0
509427,00001,30.0
509428,00001,33.0
50944,00001,230.0
50946,00001,151.0
509981,00001,46.0
510022,00001,96.0
510510,00001,191.0
510511,00001,168.0
510512,00001,152.0
510513,00001,103.0
510514,00001,275.0
510606,00001,60.0
510673,00001,124.0
510674,00001,162.0
510675,00001,148.0
510676,00001,32.0
510677,00001,114.0
510678,00001,82.0
510679,00001,60.0
510681,00001,47.0
510687,00001,242.0
510694,00001,67.0
510699,00001,47.0
510700,00001,48.0
510707,00001,30.0
510708,00001,60.0
510711,00001,64.0
510712,00001,60.0
510713,00001,57.0
510714,00001,60.0
510715,00001,54.0
510718,00001,56.0
510719,00001,52.0
510722,00001,35.0
510723,00001,40.0
510724,00001,72.0
510813,00001,31.0
51082,00001,35.0
511003,00001,345.0
511004,00001,320.0
511036,00001,152.0
511041,00001,268.0
511042,00001,702.0
511043,00001,288.0
511121,00001,65.0
511336,00001,60.0
511337,00001,102.0
511338,00001,54.0
511339,00001,130.0
511340,00001,34.0
511341,00001,85.0
511716,00001,30.0
511735,00001,30.0
511736,00001,61.0
511737,00001,30.0
511739,00001,38.0
511741,00001,81.0
511742,00001,30.0
511743,00001,56.0
511814,00001,37.0
511816,00001,80.0
511818,00001,60.0
511820,00001,53.0
511822,00001,56.0
511830,00001,214.0
511831,00001,58.0
511832,00001,30.0
511837,00001,139.0
511839,00001,59.0
511840,00001,66.0
511874,00001,38.0
511875,00001,56.0
511876,00001,30.0
511877,00001,50.0
511878,00001,60.0
511879,00001,155.0
511880,00001,274.0
511886,00001,30.0
511887,00001,30.0
511888,00001,370.0
511896,00001,30.0
511904,00001,60.0
511907,00001,94.0
511913,00001,69.0
511914,00001,65.0
511916,00001,44.0
511918,00001,58.0
511921,00001,53.0
511928,00001,56.0
511934,00001,119.0
511937,00001,90.0
511944,00001,30.0
511954,00001,216.0
511956,00001,228.0
511959,00001,114.0
511960,00001,30.0
511961,00001,31.0
512215,00001,723.0
512225,00001,30.0
512228,00001,30.0
512231,00001,52.0
512233,00001,38.0
512240,00001,136.0
512301,00001,175.0
512302,00001,95.0
512303,00001,313.0
51239,00001,63.0
51240,00001,72.0
512418,00001,83.0
512419,00001,91.0
512422,00001,71.0
512460,00001,30.0
512649,00001,34.0
512977,00001,64.0
513097,00001,30.0
513150,00001,61.0
513268,00001,64.0
513515,00001,79.0
513568,00001,79.0
513585,00001,53.0
513587,00001,30.0
513606,00001,60.0
513608,00001,38.0
513616,00001,94.0
513620,00001,69.0
513636,00001,33.0
513761,00001,89.0
513766,00001,105.0
513767,00001,30.0
513864,00001,30.0
513865,00001,30.0
513866,00001,30.0
513867,00001,30.0
514031,00001,34.0
514032,00001,38.0
514040,00001,58.0
514046,00001,47.0
514053,00001,69.0
514070,00001,64.0
514071,00001,49.0
514072,00001,77.0
514075,00001,55.0
514089,00001,34.0
514294,00001,33.0
514296,00001,64.0
514310,00001,60.0
514412,00001,34.0
514413,00001,3247.0
514417,00001,34.0
514418,00001,46.0
514420,00001,68.0
514421,00001,68.0
514510,00001,35.0
514653,00001,56.0
514657,00001,34.0
514746,00001,59.0
514753,00001,30.0
514811,00001,60.0
514812,00001,48.0
514840,00001,87.0
514845,00001,90.0
515146,00001,55.0
515241,00001,30.0
515242,00001,30.0
515243,00001,30.0
515244,00001,30.0
515245,00001,30.0
515246,00001,30.0
515247,00001,30.0
515613,00001,34.0
515781,00001,225.0
515784,00001,130.0
515908,00001,34.0
515909,00001,64.0
515915,00001,39.0
515920,00001,63.0
515921,00001,84.0
515922,00001,60.0
515928,00001,80.0
515981,00001,60.0
515982,00001,50.0
515983,00001,30.0
515985,00001,30.0
515990,00001,30.0
515992,00001,85.0
515993,00001,60.0
515994,00001,68.0
516028,00001,62195.0
516029,00001,354.0
516229,00001,59.0
516359,00001,30.0
517419,00001,64.0
517448,00001,272.0
51767,00001,69.0
51782,00001,145.0
518454,00001,370.0
518456,00001,172.0
518691,00001,30.0
5191,00001,81.0
519209,00001,324.0
519229,00001,286.0
519525,00001,123.0
519530,00001,142.0
519531,00001,2109.0
519533,00001,287.0
519598,00001,60.0
519599,00001,60.0
519687,00001,60.0
519796,00001,85.0
519797,00001,63.0
519798,00001,60.0
519799,00001,33.0
519801,00001,30.0
519805,00001,30.0
519806,00001,30.0
519807,00001,35.0
519934,00001,161.0
519935,00001,209.0
519937,00001,213.0
520777,00001,46.0
520819,00001,256.0
521010,00001,50.0
521011,00001,30.0
521012,00001,60.0
521013,00001,56.0
521082,00001,60.0
521083,00001,60.0
521084,00001,32.0
521086,00001,59.0
521095,00001,60.0
521099,00001,93.0
521201,00001,587.0
522734,00001,8723.0
522736,00001,211.0
522737,00001,1133.0
522738,00001,89.0
523002,00001,48.0
523003,00001,30.0
523006,00001,34.0
523472,00001,159.0
523473,00001,102.0
523485,00001,64.0
523921,00001,93.0
523922,00001,60.0
523923,00001,82.0
523984,00001,60.0
523985,00001,33.0
523986,00001,30.0
523987,00001,30.0
523989,00001,60.0
523990,00001,102.0
523995,00001,143.0
524094,00001,701.0
524116,00001,2314.0
524117,00001,286.0
524119,00001,55.0
524121,00001,56.0
524122,00001,48.0
524135,00001,90.0
524211,00001,30.0
52425,00001,921.0
5244,00001,41.0
524556,00001,108.0
52483,00001,115.0
525066,00001,60.0
525067,00001,2633.0
525201,00001,2702.0
525203,00001,30.0
525204,00001,93.0
52582,00001,82.0
526085,00001,47.0
526307,00001,109.0
526308,00001,95.0
526309,00001,34.0
526310,00001,49.0
526311,00001,58.0
526312,00001,160.0
526804,00001,196.0
526805,00001,94.0
526806,00001,144.0
527126,00001,60.0
527489,00001,84.0
528532,00001,94.0
528535,00001,30.0
528536,00001,30.0
528537,00001,30.0
5289,00001,82.0
52924,00001,155.0
529733,00001,164.0
529739,00001,71.0
531222,00001,17139.0
531446,00001,60.0
531447,00001,64.0
531789,00001,45.0
531790,00001,44.0
531791,00001,350.0
531793,00001,33189.0
531794,00001,369.0
531795,00001,154.0
531796,00001,182.0
531797,00001,113.0
531798,00001,38.0
531799,00001,62.0
531800,00001,33.0
531801,00001,194.0
531802,00001,30.0
532718,00001,36.0
532719,00001,81.0
532723,00001,68.0
532724,00001,64.0
533462,00001,1158.0
533468,00001,30.0
533573,00001,110.0
533673,00001,52.0
533674,00001,120.0
533675,00001,69.0
533676,00001,30.0
533677,00001,30.0
533678,00001,54.0
533679,00001,82.0
533680,00001,83.0
533681,00001,202.0
533682,00001,34.0
533706,00001,166.0
533735,00001,91.0
533821,00001,155.0
533822,00001,89.0
533823,00001,291.0
533824,00001,165.0
533848,00001,663.0
533849,00001,670.0
5344,00001,218.0
534540,00001,91.0
534580,00001,103.0
5346,00001,73.0
534603,00001,90.0
534678,00001,63.0
534679,00001,156.0
534699,00001,38.0
534753,00001,52.0
535121,00001,217.0
535303,00001,130.0
535308,00001,97.0
535433,00001,48.0
535648,00001,30.0
535917,00001,30.0
535925,00001,72.0
535927,00001,92.0
535929,00001,69.0
535932,00001,105.0
535933,00001,30.0
535934,00001,30.0
536997,00001,30.0
5371,00001,168.0
537104,00001,138.0
537105,00001,90.0
537106,00001,73.0
537169,00001,58.0
537170,00001,60.0
537171,00001,69.0
537173,00001,82.0
537174,00001,66.0
537175,00001,59.0
537176,00001,71.0
537177,00001,30.0
537198,00001,46.0
537442,00001,56.0
538044,00001,55.0
538047,00001,52.0
538204,00001,43.0
538603,00001,219.0
538870,00001,191.0
53905,00001,120.0
539190,00001,99.0
539403,00001,90.0
539404,00001,93.0
539683,00001,83.0
539684,00001,149.0
539685,00001,82.0
539686,00001,81.0
53978,00001,89.0
54107,00001,35.0
541426,00001,975.0
541427,00001,767.0
541517,00001,177.0
541518,00001,436.0
541558,00001,60.0
541571,00001,87.0
541592,00001,74.0
541619,00001,30.0
541620,00001,30.0
541621,00001,66.0
541622,00001,34.0
541623,00001,34.0
541624,00001,30.0
541625,00001,40.0
5420,00001,34.0
542935,00001,65.0
542936,00001,60.0
543028,00001,153.0
543078,00001,30.0
543700,00001,30.0
545,00001,1514.0
545042,00001,57.0
545125,00001,60.0
545587,00001,621.0
545588,00001,167.0
545589,00001,261.0
545590,00001,2521.0
545628,00001,57.0
545629,00001,86.0
546080,00001,113.0
546206,00001,38.0
546209,00001,91.0
54623,00001,417.0
54626,00001,766.0
546510,00001,120.0
54662,00001,225.0
54678,00001,307.0
547006,00001,34.0
547712,00001,30.0
547849,00001,60.0
547852,00001,34.0
547853,00001,35.0
547854,00001,46.0
547855,00001,60.0
54794,00001,1575.0
5489,00001,418.0
549092,00001,34.0
5496,00001,60.0
550879,00001,200.0
550887,00001,222.0
550888,00001,116.0
55118,00001,96.0
551494,00001,543.0
551526,00001,106.0
551783,00001,90.0
552105,00001,113.0
552106,00001,183.0
552108,00001,162.0
552109,00001,117.0
552110,00001,218.0
552160,00001,34.0
552161,00001,30.0
552162,00001,30.0
552163,00001,30.0
552164,00001,34.0
552165,00001,30.0
552166,00001,30.0
552167,00001,30.0
552168,00001,83.0
552169,00001,68.0
552170,00001,64.0
552317,00001,463.0
5535,00001,977.0
553538,00001,60.0
55357,00001,221.0
553876,00001,59.0
554137,00001,139.0
554158,00001,74.0
554169,00001,30.0
554665,00001,52.0
554703,00001,35.0
555269,00001,115.0
555270,00001,109.0
555271,00001,245.0
555272,00001,69.0
555297,00001,56.0
555681,00001,30.0
555727,00001,294.0
555768,00001,82.0
555806,00001,60.0
555881,00001,30.0
555890,00001,59.0
555893,00001,60.0
555904,00001,30.0
555933,00001,58.0
556176,00001,30.0
556178,00001,33.0
55633,00001,2221.0
5566,00001,122.0
556677,00001,90.0
556685,00001,52.0
556686,00001,90.0
556790,00001,30.0
556791,00001,81.0
556792,00001,122.0
556794,00001,52.0
557116,00001,94.0
557117,00001,99.0
557580,00001,48.0
557838,00001,94.0
557839,00001,90.0
557856,00001,35.0
557857,00001,60.0
557859,00001,34.0
557860,00001,30.0
558,00001,1405.0
558131,00001,30.0
558132,00001,30.0
558133,00001,30.0
55899,00001,257.0
559041,00001,64.0
559053,00001,60.0
559060,00001,86.0
559061,00001,60.0
559062,00001,30.0
55921,00001,5363.0
5595,00001,115.0
559596,00001,68.0
559781,00001,30.0
559792,00001,205.0
560386,00001,203.0
560387,00001,60.0
560573,00001,54.0
5609,00001,80.0
561565,00001,98.0
561568,00001,95.0
562004,00001,69.0
562005,00001,78.0
562006,00001,39.0
562007,00001,52.0
562008,00001,30.0
562026,00001,91.0
562145,00001,182.0
562146,00001,141.0
562147,00001,138.0
562484,00001,99.0
562519,00001,101.0
562521,00001,30.0
562523,00001,101.0
562525,00001,53.0
562526,00001,48.0
562527,00001,191.0
562528,00001,64.0
562529,00001,79.0
562531,00001,55.0
562710,00001,105.0
562711,00001,341.0
562785,00001,30.0
562786,00001,34.0
562787,00001,30.0
562788,00001,35.0
562791,00001,111.0
562792,00001,115.0
562793,00001,110.0
562794,00001,89.0
562795,00001,98.0
562796,00001,64.0
563153,00001,68.0
563156,00001,210.0
563160,00001,47.0
563161,00001,60.0
563163,00001,60.0
563165,00001,30.0
563306,00001,72.0
563468,00001,69.0
563469,00001,112.0
563534,00001,62.0
563536,00001,68.0
564048,00001,30.0
564063,00001,97.0
564064,00001,212.0
564202,00001,95.0
564557,00001,108.0
564558,00001,30.0
564566,00001,33.0
564587,00001,60.0
564928,00001,30.0
565117,00001,36891.0
565118,00001,6200.0
565119,00001,188.0
565120,00001,92.0
565121,00001,1139.0
565122,00001,234.0
565123,00001,181.0
565124,00001,1168.0
565125,00001,1013.0
565126,00001,266.0
565127,00001,940.0
565193,00001,74.0
565255,00001,30.0
565871,00001,31163.0
566557,00001,31.0
566567,00001,207.0
566568,00001,348.0
566748,00001,34.0
566752,00001,112.0
566818,00001,34.0
567317,00001,761.0
567332,00001,6080.0
567439,00001,41.0
567440,00001,432.0
567473,00001,82.0
567475,00001,87.0
567782,00001,30.0
567783,00001,30.0
567784,00001,30.0
567785,00001,30.0
567786,00001,30.0
567787,00001,30.0
567788,00001,30.0
567789,00001,30.0
567791,00001,30.0
567792,00001,30.0
567794,00001,82.0
567795,00001,253.0
567796,00001,127.0
567797,00001,41.0
567811,00001,60.0
567812,00001,30.0
568160,00001,740.0
568321,00001,69.0
568346,00001,83.0
569634,00001,90.0
569636,00001,30.0
569768,00001,65.0
569769,00001,546.0
569770,00001,51.0
569771,00001,30.0
569772,00001,326.0
569773,00001,1003.0
569774,00001,93.0
569775,00001,126.0
569776,00001,66.0
569921,00001,45.0
569924,00001,30.0
569927,00001,37.0
570001,00001,166.0
570524,00001,56.0
570525,00001,56.0
570526,00001,53.0
570527,00001,65.0
570583,00001,75.0
570710,00001,34.0
570711,00001,49.0
570713,00001,395.0
570739,00001,211.0
570745,00001,1544.0
570746,00001,636.0
571038,00001,30.0
571039,00001,34.0
571102,00001,31.0
571339,00001,30.0
571340,00001,30.0
571391,00001,56.0
571457,00001,593.0
571534,00001,35.0
571535,00001,48.0
571536,00001,44.0
571563,00001,1433.0
571564,00001,4620.0
571890,00001,30.0
571891,00001,34.0
572715,00001,38.0
574806,00001,64.0
57486,00001,544.0
57487,00001,477.0
57488,00001,1492.0
574988,00001,83.0
576226,00001,93.0
576227,00001,65.0
576228,00001,68.0
576252,00001,42.0
576253,00001,42.0
576743,00001,30.0
576744,00001,30.0
576821,00001,67.0
57683,00001,38.0
578304,00001,30.0
578707,00001,120.0
578743,00001,245.0
579025,00001,57.0
579026,00001,77.0
579027,00001,74.0
579028,00001,66.0
579240,00001,112.0
579241,00001,63.0
579242,00001,56.0
579243,00001,121.0
579258,00001,169.0
579259,00001,183.0
579700,00001,34.0
579713,00001,3371.0
580058,00001,34.0
580651,00001,93.0
580661,00001,9295.0
580718,00001,100.0
580719,00001,157.0
580722,00001,87.0
580726,00001,106.0
580731,00001,34.0
580732,00001,34.0
580733,00001,48.0
580734,00001,30.0
580758,00001,130.0
580766,00001,200.0
580767,00001,68.0
580768,00001,69.0
580769,00001,87.0
580850,00001,30.0
580851,00001,35.0
580852,00001,38.0
580853,00001,30.0
581012,00001,88.0
581014,00001,90.0
581015,00001,130.0
581127,00001,53.0
581133,00001,59.0
581141,00001,30.0
581142,00001,30.0
581150,00001,30.0
581151,00001,669.0
581294,00001,60.0
581300,00001,30.0
581302,00001,39.0
581304,00001,31.0
581305,00001,30.0
581306,00001,56.0
581307,00001,60.0
581308,00001,60.0
581309,00001,35.0
581599,00001,60.0
581600,00001,38.0
581601,00001,54.0
581603,00001,30.0
581606,00001,30.0
581609,00001,34.0
581612,00001,30.0
581613,00001,30.0
581623,00001,73.0
581625,00001,75.0
581627,00001,68.0
581629,00001,138.0
581631,00001,60.0
581632,00001,89.0
581634,00001,138.0
581636,00001,116.0
581638,00001,165.0
581640,00001,212.0
581642,00001,35.0
581644,00001,30.0
581779,00001,124.0
581781,00001,86.0
581783,00001,134.0
581784,00001,86.0
581786,00001,60.0
581788,00001,104.0
581790,00001,90.0
581792,00001,172.0
581969,00001,6075.0
582352,00001,34.0
582353,00001,60.0
582354,00001,60.0
582555,00001,30.0
582699,00001,30.0
582807,00001,38.0
582809,00001,30.0
582816,00001,222.0
582817,00001,297.0
582818,00001,108.0
58301,00001,61.0
583078,00001,90.0
583079,00001,180.0
583200,00001,77.0
583201,00001,154.0
583202,00001,30.0
583203,00001,30.0
583204,00001,30.0
583467,00001,216.0
583649,00001,30.0
583772,00001,30.0
583773,00001,30.0
583774,00001,30.0
583776,00001,30.0
583821,00001,30.0
583822,00001,30.0
583824,00001,30.0
583826,00001,100.0
583827,00001,357.0
583828,00001,81.0
583832,00001,37.0
583835,00001,30.0
583843,00001,34.0
583845,00001,60.0
583846,00001,47.0
583847,00001,59.0
583852,00001,60.0
583854,00001,115.0
584281,00001,76.0
584282,00001,75.0
584286,00001,910.0
584833,00001,30.0
584834,00001,30.0
584835,00001,168.0
584836,00001,256.0
584921,00001,219.0
584985,00001,30.0
585220,00001,125.0
585223,00001,204.0
585228,00001,116.0
585233,00001,232.0
585234,00001,533.0
585327,00001,452.0
585328,00001,174.0
585444,00001,30.0
585445,00001,48.0
585477,00001,128.0
585478,00001,141.0
585479,00001,316.0
585480,00001,129.0
585481,00001,249.0
585484,00001,111.0
585486,00001,30.0
585487,00001,30.0
585488,00001,30.0
585489,00001,30.0
585490,00001,30.0
585491,00001,30.0
585493,00001,30.0
585541,00001,276.0
585542,00001,99.0
586896,00001,477.0
586897,00001,352.0
586898,00001,227.0
586899,00001,142.0
587215,00001,35.0
587216,00001,30.0
587282,00001,88.0
587563,00001,102.0
58767,00001,215.0
587689,00001,151.0
587732,00001,89.0
587833,00001,241.0
587919,00001,30.0
587920,00001,30.0
587999,00001,120.0
588035,00001,293.0
588036,00001,163.0
588037,00001,103.0
588038,00001,119.0
5882,00001,735.0
588387,00001,30.0
588443,00001,60.0
588513,00001,30.0
588514,00001,30.0
588595,00001,35.0
588672,00001,131.0
588673,00001,86.0
588674,00001,276.0
588675,00001,182.0
588676,00001,327.0
588677,00001,170.0
588718,00001,115.0
588719,00001,86.0
588740,00001,306.0
588772,00001,2385.0
58883,00001,77.0
589006,00001,76.0
589007,00001,31.0
589008,00001,125.0
589009,00001,60.0
589010,00001,66.0
589011,00001,60.0
589013,00001,64.0
589014,00001,38.0
589015,00001,124.0
589016,00001,38.0
58905,00001,11934.0
589287,00001,156.0
589288,00001,192.0
589289,00001,182.0
589290,00001,134.0
589297,00001,215.0
589298,00001,92.0
589299,00001,163.0
589414,00001,30.0
589415,00001,30.0
589416,00001,30.0
589417,00001,31.0
589419,00001,60.0
589420,00001,62.0
589425,00001,30.0
589431,00001,30.0
589459,00001,77.0
589460,00001,60.0
589488,00001,30.0
589495,00001,45.0
589503,00001,30.0
589504,00001,30.0
589505,00001,30.0
589506,00001,30.0
589507,00001,39.0
589508,00001,47.0
589674,00001,11929.0
589675,00001,1788.0
590004,00001,34.0
590006,00001,56.0
590007,00001,30.0
590083,00001,7335.0
590084,00001,3562.0
590415,00001,62.0
590667,00001,221.0
590668,00001,176.0
590669,00001,116.0
590670,00001,127.0
590671,00001,126.0
590801,00001,176.0
590865,00001,409.0
591255,00001,46.0
591539,00001,102.0
591540,00001,65.0
592529,00001,120.0
59262,00001,76.0
593838,00001,1832.0
593839,00001,3771.0
593840,00001,3002.0
594125,00001,42.0
594127,00001,71.0
594128,00001,69.0
594130,00001,94.0
594131,00001,123.0
594132,00001,145.0
594133,00001,87.0
594134,00001,99.0
594135,00001,275.0
594136,00001,476.0
594137,00001,61.0
594214,00001,128.0
594506,00001,38.0
594507,00001,58.0
594521,00001,69.0
594524,00001,53.0
594871,00001,130.0
594879,00001,1283.0
594880,00001,2851.0
594881,00001,2218.0
594882,00001,253.0
594883,00001,996.0
594885,00001,518.0
594886,00001,2179.0
594887,00001,136.0
595019,00001,30.0
595071,00001,232.0
595229,00001,34.0
595316,00001,60.0
595320,00001,81.0
595322,00001,72.0
595324,00001,60.0
595361,00001,166.0
595365,00001,150.0
595367,00001,103.0
595392,00001,107.0
595394,00001,99.0
595420,00001,60.0
595422,00001,60.0
595428,00001,65.0
595437,00001,79.0
595439,00001,112.0
595442,00001,48.0
595444,00001,38.0
595446,00001,38.0
595450,00001,64.0
595453,00001,64.0
595456,00001,34.0
595459,00001,60.0
595461,00001,60.0
595463,00001,60.0
595466,00001,60.0
595468,00001,43.0
595470,00001,56.0
595472,00001,60.0
595474,00001,64.0
595477,00001,60.0
595670,00001,109.0
595748,00001,149.0
595757,00001,86.0
595958,00001,30.0
595959,00001,91.0
595960,00001,82.0
595961,00001,34.0
596029,00001,60.0
596170,00001,30.0
596171,00001,30.0
596172,00001,30.0
59620,00001,345.0
59621,00001,156.0
596244,00001,30.0
596245,00001,30.0
596262,00001,56.0
596263,00001,60.0
596264,00001,65.0
596265,00001,60.0
596266,00001,39.0
596589,00001,30.0
596590,00001,30.0
596665,00001,82.0
596735,00001,38.0
597827,00001,30.0
597828,00001,30.0
597829,00001,39.0
597913,00001,47.0
597914,00001,60.0
597915,00001,78.0
597917,00001,65.0
597931,00001,30.0
598041,00001,103.0
598242,00001,60.0
598243,00001,65.0
598244,00001,56.0
598245,00001,64.0
598246,00001,68.0
598247,00001,60.0
598311,00001,64.0
598312,00001,128.0
598313,00001,60.0
598314,00001,86.0
598333,00001,188.0
598334,00001,251.0
598335,00001,140.0
598336,00001,86.0
598337,00001,98.0
598338,00001,94.0
598339,00001,132.0
598340,00001,330.0
598341,00001,317.0
599007,00001,215.0
599008,00001,34.0
599009,00001,60.0
599039,00001,120.0
599041,00001,167.0
599042,00001,73.0
599043,00001,52.0
599044,00001,64.0
599045,00001,56.0
599046,00001,39.0
599047,00001,120.0
599048,00001,81.0
599049,00001,323.0
599068,00001,227.0
599080,00001,38.0
599081,00001,56.0
599082,00001,39.0
599083,00001,283.0
599288,00001,52.0
599289,00001,48.0
599291,00001,43.0
599407,00001,30.0
600023,00001,38.0
600034,00001,52.0
600053,00001,30.0
600054,00001,30.0
600055,00001,60.0
600056,00001,39.0
600537,00001,137.0
600541,00001,103.0
60055,00001,58.0
60056,00001,52.0
600589,00001,337.0
600594,00001,505.0
600595,00001,1692.0
600596,00001,60.0
600598,00001,126.0
601159,00001,47.0
601160,00001,48.0
601161,00001,60.0
601166,00001,60.0
601167,00001,86.0
601168,00001,184.0
601169,00001,60.0
601170,00001,60.0
60151,00001,233.0
60152,00001,156.0
601583,00001,38.0
601584,00001,51.0
601586,00001,30.0
601587,00001,30.0
601684,00001,51.0
601920,00001,56.0
602803,00001,56.0
603370,00001,121.0
603372,00001,232.0
603374,00001,60.0
603376,00001,107.0
603732,00001,81.0
603736,00001,90.0
604059,00001,51.0
604060,00001,52.0
604062,00001,60.0
604063,00001,60.0
604439,00001,65.0
604440,00001,60.0
604719,00001,56.0
605247,00001,35.0
605596,00001,77.0
605849,00001,60.0
6079,00001,831.0
6095,00001,282.0
615,00001,892.0
61722,00001,613.0
6189,00001,64.0
6191,00001,66.0
62074,00001,1061.0
62075,00001,48.0
62077,00001,177.0
62078,00001,192.0
62673,00001,204.0
62729,00001,60.0
63238,00001,38.0
63322,00001,30.0
63371,00001,64.0
63453,00001,340.0
63455,00001,71.0
6356,00001,34.0
6361,00001,210.0
63733,00001,363.0
63734,00001,143.0
63735,00001,135.0
63854,00001,99.0
63856,00001,76.0
63858,00001,66.0
6389,00001,38.0
6391,00001,124.0
64048,00001,9734.0
64808,00001,212.0
65111,00001,294.0
65223,00001,67.0
6542,00001,1256.0
65816,00001,30.0
66365,00001,60.0
66369,00001,880.0
6654,00001,60.0
6655,00001,30.0
66554,00001,92.0
6656,00001,52222.0
66728,00001,1289.0
66802,00001,113.0
66803,00001,94.0
66925,00001,161.0
66932,00001,416.0
66938,00001,1410.0
6719,00001,60.0
6772,00001,55.0
6802,00001,78.0
68084,00001,81.0
68085,00001,86.0
68192,00001,50.0
685,00001,12539.0
68716,00001,120.0
68987,00001,133.0
691,00001,4584.0
6937,00001,60.0
70167,00001,185.0
70599,00001,30.0
71045,00001,52.0
71442,00001,113.0
72240,00001,210.0
72443,00001,60.0
72526,00001,1620.0
72527,00001,74.0
7373,00001,30.0
74093,00001,127.0
74095,00001,82.0
74318,00001,86.0
74330,00001,30.0
74478,00001,62.0
75048,00001,1689.0
7566,00001,373.0
76360,00001,240.0
76572,00001,53.0
76699,00001,93.0
76700,00001,75.0
77057,00001,338.0
77702,00001,136.0
77989,00001,30.0
78366,00001,180.0
7841,00001,30.0
78816,00001,60.0
79342,00001,43.0
79541,00001,159.0
7959,00001,242.0
79638,00001,6760.0
80341,00001,217.0
80817,00001,30.0
80864,00001,216.0
80867,00001,151.0
80941,00001,82.0
8097,00001,86.0
8123,00001,34.0
81276,00001,92.0
817,00001,139.0
81830,00001,115.0
81883,00001,132.0
81884,00001,157.0
820,00001,470.0
82909,00001,96.0
83062,00001,60.0
83079,00001,52.0
83116,00001,35.0
83140,00001,31.0
83354,00001,30.0
83356,00001,30.0
83358,00001,30.0
83461,00001,30.0
83465,00001,56.0
83552,00001,263.0
83554,00001,79.0
83558,00001,247.0
83560,00001,685.0
83561,00001,154.0
84752,00001,60.0
84754,00001,60.0
84757,00001,64.0
8483,00001,38457.0
84853,00001,252.0
85449,00001,120.0
85860,00001,5900.0
85982,00001,39.0
85983,00001,30.0
85984,00001,34.0
85985,00001,48.0
86020,00001,30.0
86458,00001,97.0
86556,00001,62.0
86767,00001,63.0
86992,00001,41.0
87000,00001,216.0
87001,00001,427.0
87054,00001,60.0
87065,00001,52.0
87067,00001,56.0
87246,00001,59.0
87442,00001,105.0
875,00001,7200.0
88266,00001,106.0
888,00001,417.0
88861,00001,71.0
88983,00001,162.0
89405,00001,941.0
90141,00001,116.0
90163,00001,256.0
905,00001,183.0
9070,00001,61.0
9090,00001,2201.0
91214,00001,671.0
92894,00001,78.0
92895,00001,72.0
92899,00001,30.0
92900,00001,60.0
92977,00001,147.0
92982,00001,441.0
92983,00001,180.0
93223,00001,51.0
943,00001,755.0
94331,00001,34.0
944,00001,118.0
94510,00001,95.0
94547,00001,90.0
94642,00001,93.0
94643,00001,4021.0
9496,00001,86.0
95123,00001,56.0
952,00001,42.0
95392,00001,221.0
9553,00001,60.0
95770,00001,331.0
96146,00001,47.0
96147,00001,60.0
96294,00001,368.0
97146,00001,1942.0
972,00001,190.0
97240,00001,40.0
97244,00001,30.0
97973,00001,43.0
97974,00001,42.0
97975,00001,30.0
97977,00001,30.0
97978,00001,34.0
97979,00001,30.0
98261,00001,124.0
98467,00001,60.0
98472,00001,30.0
98560,00001,3256.0
98616,00001,86.0
9881,00001,30.0
99015,00001,102.0
99017,00001,30.0
99381,00001,67.0
99741,00001,4495.0
99744,00001,193.0
99930,00001,30.0
100175,00003,30.0
100355,00003,60.0
100407,00003,30.0
100408,00003,30.0
100622,00003,849.0
100941,00003,30.0
100971,00003,90.0
100972,00003,138.0
10138,00003,30.0
101734,00003,241.0
101735,00003,162.0
101740,00003,648.0
101743,00003,2392.0
101744,00003,30.0
101745,00003,69.0
101747,00003,70.0
101748,00003,44.0
102069,00003,30.0
102410,00003,110.0
102411,00003,100.0
102412,00003,41.0
102830,00003,324.0
102832,00003,227.0
102833,00003,107.0
102834,00003,60.0
102835,00003,254.0
1029,00003,137.0
102928,00003,34.0
10296,00003,35.0
10316,00003,59.0
103717,00003,51.0
1038,00003,84.0
10403,00003,45.0
104711,00003,94.0
104746,00003,60.0
105285,00003,33.0
105294,00003,30.0
105295,00003,46.0
105313,00003,84.0
105316,00003,65.0
105317,00003,30.0
105320,00003,63.0
105321,00003,56.0
105322,00003,60.0
105323,00003,72.0
105330,00003,44.0
105332,00003,30.0
105334,00003,54.0
105335,00003,48.0
106208,00003,191.0
106236,00003,301.0
106237,00003,43.0
106239,00003,98.0
10624,00003,30.0
10628,00003,30.0
1063,00003,590.0
106356,00003,14854.0
106537,00003,56.0
106606,00003,301.0
106662,00003,553.0
106972,00003,94.0
106974,00003,173.0
107214,00003,39.0
107271,00003,151.0
107272,00003,61.0
107401,00003,259.0
107458,00003,118.0
107459,00003,60.0
107462,00003,30.0
107465,00003,30.0
107466,00003,60.0
107467,00003,30.0
107546,00003,39.0
107573,00003,46.0
107662,00003,60.0
107687,00003,30.0
108193,00003,566.0
108895,00003,88.0
109314,00003,144.0
109319,00003,125.0
109554,00003,66.0
109612,00003,66.0
109688,00003,78.0
109770,00003,79.0
109771,00003,66.0
109774,00003,30.0
109775,00003,38.0
109957,00003,50.0
10998,00003,60.0
110053,00003,30.0
110327,00003,60.0
110511,00003,30.0
110695,00003,122.0
110852,00003,532.0
110853,00003,445.0
11093,00003,30.0
110965,00003,62.0
110966,00003,73.0
110967,00003,61.0
110968,00003,58.0
111687,00003,30.0
111827,00003,237.0
112473,00003,221.0
112842,00003,79.0
113406,00003,65.0
113755,00003,55.0
113761,00003,145.0
113800,00003,52.0
116270,00003,30.0
116559,00003,89.0
116612,00003,899.0
116741,00003,5258.0
116801,00003,32.0
116897,00003,33.0
117317,00003,60.0
117640,00003,30.0
117675,00003,64.0
118064,00003,72.0
1182,00003,60.0
118209,00003,193.0
118260,00003,30.0
1184,00003,71.0
119109,00003,47.0
119110,00003,41.0
119171,00003,88.0
119323,00003,30.0
119868,00003,183.0
120310,00003,96.0
120554,00003,30.0
120773,00003,34.0
121032,00003,126.0
121416,00003,34.0
121420,00003,60.0
121421,00003,30.0
1221,00003,141.0
1229,00003,33.0
123080,00003,55.0
123896,00003,60.0
124382,00003,173.0
124383,00003,30.0
124729,00003,63.0
12477,00003,98.0
125494,00003,43.0
12637,00003,131.0
126876,00003,48.0
127359,00003,3798.0
127360,00003,395.0
127438,00003,30.0
127439,00003,30.0
12845,00003,64.0
128517,00003,61.0
128667,00003,305.0
128673,00003,34.0
128674,00003,77.0
129086,00003,50.0
129430,00003,104.0
129497,00003,94.0
129498,00003,64.0
129593,00003,70.0
129596,00003,56.0
129598,00003,38.0
12965,00003,55.0
130248,00003,60.0
130555,00003,30.0
131229,00003,48.0
131233,00003,38.0
131234,00003,48.0
131323,00003,72.0
131511,00003,30.0
131535,00003,56.0
132678,00003,128.0
133336,00003,631.0
13334,00003,30.0
133445,00003,30.0
134389,00003,34.0
134400,00003,52.0
134402,00003,63.0
134549,00003,37.0
134552,00003,30.0
134654,00003,30.0
134760,00003,60.0
136257,00003,60.0
136258,00003,60.0
136350,00003,30.0
1375,00003,62.0
138263,00003,30.0
1391,00003,60.0
139441,00003,34.0
139443,00003,34.0
139469,00003,30.0
140111,00003,31.0
140254,00003,112.0
141772,00003,30.0
14210,00003,50.0
14218,00003,59.0
142525,00003,410.0
142529,00003,30.0
142530,00003,82.0
142531,00003,30.0
142532,00003,58.0
142533,00003,60.0
142796,00003,152.0
142908,00003,109.0
143353,00003,34.0
143361,00003,63.0
143363,00003,60.0
143871,00003,9533.0
14401,00003,64.0
144232,00003,76.0
144722,00003,30.0
144723,00003,30.0
144724,00003,30.0
144725,00003,30.0
144728,00003,30.0
145082,00003,1162.0
145085,00003,72.0
14511,00003,60.0
145221,00003,30.0
14587,00003,125.0
146152,00003,60.0
146664,00003,30.0
147758,00003,31.0
147841,00003,30.0
147947,00003,34.0
14831,00003,993.0
149141,00003,183.0
1494,00003,31.0
149486,00003,65.0
149487,00003,82.0
1498,00003,87.0
1506,00003,92.0
151311,00003,219.0
1520,00003,178.0
152629,00003,438.0
152980,00003,46.0
154808,00003,59.0
154809,00003,67.0
155363,00003,132.0
156285,00003,34.0
156703,00003,558.0
157050,00003,30.0
157688,00003,61.0
157691,00003,67.0
157692,00003,94.0
157934,00003,30.0
157960,00003,94.0
15804,00003,30.0
158113,00003,82.0
158587,00003,34.0
158588,00003,60.0
158612,00003,30.0
158613,00003,30.0
158614,00003,30.0
158615,00003,30.0
159685,00003,30.0
1599,00003,57.0
1605,00003,172.0
160714,00003,90.0
1609,00003,30.0
16287,00003,88.0
163,00003,476.0
163749,00003,30.0
1641,00003,113.0
16422,00003,30.0
1654,00003,106.0
165797,00003,60.0
165980,00003,30.0
166583,00003,30.0
166596,00003,30.0
167274,00003,52.0
167277,00003,30.0
167773,00003,30.0
168500,00003,56.0
168501,00003,63.0
168503,00003,79.0
168613,00003,83.0
168765,00003,776.0
168925,00003,30.0
169028,00003,481.0
1696,00003,80.0
169685,00003,37.0
169938,00003,1773.0
17186,00003,30.0
17220,00003,59.0
172730,00003,72.0
173346,00003,96.0
173472,00003,30.0
17353,00003,62.0
173768,00003,132.0
17425,00003,30.0
175842,00003,55.0
1760,00003,61.0
176057,00003,30.0
17618,00003,63.0
176338,00003,30.0
176565,00003,85.0
177701,00003,172.0
17806,00003,51.0
178293,00003,30.0
178295,00003,112.0
179000,00003,60.0
17908,00003,30.0
179097,00003,68.0
180701,00003,44.0
180703,00003,60.0
1809,00003,94.0
181537,00003,56.0
182264,00003,30.0
182752,00003,30.0
182753,00003,30.0
182982,00003,30.0
183793,00003,30.0
184000,00003,30.0
184385,00003,30.0
184457,00003,46.0
184459,00003,30.0
184627,00003,30.0
184628,00003,30.0
184630,00003,34.0
185663,00003,186.0
18579,00003,60.0
1861,00003,43.0
187312,00003,31.0
187467,00003,40.0
187670,00003,60.0
187962,00003,118.0
188548,00003,164.0
18941,00003,30.0
1896,00003,30.0
1902,00003,60.0
190454,00003,173.0
190830,00003,211.0
191187,00003,1154.0
19246,00003,30.0
192823,00003,30.0
193140,00003,94.0
193329,00003,30.0
194321,00003,36.0
194710,00003,30.0
194892,00003,42.0
19516,00003,76.0
19517,00003,81.0
19518,00003,60.0
19519,00003,57.0
1960,00003,56.0
196008,00003,30.0
196115,00003,31.0
196835,00003,44.0
19811,00003,30.0
1982,00003,58.0
1991,00003,61.0
200006,00003,90.0
200041,00003,367.0
200221,00003,60.0
202584,00003,145.0
202754,00003,88.0
203757,00003,57.0
203875,00003,30.0
203877,00003,30.0
203879,00003,30.0
203881,00003,30.0
204483,00003,93.0
20516,00003,1283.0
206362,00003,42.0
20675,00003,77.0
208,00003,1051.0
208038,00003,45.0
208050,00003,64.0
20840,00003,91.0
20857,00003,72.0
209031,00003,62.0
209032,00003,77.0
209052,00003,34.0
209054,00003,30.0
210154,00003,133.0
210155,00003,128.0
210594,00003,60.0
210785,00003,36.0
210874,00003,83.0
210956,00003,30.0
210959,00003,64.0
211128,00003,34.0
211130,00003,30.0
211530,00003,60.0
21279,00003,30.0
21331,00003,30.0
21340,00003,30.0
2138,00003,60.0
214099,00003,30.0
214104,00003,30.0
214684,00003,30.0
214815,00003,30.0
214824,00003,49.0
214909,00003,56.0
214912,00003,92.0
214913,00003,62.0
214914,00003,34.0
21538,00003,715.0
21541,00003,181.0
215995,00003,422.0
218557,00003,1329.0
218637,00003,30.0
218870,00003,88.0
219181,00003,30.0
219836,00003,61.0
219959,00003,30.0
220234,00003,60.0
22088,00003,30.0
220884,00003,68.0
2213,00003,39.0
223156,00003,58.0
223389,00003,117.0
22450,00003,72.0
22560,00003,33.0
225701,00003,33.0
225783,00003,56.0
226050,00003,34.0
226082,00003,30.0
226706,00003,92.0
226791,00003,30.0
227589,00003,30.0
227873,00003,31.0
22794,00003,104.0
228083,00003,30.0
228084,00003,30.0
228685,00003,69.0
228969,00003,30.0
228983,00003,35.0
2292,00003,30.0
229475,00003,52.0
229605,00003,85.0
230468,00003,107.0
23164,00003,54.0
2322,00003,426.0
232548,00003,37.0
233016,00003,34.0
233434,00003,30.0
234317,00003,30.0
234319,00003,30.0
234321,00003,30.0
234323,00003,30.0
234325,00003,30.0
234326,00003,30.0
234328,00003,30.0
234330,00003,30.0
234569,00003,71.0
234590,00003,49.0
234923,00003,154.0
234924,00003,60.0
234967,00003,60.0
235121,00003,121.0
235133,00003,69.0
235135,00003,83.0
235800,00003,120.0
2363,00003,64.0
236492,00003,733.0
236642,00003,34.0
236643,00003,67.0
236659,00003,92.0
237065,00003,30.0
237267,00003,39.0
237276,00003,205.0
23735,00003,30.0
2374,00003,74.0
237428,00003,68.0
237429,00003,34.0
237495,00003,60.0
237656,00003,38.0
237688,00003,31.0
23817,00003,74.0
238523,00003,30.0
238695,00003,225.0
239663,00003,113.0
240,00003,355.0
240649,00003,37.0
24256,00003,30.0
243857,00003,60.0
243858,00003,30.0
243859,00003,62.0
2441,00003,34.0
244336,00003,30.0
2444,00003,30.0
245449,00003,30.0
245805,00003,150.0
246097,00003,90.0
246137,00003,30.0
246508,00003,30.0
2466,00003,127.0
246997,00003,60.0
248491,00003,59.0
248503,00003,30.0
248996,00003,30.0
249288,00003,30.0
249407,00003,34.0
249453,00003,34.0
249868,00003,30.0
249881,00003,30.0
2503,00003,30.0
25079,00003,1811.0
2510,00003,60.0
251173,00003,83.0
251175,00003,30.0
2514,00003,30.0
252778,00003,30.0
254167,00003,69.0
254168,00003,66.0
254175,00003,60.0
254425,00003,31.0
254426,00003,30.0
254646,00003,66.0
254692,00003,34.0
2556,00003,30.0
257669,00003,90.0
2578,00003,117.0
257884,00003,30.0
257921,00003,60.0
258290,00003,44.0
259754,00003,34.0
260388,00003,30.0
260389,00003,38.0
260396,00003,36.0
261298,00003,106.0
261590,00003,60.0
262191,00003,38.0
262711,00003,30.0
262842,00003,30.0
262985,00003,62.0
263074,00003,30.0
264159,00003,119.0
2648,00003,54.0
264960,00003,30.0
267693,00003,144.0
268041,00003,78.0
268042,00003,273.0
268264,00003,32.0
268265,00003,39.0
268266,00003,45.0
268267,00003,30.0
26839,00003,86.0
268717,00003,160.0
271166,00003,53.0
271399,00003,30.0
272462,00003,33.0
272869,00003,98.0
272871,00003,36.0
272872,00003,30.0
272873,00003,30.0
273039,00003,30.0
273079,00003,30.0
273613,00003,30.0
274083,00003,48.0
274084,00003,39.0
274300,00003,30.0
274301,00003,56.0
274302,00003,30.0
274983,00003,35.0
275028,00003,30.0
275154,00003,30.0
275718,00003,30.0
275720,00003,44.0
276610,00003,85.0
276678,00003,31.0
277302,00003,30.0
278117,00003,105.0
278120,00003,92.0
278754,00003,56.0
2790,00003,60.0
27901,00003,30.0
27903,00003,30.0
279153,00003,36.0
280020,00003,54.0
280138,00003,57.0
280214,00003,57.0
280217,00003,30.0
280237,00003,35.0
280238,00003,31.0
280239,00003,42.0
280240,00003,30.0
281474,00003,30.0
281565,00003,205.0
282898,00003,69.0
284165,00003,58.0
28425,00003,90.0
285075,00003,47.0
285490,00003,30.0
285491,00003,30.0
285504,00003,30.0
28610,00003,810.0
286163,00003,60.0
286995,00003,88.0
2879,00003,30.0
289483,00003,30.0
28959,00003,173.0
289647,00003,60.0
289648,00003,60.0
289649,00003,31.0
289650,00003,53.0
290037,00003,38.0
290526,00003,30.0
290531,00003,30.0
2914,00003,60.0
2945,00003,30.0
295650,00003,30.0
296065,00003,30.0
296176,00003,45.0
296179,00003,43.0
296182,00003,70.0
296529,00003,1238.0
297040,00003,60.0
297041,00003,52.0
2976,00003,170.0
2978,00003,87.0
297985,00003,30.0
29820,00003,30.0
298259,00003,30.0
29835,00003,30.0
29856,00003,154.0
298993,00003,57.0
299130,00003,58.0
299478,00003,380.0
29979,00003,30.0
299930,00003,60.0
299993,00003,56.0
299994,00003,86.0
300030,00003,60.0
300044,00003,42.0
301255,00003,38.0
301257,00003,30.0
301258,00003,33.0
301259,00003,30.0
301260,00003,94.0
301382,00003,30.0
301758,00003,35.0
301763,00003,30.0
3023,00003,60.0
302621,00003,55.0
303608,00003,60.0
303965,00003,106.0
303967,00003,64.0
303969,00003,80.0
303971,00003,111.0
303976,00003,77.0
303977,00003,118.0
303978,00003,165.0
304133,00003,60.0
304139,00003,62.0
3047,00003,60.0
304932,00003,41.0
304970,00003,31.0
305014,00003,67.0
305233,00003,122.0
30617,00003,44.0
307229,00003,66.0
30762,00003,30.0
308265,00003,69.0
308501,00003,62.0
308607,00003,68.0
31,00003,33.0
3102,00003,65.0
311020,00003,30.0
311373,00003,30.0
3124,00003,127.0
313917,00003,30.0
313919,00003,30.0
31393,00003,34.0
31396,00003,60.0
31398,00003,73.0
314486,00003,30.0
3148,00003,242.0
314822,00003,30.0
315052,00003,60.0
315796,00003,60.0
315797,00003,38.0
3160,00003,30.0
316080,00003,183.0
316349,00003,36.0
31635,00003,60.0
316363,00003,30.0
317097,00003,30.0
317099,00003,30.0
3179,00003,60.0
318329,00003,30.0
31894,00003,2283.0
321539,00003,48.0
321718,00003,61.0
321766,00003,30.0
32247,00003,31.0
32322,00003,30.0
323307,00003,37.0
32445,00003,58.0
3257,00003,60.0
32573,00003,30.0
325833,00003,30.0
326437,00003,30.0
326623,00003,62.0
327640,00003,30.0
327641,00003,30.0
327703,00003,65.0
329043,00003,34.0
3292,00003,136.0
32934,00003,91.0
330384,00003,30.0
33105,00003,61.0
331151,00003,60.0
331155,00003,92.0
332406,00003,648.0
332528,00003,30.0
332809,00003,73.0
332817,00003,767.0
333278,00003,127.0
333414,00003,90.0
333428,00003,30.0
333486,00003,30.0
333828,00003,64.0
333894,00003,34.0
333897,00003,44.0
333898,00003,52.0
333899,00003,30.0
33392,00003,30.0
334445,00003,30.0
3348,00003,61.0
335094,00003,43.0
335638,00003,148.0
335643,00003,30.0
335667,00003,100.0
3357,00003,60.0
33628,00003,62.0
336515,00003,68.0
336516,00003,85.0
33664,00003,113.0
336646,00003,30.0
3368,00003,34.0
336981,00003,183.0
337069,00003,30.0
338553,00003,86.0
3386,00003,40.0
33927,00003,38.0
340019,00003,56.0
340132,00003,30.0
340955,00003,85.0
34102,00003,54.0
341214,00003,47.0
3414,00003,30.0
343660,00003,86.0
343764,00003,30.0
343815,00003,39.0
343816,00003,31.0
343817,00003,35.0
343818,00003,45.0
344569,00003,30.0
345024,00003,60.0
345355,00003,60.0
345356,00003,56.0
345357,00003,94.0
345749,00003,64.0
345750,00003,54.0
346668,00003,30.0
3474,00003,30.0
348719,00003,58.0
34888,00003,3649.0
34899,00003,196.0
349240,00003,58.0
349625,00003,60.0
350831,00003,30.0
350978,00003,60.0
351952,00003,60.0
354050,00003,30.0
3542,00003,31.0
354257,00003,36.0
354615,00003,60.0
355020,00003,90.0
355457,00003,60.0
355649,00003,30.0
3562,00003,32.0
356502,00003,60.0
357175,00003,91.0
357499,00003,30.0
3575,00003,30.0
358212,00003,53.0
358232,00003,30.0
358249,00003,30.0
359518,00003,125.0
36042,00003,30.0
36043,00003,30.0
36044,00003,32.0
36045,00003,52.0
360703,00003,30.0
36075,00003,45.0
36118,00003,93.0
362022,00003,30.0
364446,00003,60.0
364447,00003,69.0
364448,00003,60.0
364451,00003,197.0
36486,00003,101.0
365450,00003,30.0
3665,00003,30.0
366612,00003,30.0
3672,00003,30.0
367412,00003,51.0
368140,00003,30.0
3683,00003,71.0
368598,00003,88.0
3689,00003,30.0
369400,00003,154.0
36986,00003,52.0
371123,00003,108.0
371128,00003,89.0
371132,00003,59.0
371133,00003,60.0
371134,00003,129.0
371135,00003,62.0
371328,00003,30.0
371519,00003,59.0
372469,00003,77.0
3726,00003,59.0
373782,00003,88.0
373795,00003,63.0
373799,00003,56.0
3740,00003,60.0
3746,00003,88.0
375414,00003,60.0
375941,00003,101.0
375942,00003,93.0
376084,00003,213.0
376085,00003,243.0
376086,00003,249.0
376401,00003,60.0
376722,00003,110.0
377303,00003,30.0
378685,00003,423.0
378829,00003,58.0
379145,00003,2677.0
379146,00003,90.0
379148,00003,140.0
379684,00003,53.0
379685,00003,30.0
379944,00003,60.0
379945,00003,58.0
380312,00003,90.0
380535,00003,99.0
38066,00003,209.0
38072,00003,244.0
380925,00003,72.0
381,00003,62.0
381264,00003,101.0
381265,00003,112.0
381357,00003,98.0
381890,00003,69.0
382505,00003,70.0
382685,00003,30.0
383110,00003,58.0
38333,00003,34.0
383874,00003,119.0
384028,00003,59.0
3841,00003,34.0
384307,00003,60.0
385982,00003,30.0
38649,00003,133.0
386501,00003,43.0
386635,00003,30.0
386669,00003,30.0
386763,00003,30.0
386848,00003,151.0
386849,00003,138.0
386976,00003,30.0
387158,00003,53.0
387874,00003,85.0
388700,00003,30.0
388991,00003,61.0
389244,00003,196.0
389274,00003,60.0
389478,00003,60.0
389479,00003,60.0
389480,00003,60.0
389481,00003,45.0
389588,00003,1056.0
390392,00003,61.0
390399,00003,30.0
390615,00003,81.0
390633,00003,144.0
390634,00003,159.0
390636,00003,51.0
390638,00003,61.0
390639,00003,76.0
390640,00003,127.0
390671,00003,60.0
390672,00003,60.0
391004,00003,30.0
391237,00003,31.0
391238,00003,30.0
391244,00003,39.0
391245,00003,35.0
391253,00003,59.0
392328,00003,30.0
392385,00003,30.0
392406,00003,30.0
392407,00003,30.0
392719,00003,104.0
393214,00003,94.0
393215,00003,56.0
393400,00003,41.0
393540,00003,60.0
393541,00003,90.0
393561,00003,57.0
393567,00003,34.0
394055,00003,209.0
394188,00003,38.0
394499,00003,246.0
394500,00003,418.0
394501,00003,534.0
394509,00003,90.0
394511,00003,128.0
394530,00003,30.0
394533,00003,53.0
394534,00003,53.0
39472,00003,3309.0
394929,00003,30.0
39591,00003,174.0
39593,00003,115.0
39595,00003,61.0
396062,00003,30.0
396547,00003,30.0
397262,00003,30.0
397349,00003,30.0
397622,00003,30.0
397710,00003,60.0
398363,00003,43.0
398385,00003,34.0
398907,00003,30.0
399089,00003,82.0
399842,00003,702.0
400759,00003,37.0
400762,00003,34.0
400767,00003,40.0
400768,00003,60.0
400790,00003,30.0
4008,00003,58.0
400930,00003,30.0
401556,00003,60.0
40159,00003,34.0
402255,00003,192.0
402924,00003,30.0
402925,00003,35.0
402926,00003,30.0
402928,00003,30.0
402935,00003,30.0
402936,00003,90.0
402937,00003,43.0
402938,00003,60.0
403251,00003,30.0
403252,00003,30.0
403254,00003,30.0
403510,00003,139.0
403511,00003,179.0
403611,00003,142.0
403612,00003,167.0
403758,00003,56.0
403760,00003,38.0
403940,00003,49.0
403942,00003,46.0
403943,00003,30.0
403951,00003,30.0
403952,00003,59.0
403954,00003,30.0
403957,00003,34.0
403958,00003,32.0
403959,00003,99.0
403987,00003,110.0
40399,00003,395.0
404,00003,102.0
40400,00003,134.0
40401,00003,106.0
40403,00003,184.0
404457,00003,30.0
404458,00003,38.0
404525,00003,52.0
404526,00003,35.0
404528,00003,60.0
404530,00003,64.0
404531,00003,30.0
404801,00003,62.0
404803,00003,76.0
404804,00003,56.0
404805,00003,49.0
404806,00003,59.0
404807,00003,30.0
405082,00003,60.0
405165,00003,40.0
405626,00003,193.0
405628,00003,116.0
405631,00003,104.0
406018,00003,613.0
406027,00003,30.0
406028,00003,30.0
406029,00003,34.0
406341,00003,30.0
406342,00003,30.0
406344,00003,64.0
406612,00003,91.0
406614,00003,69.0
406651,00003,30.0
406652,00003,34.0
406653,00003,41.0
406908,00003,33.0
407191,00003,50.0
407192,00003,31.0
407312,00003,43.0
407346,00003,30.0
407347,00003,30.0
407448,00003,70.0
407622,00003,30.0
407931,00003,46.0
407938,00003,53.0
407941,00003,41.0
407966,00003,80.0
408,00003,330.0
408032,00003,60.0
408033,00003,30.0
408034,00003,53.0
408035,00003,44.0
408125,00003,30.0
408206,00003,65.0
408304,00003,30.0
408552,00003,30.0
408555,00003,30.0
408667,00003,30.0
408669,00003,30.0
408728,00003,30.0
409183,00003,34.0
409184,00003,30.0
409186,00003,30.0
409187,00003,30.0
409191,00003,74.0
409194,00003,60.0
409329,00003,37.0
409445,00003,30.0
409504,00003,60.0
409505,00003,35.0
409512,00003,56.0
409981,00003,34.0
410592,00003,80.0
410863,00003,35.0
410864,00003,45.0
410865,00003,60.0
410866,00003,32.0
411074,00003,30.0
411076,00003,30.0
411262,00003,30.0
412859,00003,5251.0
412891,00003,30.0
413062,00003,56.0
413063,00003,49.0
413064,00003,30.0
413552,00003,60.0
413555,00003,77.0
413557,00003,72.0
413558,00003,97.0
413560,00003,90.0
413562,00003,34.0
413926,00003,30.0
414617,00003,112.0
414739,00003,47.0
414788,00003,85.0
414870,00003,30.0
415023,00003,63.0
4152,00003,60.0
415234,00003,30.0
415237,00003,60.0
415238,00003,30.0
41542,00003,167.0
415422,00003,39.0
416806,00003,60.0
41709,00003,80.0
417273,00003,30.0
417275,00003,30.0
417276,00003,30.0
417277,00003,44.0
417278,00003,30.0
417783,00003,30.0
417784,00003,30.0
41796,00003,179.0
41801,00003,59.0
418234,00003,40.0
418235,00003,30.0
418236,00003,34.0
418246,00003,30.0
418247,00003,30.0
418248,00003,30.0
418249,00003,30.0
418250,00003,58.0
418306,00003,30.0
418307,00003,30.0
418309,00003,52.0
418672,00003,34.0
418946,00003,91.0
418982,00003,30.0
419007,00003,487.0
419008,00003,464.0
419009,00003,1026.0
419010,00003,367.0
419093,00003,30.0
419094,00003,30.0
419095,00003,30.0
419096,00003,30.0
419097,00003,30.0
419098,00003,30.0
419099,00003,30.0
420518,00003,32.0
420519,00003,56.0
420834,00003,75.0
420986,00003,60.0
421155,00003,30.0
421161,00003,37.0
42120,00003,64.0
42135,00003,83.0
421726,00003,30.0
42231,00003,698.0
422427,00003,57.0
422430,00003,30.0
422432,00003,34.0
422450,00003,48.0
422455,00003,35.0
422456,00003,34.0
422458,00003,35.0
424190,00003,64.0
424641,00003,61.0
424971,00003,36.0
424976,00003,46.0
424977,00003,60.0
425425,00003,60.0
4255,00003,53.0
425544,00003,30.0
4282,00003,104.0
42940,00003,140.0
430565,00003,30.0
430566,00003,30.0
430738,00003,30.0
430976,00003,60.0
430983,00003,30.0
431598,00003,78.0
431602,00003,30.0
432380,00003,60.0
43422,00003,278.0
43549,00003,117.0
43550,00003,160.0
438569,00003,37.0
438570,00003,52.0
438572,00003,30.0
438574,00003,61.0
438576,00003,36.0
43859,00003,51.0
438590,00003,30.0
438592,00003,30.0
438593,00003,31.0
43860,00003,60.0
43861,00003,71.0
440036,00003,30.0
440622,00003,102.0
440623,00003,92.0
440625,00003,122.0
440649,00003,205.0
4415,00003,60.0
446615,00003,30.0
446624,00003,30.0
44705,00003,30.0
44706,00003,56.0
44707,00003,30.0
447624,00003,106.0
447627,00003,305.0
447684,00003,67.0
447685,00003,46.0
448253,00003,318.0
448431,00003,30.0
44870,00003,30.0
448951,00003,30.0
448952,00003,30.0
449141,00003,30.0
449191,00003,56.0
449194,00003,39.0
449196,00003,30.0
449198,00003,30.0
4497,00003,30.0
449726,00003,60.0
449728,00003,60.0
449790,00003,35.0
449951,00003,50.0
449974,00003,30.0
450122,00003,58.0
450169,00003,86.0
450170,00003,34.0
450200,00003,30.0
450201,00003,30.0
450317,00003,30.0
450344,00003,30.0
450345,00003,38.0
450346,00003,38.0
450347,00003,30.0
450348,00003,30.0
450349,00003,30.0
450351,00003,43.0
450399,00003,55.0
451008,00003,30.0
451231,00003,30.0
451233,00003,30.0
451235,00003,30.0
451236,00003,30.0
451237,00003,30.0
451423,00003,48.0
451479,00003,30.0
451481,00003,41.0
451592,00003,30.0
451729,00003,37.0
451730,00003,48.0
451731,00003,36.0
451846,00003,30.0
451847,00003,30.0
451848,00003,30.0
451851,00003,30.0
45245,00003,60.0
453426,00003,30.0
453440,00003,212.0
453737,00003,34.0
453738,00003,52.0
453827,00003,335.0
453829,00003,278.0
453830,00003,268.0
453861,00003,30.0
453871,00003,167.0
453873,00003,30.0
453876,00003,69.0
453943,00003,60.0
453991,00003,224.0
454030,00003,38.0
454218,00003,66.0
454520,00003,98.0
454548,00003,42.0
454828,00003,49.0
454829,00003,496.0
454846,00003,60.0
454881,00003,52.0
454982,00003,30.0
455321,00003,76.0
455322,00003,51.0
455430,00003,129.0
455436,00003,85.0
455585,00003,30.0
455616,00003,30.0
456685,00003,60.0
4567,00003,30.0
456854,00003,688.0
456967,00003,30.0
456970,00003,30.0
456973,00003,30.0
456976,00003,30.0
457040,00003,30.0
457044,00003,30.0
457075,00003,30.0
457138,00003,32.0
457193,00003,123.0
457195,00003,164.0
457287,00003,273.0
457443,00003,46.0
457562,00003,66.0
4580,00003,30.0
458076,00003,30.0
458272,00003,30.0
458273,00003,31.0
459431,00003,94.0
459655,00003,59.0
459755,00003,650.0
459897,00003,30.0
459977,00003,160.0
460775,00003,34.0
460833,00003,116.0
460841,00003,60.0
460844,00003,60.0
460851,00003,85.0
461075,00003,56.0
461077,00003,30.0
461258,00003,30.0
461357,00003,30.0
461360,00003,30.0
461760,00003,60.0
462238,00003,30.0
463021,00003,48.0
463149,00003,94.0
463161,00003,30.0
463229,00003,30.0
463275,00003,60.0
463278,00003,60.0
463283,00003,60.0
463498,00003,56.0
464198,00003,88.0
46479,00003,119.0
46499,00003,349.0
46503,00003,355.0
46713,00003,614.0
4680,00003,64.0
468395,00003,89.0
468515,00003,30.0
46853,00003,1128.0
468844,00003,30.0
469158,00003,39.0
469231,00003,55.0
469298,00003,47.0
469709,00003,30.0
469934,00003,113.0
469935,00003,34.0
470176,00003,30.0
470178,00003,30.0
470180,00003,30.0
47071,00003,60.0
47072,00003,60.0
471462,00003,30.0
471646,00003,71.0
47168,00003,60.0
47173,00003,30.0
47261,00003,102.0
472921,00003,94.0
473159,00003,180.0
473657,00003,145.0
47368,00003,30.0
47388,00003,51.0
473920,00003,30.0
473921,00003,30.0
473932,00003,187.0
474717,00003,60.0
474986,00003,62.0
475940,00003,64.0
475944,00003,93.0
476155,00003,56.0
476250,00003,37.0
476642,00003,60.0
477206,00003,30.0
477207,00003,30.0
477208,00003,30.0
477209,00003,30.0
477210,00003,30.0
477265,00003,84.0
477266,00003,39.0
477574,00003,67.0
477575,00003,55.0
477732,00003,30.0
477733,00003,60.0
477876,00003,34.0
478160,00003,317.0
478352,00003,2299.0
478353,00003,899.0
479663,00003,61.0
479664,00003,87.0
479800,00003,68.0
481164,00003,37.0
481177,00003,30.0
481592,00003,30.0
481596,00003,30.0
481597,00003,47.0
481767,00003,91.0
481768,00003,30.0
48180,00003,63.0
481826,00003,59.0
483046,00003,541.0
48402,00003,39.0
484228,00003,50.0
484229,00003,92.0
484230,00003,77.0
484231,00003,88.0
484232,00003,87.0
484361,00003,74.0
484534,00003,531.0
485341,00003,99.0
485529,00003,30.0
485588,00003,80.0
485867,00003,320.0
4860,00003,30.0
48608,00003,30.0
4873,00003,60.0
487754,00003,30.0
488101,00003,30.0
488170,00003,30.0
488177,00003,30.0
488467,00003,30.0
488748,00003,30.0
4888,00003,60.0
489178,00003,30.0
489193,00003,30.0
489194,00003,30.0
489263,00003,553.0
489601,00003,190.0
491470,00003,30.0
491516,00003,30.0
491517,00003,56.0
491572,00003,56.0
491584,00003,69.0
491593,00003,30.0
4916,00003,30.0
491669,00003,62.0
491697,00003,30.0
491768,00003,30.0
491839,00003,71.0
491841,00003,60.0
492075,00003,1350.0
492154,00003,59.0
492196,00003,30.0
492255,00003,364.0
492261,00003,56.0
492265,00003,30.0
492279,00003,60.0
492281,00003,30.0
492638,00003,30.0
492640,00003,30.0
492641,00003,43.0
492651,00003,61.0
492653,00003,60.0
492654,00003,61.0
493066,00003,30.0
493197,00003,30.0
493461,00003,35.0
494002,00003,189.0
494129,00003,30.0
494249,00003,178.0
494254,00003,136.0
494265,00003,252.0
494267,00003,205.0
494270,00003,61.0
494279,00003,210.0
494943,00003,143.0
494947,00003,3221.0
494948,00003,60.0
494949,00003,132.0
495153,00003,30.0
495154,00003,30.0
495182,00003,30.0
495183,00003,30.0
495767,00003,93.0
495867,00003,30.0
495868,00003,30.0
495906,00003,64.0
495933,00003,447.0
495934,00003,409.0
496031,00003,30.0
496042,00003,30.0
496352,00003,84.0
496498,00003,60.0
496709,00003,30.0
498530,00003,30.0
499085,00003,70.0
49910,00003,70.0
499993,00003,73.0
499995,00003,30.0
500482,00003,30.0
500759,00003,30.0
500762,00003,46.0
500770,00003,194.0
501567,00003,135.0
501571,00003,30.0
501572,00003,56.0
502097,00003,34.0
502109,00003,54.0
502533,00003,30.0
502598,00003,183.0
502599,00003,162.0
502903,00003,72.0
502926,00003,55.0
502927,00003,34.0
502932,00003,34.0
502933,00003,30.0
502934,00003,56.0
502936,00003,52.0
502940,00003,30.0
502978,00003,128.0
503479,00003,60.0
503480,00003,30.0
504248,00003,63.0
504249,00003,60.0
504251,00003,61.0
504255,00003,64.0
504278,00003,72.0
5043,00003,60.0
50473,00003,60.0
505109,00003,30.0
505115,00003,59.0
505116,00003,30.0
505117,00003,30.0
505163,00003,30.0
505235,00003,31.0
505356,00003,60.0
505570,00003,30.0
505571,00003,56.0
505857,00003,30.0
505872,00003,84.0
505873,00003,47.0
505875,00003,85.0
506787,00003,91.0
506788,00003,60.0
506789,00003,60.0
506790,00003,35.0
506798,00003,60.0
507,00003,34.0
507259,00003,39.0
507335,00003,232.0
507456,00003,205.0
507611,00003,60.0
507612,00003,56.0
508,00003,64.0
508007,00003,420.0
508008,00003,461.0
508237,00003,46.0
508504,00003,34.0
508569,00003,30.0
508979,00003,147.0
50944,00003,67.0
50946,00003,59.0
510022,00003,30.0
510510,00003,112.0
510511,00003,60.0
510512,00003,63.0
510513,00003,60.0
510514,00003,73.0
510606,00003,30.0
510678,00003,30.0
510813,00003,30.0
511003,00003,90.0
511004,00003,76.0
511036,00003,30.0
511041,00003,50.0
511042,00003,30.0
511043,00003,35.0
511121,00003,64.0
511336,00003,68.0
511337,00003,36.0
511879,00003,38.0
511880,00003,30.0
511887,00003,30.0
511888,00003,30.0
512215,00003,85.0
512240,00003,30.0
512301,00003,60.0
512302,00003,83.0
512303,00003,67.0
51239,00003,30.0
51240,00003,31.0
512418,00003,89.0
512419,00003,62.0
512422,00003,60.0
512649,00003,34.0
513097,00003,37.0
513150,00003,100.0
513491,00003,277.0
513515,00003,35.0
513585,00003,30.0
513761,00003,49.0
513767,00003,30.0
514413,00003,60.0
514811,00003,30.0
514812,00003,30.0
515146,00003,30.0
515613,00003,30.0
515781,00003,30.0
515784,00003,38.0
515921,00003,34.0
515922,00003,30.0
515928,00003,30.0
515983,00003,30.0
515985,00003,30.0
515990,00003,30.0
516028,00003,131.0
516029,00003,39.0
516229,00003,30.0
516359,00003,30.0
517419,00003,42.0
517448,00003,82.0
51767,00003,34.0
51782,00003,121.0
518454,00003,64.0
518456,00003,30.0
518691,00003,30.0
5191,00003,60.0
519209,00003,144.0
519229,00003,130.0
519525,00003,82.0
519528,00003,52.0
519530,00003,158.0
519531,00003,395.0
519533,00003,205.0
519934,00003,90.0
519935,00003,68.0
519937,00003,81.0
520777,00003,30.0
520819,00003,60.0
521010,00003,30.0
521011,00003,30.0
521012,00003,30.0
521013,00003,30.0
521082,00003,46.0
521084,00003,30.0
521086,00003,47.0
521099,00003,57.0
521184,00003,137.0
521201,00003,93.0
522734,00003,103.0
522736,00003,174.0
522737,00003,778.0
522738,00003,94.0
523472,00003,36.0
523984,00003,30.0
523985,00003,35.0
523986,00003,30.0
523987,00003,30.0
523989,00003,30.0
523990,00003,68.0
523995,00003,57.0
524013,00003,60.0
524094,00003,101.0
524116,00003,624.0
524117,00003,213.0
524135,00003,63.0
52425,00003,119.0
524556,00003,60.0
525066,00003,30.0
525067,00003,60.0
525201,00003,79.0
525569,00003,100.0
526307,00003,32.0
526308,00003,30.0
526309,00003,36.0
526310,00003,30.0
526311,00003,30.0
526312,00003,60.0
526804,00003,68.0
527126,00003,124.0
528532,00003,34.0
5289,00003,34.0
52924,00003,60.0
529733,00003,61.0
529739,00003,60.0
531222,00003,218.0
531446,00003,33.0
531447,00003,52.0
532508,00003,68.0
532509,00003,56.0
533462,00003,94.0
533573,00003,30.0
533673,00003,52.0
533674,00003,39.0
533675,00003,70.0
533679,00003,30.0
533735,00003,30.0
533848,00003,273.0
5344,00003,59.0
534580,00003,31.0
5346,00003,30.0
534678,00003,30.0
534679,00003,30.0
535303,00003,59.0
535308,00003,30.0
5371,00003,30.0
537104,00003,59.0
537105,00003,36.0
537106,00003,39.0
537169,00003,30.0
537170,00003,30.0
537171,00003,45.0
537173,00003,37.0
537174,00003,60.0
537175,00003,60.0
537176,00003,30.0
537177,00003,30.0
538044,00003,38.0
538560,00003,177.0
538603,00003,77.0
538870,00003,124.0
53905,00003,35.0
539403,00003,60.0
539404,00003,98.0
539684,00003,30.0
539685,00003,30.0
539686,00003,30.0
53978,00003,58.0
541426,00003,99.0
541427,00003,61.0
541517,00003,100.0
541518,00003,68.0
541571,00003,77.0
541621,00003,34.0
541622,00003,34.0
541623,00003,30.0
542935,00003,60.0
543028,00003,78.0
54496,00003,43.0
545,00003,97.0
545042,00003,30.0
545125,00003,30.0
545587,00003,60.0
545588,00003,52.0
545589,00003,90.0
545590,00003,150.0
546080,00003,36.0
54623,00003,61.0
54626,00003,116.0
546494,00003,30.0
546510,00003,56.0
54662,00003,30.0
54678,00003,60.0
547006,00003,30.0
54794,00003,49.0
550879,00003,30.0
550887,00003,30.0
550888,00003,30.0
55118,00003,60.0
551494,00003,274.0
551526,00003,30.0
552105,00003,48.0
552106,00003,61.0
552108,00003,78.0
552109,00003,52.0
552110,00003,64.0
552169,00003,30.0
552317,00003,60.0
5535,00003,30.0
55357,00003,60.0
553876,00003,30.0
554137,00003,136.0
554158,00003,30.0
554169,00003,30.0
554703,00003,30.0
555269,00003,109.0
555270,00003,78.0
555271,00003,174.0
555272,00003,113.0
555297,00003,39.0
555432,00003,353.0
555433,00003,156.0
555434,00003,295.0
555435,00003,202.0
555727,00003,76.0
556176,00003,30.0
556178,00003,30.0
55633,00003,102.0
5566,00003,30.0
556686,00003,30.0
556790,00003,30.0
556791,00003,60.0
556792,00003,36.0
557116,00003,61.0
557117,00003,60.0
557580,00003,35.0
557838,00003,30.0
557859,00003,30.0
558,00003,2316.0
55899,00003,110.0
55921,00003,113.0
5595,00003,30.0
559596,00003,30.0
560386,00003,105.0
560387,00003,60.0
5609,00003,30.0
561565,00003,72.0
561568,00003,111.0
562004,00003,131.0
562005,00003,75.0
562006,00003,34.0
562007,00003,30.0
562145,00003,110.0
562146,00003,94.0
562147,00003,86.0
562484,00003,82.0
562519,00003,30.0
562711,00003,49.0
562791,00003,30.0
562793,00003,60.0
563156,00003,30.0
563306,00003,108.0
563468,00003,34.0
563469,00003,38.0
564063,00003,30.0
564064,00003,366.0
564557,00003,34.0
564558,00003,30.0
564566,00003,30.0
564587,00003,30.0
565117,00003,111.0
565118,00003,133.0
565119,00003,676.0
565120,00003,147.0
565121,00003,126.0
565122,00003,125.0
565123,00003,158.0
565124,00003,147.0
565125,00003,87.0
565126,00003,140.0
565127,00003,98.0
565255,00003,30.0
565871,00003,3674.0
566567,00003,89.0
566568,00003,73.0
566752,00003,58.0
567317,00003,102.0
567332,00003,270.0
567440,00003,97.0
567473,00003,34.0
567475,00003,34.0
568160,00003,3146.0
568161,00003,629.0
568346,00003,30.0
569768,00003,34.0
569769,00003,56.0
569770,00003,44.0
569771,00003,30.0
569772,00003,81.0
569773,00003,34.0
569774,00003,51.0
569775,00003,60.0
569776,00003,30.0
570001,00003,82.0
570583,00003,30.0
570713,00003,100.0
570739,00003,60.0
570745,00003,159.0
570746,00003,138.0
571457,00003,59.0
571534,00003,30.0
571535,00003,30.0
571536,00003,30.0
571563,00003,122.0
571564,00003,142.0
574784,00003,356.0
574785,00003,64.0
574787,00003,39.0
57486,00003,121.0
57487,00003,90.0
57488,00003,192.0
574988,00003,60.0
576226,00003,59.0
576227,00003,30.0
576228,00003,30.0
576821,00003,34.0
577547,00003,30.0
578306,00003,266.0
578707,00003,45.0
578743,00003,60.0
579240,00003,34.0
579241,00003,30.0
579242,00003,30.0
579243,00003,95.0
579258,00003,66.0
579259,00003,81.0
579713,00003,277.0
580058,00003,30.0
580651,00003,50.0
580661,00003,447.0
580766,00003,30.0
580767,00003,30.0
580768,00003,30.0
580769,00003,64.0
580852,00003,30.0
581014,00003,30.0
581015,00003,30.0
581133,00003,30.0
581142,00003,34.0
581150,00003,30.0
581151,00003,162.0
581609,00003,30.0
581634,00003,30.0
581636,00003,30.0
581638,00003,30.0
581779,00003,60.0
581781,00003,69.0
581783,00003,97.0
581784,00003,52.0
581786,00003,37.0
581788,00003,38.0
581790,00003,30.0
581792,00003,30.0
581969,00003,654.0
582402,00003,167.0
582816,00003,79.0
582817,00003,60.0
582818,00003,30.0
58301,00003,30.0
583078,00003,30.0
583079,00003,30.0
583467,00003,34.0
583826,00003,38.0
583827,00003,57.0
584286,00003,662.0
584833,00003,30.0
584835,00003,60.0
585220,00003,64.0
585223,00003,52.0
585228,00003,86.0
585233,00003,60.0
585234,00003,146.0
585327,00003,55.0
585328,00003,68.0
585477,00003,111.0
585478,00003,56.0
585479,00003,90.0
585480,00003,129.0
585481,00003,60.0
585484,00003,56.0
585489,00003,30.0
585490,00003,30.0
585491,00003,30.0
586896,00003,60.0
586897,00003,60.0
586899,00003,30.0
587282,00003,30.0
58767,00003,30.0
587689,00003,98.0
588387,00003,45.0
588443,00003,54.0
588513,00003,30.0
588514,00003,30.0
588674,00003,30.0
588677,00003,34.0
588718,00003,60.0
588719,00003,56.0
588740,00003,180.0
588772,00003,500.0
58883,00003,42.0
589008,00003,55.0
589011,00003,32.0
589013,00003,30.0
589015,00003,34.0
58905,00003,1306.0
589287,00003,56.0
589288,00003,57.0
589289,00003,68.0
589290,00003,60.0
589297,00003,83.0
589298,00003,56.0
589299,00003,62.0
589420,00003,63.0
589459,00003,72.0
589460,00003,30.0
589674,00003,141.0
589675,00003,185.0
590083,00003,209.0
590084,00003,152.0
590415,00003,38.0
590667,00003,189.0
590668,00003,120.0
590669,00003,110.0
590670,00003,89.0
590671,00003,121.0
590739,00003,37.0
590865,00003,83.0
592529,00003,30.0
59262,00003,30.0
593838,00003,60.0
593839,00003,57.0
594125,00003,30.0
594135,00003,108.0
594136,00003,390.0
594137,00003,30.0
594214,00003,30.0
594871,00003,77.0
594879,00003,60.0
594880,00003,64.0
594881,00003,60.0
594882,00003,60.0
594883,00003,38.0
594885,00003,34.0
594886,00003,734.0
594887,00003,113.0
595071,00003,71.0
595670,00003,34.0
595958,00003,30.0
595959,00003,30.0
595960,00003,30.0
595961,00003,30.0
596029,00003,30.0
596244,00003,30.0
596245,00003,30.0
596246,00003,30.0
596262,00003,30.0
596263,00003,60.0
596264,00003,43.0
596265,00003,30.0
596266,00003,30.0
596665,00003,60.0
597827,00003,47.0
597913,00003,30.0
597914,00003,56.0
598041,00003,94.0
598333,00003,90.0
598334,00003,313.0
598335,00003,130.0
598336,00003,96.0
598337,00003,30.0
598338,00003,60.0
598339,00003,60.0
598340,00003,60.0
598341,00003,111.0
599007,00003,90.0
599009,00003,30.0
599083,00003,43.0
599812,00003,30.0
60055,00003,45.0
60056,00003,30.0
600594,00003,60.0
600595,00003,99.0
600596,00003,30.0
600598,00003,72.0
601166,00003,43.0
601167,00003,30.0
601168,00003,60.0
601169,00003,30.0
601170,00003,30.0
60152,00003,60.0
602803,00003,30.0
603370,00003,35.0
603372,00003,86.0
603376,00003,68.0
603732,00003,90.0
603733,00003,60.0
603736,00003,56.0
6079,00003,113.0
6095,00003,60.0
615,00003,64.0
61722,00003,70.0
62074,00003,182.0
62075,00003,43.0
62077,00003,355.0
62078,00003,287.0
62673,00003,60.0
63322,00003,30.0
63371,00003,30.0
63453,00003,70.0
6361,00003,60.0
63734,00003,30.0
63735,00003,30.0
63854,00003,56.0
63856,00003,30.0
63858,00003,30.0
6389,00003,30.0
6391,00003,35.0
64048,00003,2251.0
64808,00003,61.0
65111,00003,61.0
65223,00003,60.0
6542,00003,367.0
66365,00003,52.0
66369,00003,30.0
6654,00003,30.0
6656,00003,713.0
66802,00003,60.0
66803,00003,43.0
66925,00003,30.0
66932,00003,30.0
66938,00003,34.0
6719,00003,43.0
6802,00003,30.0
685,00003,1731.0
68987,00003,30.0
691,00003,305.0
70167,00003,60.0
71442,00003,60.0
72526,00003,285.0
72527,00003,30.0
74093,00003,60.0
74095,00003,31.0
74330,00003,30.0
74478,00003,30.0
75048,00003,95.0
7566,00003,200.0
77057,00003,90.0
77702,00003,34.0
77989,00003,56.0
78366,00003,181.0
78816,00003,30.0
79541,00003,30.0
7959,00003,64.0
79638,00003,145.0
80341,00003,72.0
80864,00003,234.0
80867,00003,326.0
80941,00003,46.0
8097,00003,34.0
817,00003,96.0
81883,00003,86.0
81884,00003,47.0
820,00003,71.0
82909,00003,43.0
83062,00003,30.0
83079,00003,30.0
83116,00003,30.0
83140,00003,30.0
83461,00003,30.0
83552,00003,188.0
83560,00003,88.0
83561,00003,80.0
84752,00003,60.0
84754,00003,79.0
84757,00003,64.0
8483,00003,373.0
84853,00003,129.0
85449,00003,60.0
85860,00003,801.0
85982,00003,30.0
85983,00003,30.0
85984,00003,30.0
85985,00003,30.0
86767,00003,34.0
86768,00003,34.0
87000,00003,35.0
87001,00003,30.0
87054,00003,30.0
87065,00003,61.0
87067,00003,56.0
87442,00003,39.0
875,00003,524.0
88266,00003,74.0
888,00003,143.0
88861,00003,51.0
88983,00003,30.0
89405,00003,310.0
90141,00003,143.0
90163,00003,110.0
905,00003,106.0
9090,00003,130.0
91214,00003,116.0
91967,00003,30.0
91974,00003,30.0
92894,00003,30.0
92895,00003,45.0
92900,00003,30.0
92977,00003,34.0
92982,00003,30.0
93148,00003,60.0
93223,00003,52.0
94510,00003,118.0
94642,00003,63.0
94643,00003,53.0
9496,00003,30.0
95123,00003,30.0
95392,00003,145.0
95770,00003,30.0
96147,00003,30.0
96294,00003,60.0
97146,00003,31.0
972,00003,60.0
98261,00003,30.0
98560,00003,212.0
99015,00003,36.0
99381,00003,43.0
99741,00003,60.0
99744,00003,83.0
100175,00025,60.0
100407,00025,30.0
100941,00025,30.0
100942,00025,43.0
100971,00025,30.0
100972,00025,30.0
10138,00025,56.0
101734,00025,59.0
101735,00025,30.0
101740,00025,59.0
101743,00025,60.0
102410,00025,36.0
102411,00025,35.0
102663,00025,30.0
102830,00025,60.0
102833,00025,64.0
102834,00025,37.0
102835,00025,69.0
1029,00025,39.0
10296,00025,75.0
10316,00025,120.0
103715,00025,34.0
103717,00025,34.0
1038,00025,58.0
10403,00025,114.0
1041,00025,31.0
104711,00025,60.0
104746,00025,30.0
105285,00025,60.0
105294,00025,64.0
105295,00025,72.0
105313,00025,68.0
105316,00025,97.0
105317,00025,60.0
105320,00025,88.0
105321,00025,58.0
105322,00025,66.0
105323,00025,60.0
105330,00025,71.0
105332,00025,56.0
105334,00025,56.0
105335,00025,60.0
105956,00025,72.0
106208,00025,122.0
106236,00025,79.0
106237,00025,52.0
106239,00025,61.0
10625,00025,30.0
1063,00025,86.0
106356,00025,384.0
106606,00025,125.0
10661,00025,38.0
106662,00025,140.0
106972,00025,60.0
106974,00025,136.0
107214,00025,34.0
107271,00025,62.0
107272,00025,149.0
107401,00025,30.0
107458,00025,40.0
107459,00025,30.0
107462,00025,47.0
107465,00025,38.0
107466,00025,56.0
107546,00025,75.0
107573,00025,30.0
107582,00025,30.0
107662,00025,51.0
107687,00025,30.0
108193,00025,60.0
108646,00025,42.0
108895,00025,88.0
109314,00025,35.0
109554,00025,30.0
109688,00025,44.0
109770,00025,64.0
109771,00025,62.0
109957,00025,34.0
109981,00025,30.0
110052,00025,61.0
110053,00025,32.0
110327,00025,53.0
110511,00025,30.0
110695,00025,84.0
110852,00025,63.0
110853,00025,214.0
111687,00025,30.0
111827,00025,171.0
112473,00025,47.0
112842,00025,124.0
113406,00025,30.0
113755,00025,42.0
113761,00025,55.0
113800,00025,105.0
113828,00025,30.0
116559,00025,43.0
116741,00025,1077.0
116801,00025,30.0
116897,00025,30.0
117012,00025,36.0
117300,00025,33.0
117317,00025,34.0
117675,00025,75.0
117964,00025,30.0
118064,00025,64.0
1182,00025,56.0
118209,00025,106.0
118260,00025,30.0
118796,00025,30.0
119323,00025,34.0
119609,00025,56.0
119612,00025,44.0
119868,00025,72.0
120040,00025,42.0
120310,00025,201.0
120554,00025,56.0
120773,00025,30.0
121420,00025,52.0
1221,00025,38.0
123080,00025,54.0
123081,00025,60.0
123896,00025,60.0
124495,00025,64.0
124729,00025,30.0
125494,00025,68.0
12637,00025,60.0
127308,00025,30.0
127359,00025,121.0
127360,00025,88.0
127439,00025,30.0
12845,00025,38.0
128667,00025,798.0
128673,00025,38.0
129086,00025,53.0
129430,00025,57.0
129497,00025,69.0
129498,00025,38.0
129593,00025,36.0
129597,00025,35.0
129598,00025,30.0
12965,00025,60.0
130248,00025,34.0
130555,00025,60.0
130556,00025,30.0
130561,00025,37.0
130562,00025,64.0
130663,00025,60.0
131229,00025,64.0
131233,00025,34.0
131234,00025,67.0
131235,00025,62.0
131323,00025,36.0
131511,00025,37.0
132678,00025,51.0
133243,00025,30.0
133336,00025,60.0
13334,00025,30.0
134389,00025,43.0
134402,00025,34.0
134549,00025,62.0
134760,00025,83.0
136257,00025,37.0
136258,00025,64.0
136350,00025,38.0
1375,00025,97.0
140111,00025,30.0
141772,00025,30.0
14210,00025,60.0
14232,00025,30.0
142525,00025,109.0
142529,00025,30.0
142530,00025,34.0
142531,00025,30.0
142532,00025,30.0
142533,00025,52.0
142796,00025,130.0
142908,00025,44.0
14324,00025,30.0
143361,00025,36.0
143363,00025,33.0
143871,00025,544.0
14401,00025,61.0
144232,00025,88.0
144729,00025,60.0
144730,00025,30.0
145082,00025,132.0
145085,00025,37.0
145178,00025,56.0
145221,00025,30.0
14587,00025,73.0
146152,00025,46.0
147758,00025,30.0
147841,00025,30.0
148007,00025,30.0
14831,00025,371.0
149093,00025,30.0
14921,00025,39.0
1494,00025,30.0
149486,00025,60.0
149487,00025,94.0
1498,00025,30.0
150345,00025,72.0
1506,00025,43.0
151311,00025,92.0
151812,00025,30.0
151813,00025,30.0
151814,00025,30.0
1520,00025,97.0
152629,00025,162.0
152731,00025,30.0
152980,00025,57.0
154808,00025,34.0
154809,00025,36.0
154810,00025,30.0
154891,00025,30.0
155363,00025,60.0
156285,00025,34.0
156703,00025,198.0
157688,00025,61.0
157691,00025,59.0
157692,00025,87.0
157960,00025,71.0
15804,00025,38.0
158113,00025,60.0
158612,00025,30.0
158613,00025,30.0
159685,00025,45.0
1599,00025,64.0
1605,00025,30.0
160714,00025,61.0
1609,00025,30.0
16287,00025,88.0
163,00025,89.0
163192,00025,33.0
163750,00025,34.0
1641,00025,48.0
1654,00025,57.0
165797,00025,91.0
167274,00025,55.0
167277,00025,60.0
167772,00025,30.0
167773,00025,30.0
168501,00025,35.0
168508,00025,30.0
168613,00025,39.0
168617,00025,34.0
168765,00025,299.0
168991,00025,58.0
169028,00025,75.0
16913,00025,30.0
1696,00025,70.0
169685,00025,60.0
169938,00025,367.0
172169,00025,34.0
172730,00025,60.0
173472,00025,30.0
17353,00025,30.0
17425,00025,30.0
174448,00025,34.0
174450,00025,30.0
175842,00025,65.0
1760,00025,30.0
176057,00025,42.0
176338,00025,30.0
176565,00025,55.0
17731,00025,30.0
177701,00025,30.0
17806,00025,54.0
178295,00025,59.0
179033,00025,30.0
179034,00025,30.0
179052,00025,30.0
179055,00025,51.0
179057,00025,30.0
17908,00025,60.0
1809,00025,39.0
182264,00025,30.0
182753,00025,30.0
182982,00025,30.0
184000,00025,34.0
184627,00025,30.0
184628,00025,30.0
184630,00025,30.0
185663,00025,60.0
18579,00025,34.0
1861,00025,32.0
187670,00025,47.0
188548,00025,103.0
18941,00025,30.0
190454,00025,69.0
190830,00025,88.0
191187,00025,87.0
191330,00025,34.0
192824,00025,30.0
192828,00025,30.0
194321,00025,52.0
194710,00025,31.0
195084,00025,34.0
195085,00025,38.0
1960,00025,37.0
196008,00025,30.0
196832,00025,82.0
196833,00025,67.0
197262,00025,52.0
19804,00025,39.0
1982,00025,30.0
1991,00025,52.0
200006,00025,43.0
200041,00025,175.0
200221,00025,54.0
202584,00025,60.0
20266,00025,30.0
20273,00025,38.0
203875,00025,30.0
203879,00025,52.0
204483,00025,33.0
20458,00025,38.0
204613,00025,30.0
204794,00025,30.0
20516,00025,101.0
206362,00025,30.0
20675,00025,61.0
208,00025,111.0
208050,00025,58.0
20840,00025,70.0
20857,00025,74.0
209031,00025,30.0
209032,00025,30.0
209052,00025,30.0
210155,00025,38.0
21033,00025,30.0
210594,00025,66.0
210785,00025,50.0
210874,00025,60.0
210959,00025,34.0
211128,00025,30.0
21279,00025,30.0
2138,00025,35.0
21405,00025,60.0
214094,00025,41.0
214099,00025,59.0
214104,00025,53.0
214107,00025,69.0
214134,00025,40.0
214684,00025,30.0
214815,00025,46.0
214909,00025,59.0
214912,00025,70.0
214913,00025,60.0
214914,00025,64.0
215281,00025,65.0
21538,00025,38.0
21541,00025,52.0
215995,00025,56.0
216389,00025,30.0
21855,00025,35.0
218557,00025,267.0
218637,00025,34.0
218870,00025,60.0
219181,00025,58.0
219836,00025,60.0
21995,00025,30.0
219959,00025,30.0
219962,00025,30.0
220234,00025,483.0
22088,00025,41.0
220884,00025,64.0
223389,00025,58.0
223491,00025,30.0
22450,00025,34.0
22560,00025,30.0
225701,00025,152.0
226050,00025,60.0
226397,00025,30.0
226398,00025,30.0
226791,00025,52.0
226812,00025,60.0
227528,00025,30.0
227589,00025,30.0
227866,00025,34.0
227868,00025,42.0
22794,00025,30.0
228232,00025,34.0
228685,00025,113.0
228969,00025,64.0
228983,00025,34.0
2292,00025,45.0
229229,00025,34.0
229230,00025,30.0
229605,00025,60.0
230468,00025,54.0
2316,00025,42.0
2322,00025,584.0
233016,00025,30.0
233072,00025,60.0
233172,00025,60.0
233541,00025,30.0
233542,00025,36.0
234317,00025,30.0
234319,00025,30.0
234321,00025,30.0
234325,00025,30.0
234326,00025,34.0
234328,00025,30.0
234336,00025,30.0
234394,00025,34.0
234569,00025,30.0
234590,00025,30.0
235121,00025,60.0
235134,00025,30.0
235137,00025,35.0
235800,00025,60.0
236252,00025,30.0
236492,00025,73.0
236641,00025,36.0
236659,00025,88.0
237065,00025,30.0
237267,00025,40.0
237276,00025,168.0
237284,00025,30.0
2374,00025,61.0
237428,00025,34.0
237429,00025,30.0
237688,00025,60.0
23817,00025,109.0
238695,00025,73.0
239663,00025,37.0
240,00025,94.0
240833,00025,35.0
240836,00025,30.0
241570,00025,33.0
241751,00025,30.0
242327,00025,30.0
242772,00025,38.0
242773,00025,30.0
243857,00025,60.0
243858,00025,39.0
243859,00025,34.0
2441,00025,41.0
2444,00025,37.0
245449,00025,34.0
246097,00025,88.0
246137,00025,30.0
246508,00025,60.0
2466,00025,57.0
246997,00025,60.0
249288,00025,30.0
249407,00025,60.0
249453,00025,52.0
249868,00025,39.0
249881,00025,30.0
250075,00025,34.0
250123,00025,30.0
2503,00025,30.0
25079,00025,88.0
2514,00025,30.0
252778,00025,30.0
254425,00025,48.0
254426,00025,34.0
254646,00025,38.0
2556,00025,34.0
2578,00025,34.0
257921,00025,63.0
259754,00025,30.0
260381,00025,30.0
260382,00025,30.0
260387,00025,30.0
260388,00025,30.0
260396,00025,30.0
260888,00025,39.0
260889,00025,30.0
261298,00025,90.0
262194,00025,30.0
262842,00025,30.0
262985,00025,56.0
263074,00025,30.0
263989,00025,85.0
263990,00025,56.0
264159,00025,77.0
264175,00025,30.0
264176,00025,30.0
264663,00025,30.0
264665,00025,30.0
264667,00025,30.0
264671,00025,30.0
264676,00025,30.0
2648,00025,52.0
264960,00025,30.0
265450,00025,60.0
267302,00025,30.0
268041,00025,30.0
268042,00025,60.0
26839,00025,41.0
268717,00025,147.0
26934,00025,34.0
269745,00025,37.0
271398,00025,34.0
271399,00025,30.0
272010,00025,30.0
27245,00025,46.0
272460,00025,30.0
272461,00025,56.0
272462,00025,30.0
272869,00025,38.0
274083,00025,47.0
274084,00025,30.0
274300,00025,30.0
274417,00025,30.0
274990,00025,65.0
275028,00025,124.0
275154,00025,30.0
275319,00025,30.0
275718,00025,30.0
275720,00025,30.0
276610,00025,56.0
276678,00025,30.0
277302,00025,35.0
278622,00025,34.0
278754,00025,33.0
279153,00025,30.0
279556,00025,30.0
280020,00025,30.0
280138,00025,30.0
280214,00025,119.0
280236,00025,43.0
280372,00025,30.0
281474,00025,54.0
281565,00025,81.0
282898,00025,30.0
28425,00025,68.0
285075,00025,63.0
285411,00025,30.0
285490,00025,30.0
285491,00025,57.0
285500,00025,30.0
285501,00025,30.0
285504,00025,30.0
28610,00025,349.0
286163,00025,30.0
286875,00025,30.0
286995,00025,86.0
2879,00025,30.0
288097,00025,73.0
289483,00025,30.0
28959,00025,91.0
289647,00025,60.0
289648,00025,60.0
289649,00025,60.0
289650,00025,56.0
290532,00025,34.0
29100,00025,34.0
2914,00025,34.0
291705,00025,54.0
296065,00025,86.0
296176,00025,31.0
296179,00025,30.0
296182,00025,75.0
296590,00025,38.0
297040,00025,43.0
297041,00025,99.0
2976,00025,62.0
297726,00025,48.0
2978,00025,56.0
297984,00025,30.0
297985,00025,30.0
29820,00025,90.0
29856,00025,59.0
298992,00025,30.0
299478,00025,100.0
299497,00025,34.0
299700,00025,30.0
29979,00025,30.0
299930,00025,78.0
299993,00025,64.0
299994,00025,84.0
300030,00025,34.0
300044,00025,30.0
301255,00025,93.0
301257,00025,83.0
301258,00025,60.0
301259,00025,50.0
301260,00025,98.0
301382,00025,34.0
301758,00025,30.0
301763,00025,30.0
3028,00025,30.0
303608,00025,30.0
303976,00025,61.0
303977,00025,57.0
303978,00025,60.0
304133,00025,60.0
304139,00025,80.0
3047,00025,34.0
304932,00025,30.0
304935,00025,30.0
305014,00025,34.0
305065,00025,30.0
305233,00025,126.0
30617,00025,52.0
307256,00025,34.0
30762,00025,30.0
308265,00025,39.0
308500,00025,60.0
308501,00025,64.0
308607,00025,52.0
309351,00025,30.0
31,00025,57.0
310182,00025,30.0
310545,00025,30.0
311020,00025,40.0
311373,00025,34.0
3124,00025,60.0
313917,00025,38.0
313919,00025,30.0
31393,00025,34.0
31396,00025,59.0
31398,00025,60.0
314486,00025,51.0
3148,00025,76.0
314822,00025,84.0
315018,00025,56.0
315052,00025,57.0
315796,00025,64.0
315797,00025,30.0
316080,00025,139.0
316097,00025,30.0
316349,00025,59.0
31635,00025,30.0
316363,00025,30.0
317097,00025,34.0
31733,00025,31.0
3179,00025,42.0
318329,00025,34.0
31894,00025,71.0
320839,00025,42.0
321718,00025,60.0
321766,00025,47.0
322153,00025,100.0
322154,00025,87.0
322155,00025,92.0
32247,00025,38.0
32322,00025,30.0
324412,00025,30.0
3257,00025,30.0
325833,00025,84.0
326437,00025,30.0
326623,00025,34.0
326735,00025,50.0
327640,00025,30.0
327641,00025,30.0
327703,00025,65.0
3292,00025,59.0
32934,00025,79.0
330659,00025,50.0
330662,00025,41.0
330663,00025,38.0
330664,00025,56.0
330666,00025,42.0
33105,00025,35.0
331118,00025,30.0
331151,00025,67.0
331155,00025,60.0
331164,00025,30.0
332406,00025,166.0
332528,00025,55.0
332554,00025,30.0
332817,00025,131.0
333486,00025,30.0
333569,00025,30.0
333828,00025,64.0
333894,00025,56.0
333898,00025,34.0
334445,00025,78.0
3348,00025,74.0
335638,00025,60.0
335643,00025,30.0
335667,00025,47.0
3357,00025,30.0
33664,00025,30.0
336643,00025,35.0
336644,00025,30.0
336646,00025,30.0
3368,00025,92.0
336981,00025,65.0
337069,00025,30.0
337347,00025,30.0
338553,00025,62.0
338564,00025,61.0
3386,00025,30.0
339239,00025,60.0
33927,00025,30.0
340955,00025,70.0
34102,00025,30.0
341214,00025,30.0
343660,00025,68.0
343815,00025,43.0
343816,00025,46.0
343817,00025,37.0
343818,00025,36.0
344553,00025,30.0
344569,00025,30.0
34462,00025,34.0
345024,00025,99.0
345255,00025,30.0
345355,00025,30.0
345356,00025,35.0
345357,00025,34.0
345749,00025,30.0
345750,00025,34.0
346668,00025,56.0
3474,00025,30.0
348719,00025,34.0
34888,00025,1530.0
34899,00025,69.0
349625,00025,120.0
350831,00025,60.0
350978,00025,60.0
35318,00025,30.0
353357,00025,30.0
353596,00025,44.0
354050,00025,38.0
3542,00025,30.0
354225,00025,35.0
354257,00025,30.0
354615,00025,38.0
354786,00025,34.0
355457,00025,60.0
355909,00025,46.0
355938,00025,63.0
3562,00025,30.0
357175,00025,53.0
357499,00025,30.0
358212,00025,34.0
358232,00025,30.0
358234,00025,48.0
358235,00025,30.0
358819,00025,41.0
359518,00025,154.0
36042,00025,37.0
36043,00025,44.0
36044,00025,30.0
36045,00025,30.0
360703,00025,30.0
36075,00025,39.0
36076,00025,55.0
360843,00025,34.0
36118,00025,90.0
361202,00025,30.0
361474,00025,30.0
361475,00025,30.0
361532,00025,48.0
361534,00025,30.0
362022,00025,80.0
363142,00025,42.0
364446,00025,78.0
364447,00025,90.0
364448,00025,65.0
364451,00025,90.0
364853,00025,30.0
36486,00025,110.0
365449,00025,30.0
365450,00025,31.0
365451,00025,30.0
365888,00025,46.0
366612,00025,34.0
367412,00025,30.0
368139,00025,34.0
368140,00025,30.0
368159,00025,30.0
368196,00025,30.0
3683,00025,41.0
368740,00025,30.0
3689,00025,30.0
369400,00025,60.0
36986,00025,30.0
370375,00025,35.0
371123,00025,63.0
371128,00025,62.0
371132,00025,51.0
371133,00025,30.0
371134,00025,56.0
371135,00025,52.0
371328,00025,63.0
372469,00025,43.0
3726,00025,30.0
373695,00025,43.0
373696,00025,36.0
373782,00025,60.0
373795,00025,60.0
373799,00025,83.0
373848,00025,30.0
375414,00025,35.0
375941,00025,60.0
378685,00025,181.0
379145,00025,446.0
379146,00025,60.0
379148,00025,93.0
379684,00025,43.0
379685,00025,62.0
379944,00025,39.0
379945,00025,37.0
380312,00025,90.0
380408,00025,38.0
380413,00025,30.0
38066,00025,309.0
38072,00025,99.0
380925,00025,57.0
380931,00025,60.0
381264,00025,126.0
381265,00025,77.0
381890,00025,52.0
381909,00025,35.0
382446,00025,39.0
382505,00025,71.0
382839,00025,30.0
383039,00025,70.0
383110,00025,30.0
384028,00025,60.0
384307,00025,42.0
384695,00025,30.0
385845,00025,64.0
386635,00025,43.0
386637,00025,30.0
386669,00025,65.0
386976,00025,30.0
387158,00025,38.0
387874,00025,30.0
388700,00025,38.0
388728,00025,30.0
389244,00025,74.0
389478,00025,31.0
389479,00025,35.0
389480,00025,34.0
389481,00025,49.0
389736,00025,38.0
389737,00025,34.0
389876,00025,30.0
390392,00025,42.0
390399,00025,44.0
390402,00025,34.0
390427,00025,30.0
390615,00025,77.0
390633,00025,69.0
390634,00025,60.0
390639,00025,60.0
390640,00025,60.0
390663,00025,30.0
390669,00025,30.0
391004,00025,42.0
391159,00025,30.0
391237,00025,30.0
391238,00025,30.0
391244,00025,34.0
391245,00025,30.0
391253,00025,57.0
392344,00025,68.0
392385,00025,30.0
392462,00025,30.0
392463,00025,30.0
392464,00025,30.0
392465,00025,30.0
392466,00025,30.0
392467,00025,30.0
392719,00025,104.0
393063,00025,30.0
393214,00025,52.0
393215,00025,43.0
393400,00025,30.0
393540,00025,30.0
393541,00025,57.0
393561,00025,45.0
393567,00025,60.0
394055,00025,98.0
394499,00025,60.0
394500,00025,90.0
394501,00025,84.0
394509,00025,55.0
394511,00025,56.0
394533,00025,55.0
394534,00025,30.0
394709,00025,30.0
39472,00025,1632.0
394910,00025,30.0
394929,00025,30.0
396062,00025,51.0
396548,00025,30.0
396722,00025,48.0
39704,00025,30.0
397262,00025,30.0
397264,00025,30.0
397347,00025,30.0
397348,00025,30.0
397349,00025,30.0
397710,00025,38.0
398385,00025,56.0
398508,00025,30.0
398907,00025,86.0
399842,00025,108.0
400075,00025,68.0
400077,00025,60.0
400743,00025,35.0
400759,00025,34.0
400768,00025,60.0
400790,00025,54.0
4008,00025,38.0
400825,00025,30.0
400930,00025,34.0
401499,00025,30.0
401556,00025,27.0
401640,00025,42.0
402255,00025,65.0
402924,00025,30.0
402925,00025,54.0
402928,00025,33.0
402935,00025,30.0
402936,00025,39.0
402937,00025,30.0
402938,00025,59.0
403252,00025,30.0
403392,00025,30.0
403611,00025,30.0
403612,00025,41.0
403758,00025,55.0
403760,00025,40.0
403842,00025,30.0
403942,00025,30.0
403943,00025,30.0
403944,00025,30.0
403948,00025,30.0
403957,00025,30.0
403959,00025,30.0
403987,00025,61.0
40399,00025,111.0
404,00025,57.0
404135,00025,31.0
404343,00025,30.0
404525,00025,30.0
404526,00025,57.0
404528,00025,57.0
404531,00025,30.0
404547,00025,64.0
405082,00025,60.0
405159,00025,30.0
405161,00025,30.0
405165,00025,30.0
405626,00025,90.0
405628,00025,115.0
405631,00025,73.0
405733,00025,33.0
405734,00025,30.0
406018,00025,143.0
406166,00025,30.0
406342,00025,30.0
406344,00025,30.0
406355,00025,60.0
406612,00025,61.0
406614,00025,67.0
406651,00025,31.0
406652,00025,30.0
406653,00025,64.0
406908,00025,40.0
407192,00025,30.0
407312,00025,51.0
407345,00025,30.0
407346,00025,30.0
407347,00025,30.0
407620,00025,30.0
407790,00025,32.0
407889,00025,35.0
407941,00025,30.0
407966,00025,55.0
408,00025,132.0
408032,00025,43.0
408206,00025,30.0
408304,00025,53.0
408517,00025,34.0
408550,00025,34.0
408551,00025,30.0
408552,00025,30.0
408553,00025,30.0
408554,00025,30.0
408555,00025,30.0
409191,00025,30.0
409194,00025,34.0
409357,00025,30.0
409445,00025,30.0
409911,00025,30.0
409981,00025,30.0
410592,00025,56.0
410867,00025,30.0
411074,00025,30.0
411076,00025,34.0
411262,00025,30.0
411891,00025,33.0
411893,00025,34.0
411897,00025,30.0
412859,00025,1490.0
412891,00025,35.0
413062,00025,34.0
413064,00025,30.0
413180,00025,30.0
413552,00025,30.0
413557,00025,34.0
413558,00025,42.0
413560,00025,37.0
413562,00025,30.0
413926,00025,94.0
414179,00025,30.0
414224,00025,30.0
414229,00025,30.0
414736,00025,30.0
414762,00025,30.0
414763,00025,34.0
414788,00025,60.0
414870,00025,30.0
4152,00025,60.0
415227,00025,60.0
415234,00025,30.0
415237,00025,36.0
415238,00025,34.0
415256,00025,30.0
415399,00025,30.0
41542,00025,81.0
415422,00025,30.0
416806,00025,34.0
417271,00025,30.0
417276,00025,30.0
417277,00025,60.0
417784,00025,30.0
41796,00025,361.0
41801,00025,147.0
418046,00025,60.0
418234,00025,30.0
418235,00025,30.0
418236,00025,30.0
418307,00025,58.0
418313,00025,30.0
418463,00025,30.0
418468,00025,34.0
418830,00025,60.0
418832,00025,56.0
418946,00025,60.0
418982,00025,30.0
419519,00025,31.0
419643,00025,30.0
420834,00025,60.0
420986,00025,48.0
421161,00025,30.0
42120,00025,94.0
42135,00025,63.0
42231,00025,116.0
422450,00025,60.0
422456,00025,67.0
422458,00025,34.0
422845,00025,30.0
42450,00025,34.0
424641,00025,63.0
42466,00025,35.0
42472,00025,30.0
42476,00025,34.0
424971,00025,30.0
424976,00025,34.0
424977,00025,63.0
425034,00025,30.0
425425,00025,68.0
4255,00025,51.0
425544,00025,40.0
4282,00025,55.0
42940,00025,64.0
430565,00025,30.0
430566,00025,30.0
430738,00025,52.0
430976,00025,30.0
430983,00025,34.0
431598,00025,35.0
431602,00025,36.0
43422,00025,90.0
43447,00025,37.0
43448,00025,37.0
43475,00025,30.0
43549,00025,130.0
43550,00025,85.0
43859,00025,54.0
438590,00025,30.0
438592,00025,30.0
438593,00025,34.0
43860,00025,30.0
43861,00025,34.0
440034,00025,30.0
440036,00025,30.0
440548,00025,30.0
440622,00025,82.0
440623,00025,116.0
4408,00025,49.0
441118,00025,85.0
441119,00025,38.0
446624,00025,30.0
44705,00025,30.0
44706,00025,68.0
44707,00025,31.0
447624,00025,60.0
447627,00025,60.0
447684,00025,235.0
447761,00025,30.0
447829,00025,30.0
448624,00025,30.0
44870,00025,30.0
448951,00025,34.0
448952,00025,52.0
449191,00025,30.0
449194,00025,64.0
449398,00025,30.0
449621,00025,43.0
449636,00025,38.0
4497,00025,30.0
449726,00025,30.0
449728,00025,34.0
449790,00025,35.0
449794,00025,30.0
449951,00025,30.0
450122,00025,34.0
450169,00025,74.0
450170,00025,34.0
450344,00025,60.0
450347,00025,34.0
450399,00025,59.0
451231,00025,30.0
451233,00025,30.0
451234,00025,30.0
451235,00025,30.0
451236,00025,30.0
451237,00025,60.0
451423,00025,91.0
451477,00025,30.0
451592,00025,60.0
451730,00025,30.0
451731,00025,34.0
452331,00025,34.0
45245,00025,35.0
452652,00025,60.0
453426,00025,56.0
453440,00025,107.0
453738,00025,30.0
453871,00025,53.0
453873,00025,31.0
453876,00025,39.0
453943,00025,47.0
454140,00025,53.0
454176,00025,30.0
454203,00025,30.0
454825,00025,39.0
454829,00025,60.0
454846,00025,68.0
454849,00025,30.0
454881,00025,43.0
4550,00025,30.0
455321,00025,61.0
455430,00025,80.0
455436,00025,67.0
455784,00025,30.0
456401,00025,30.0
456593,00025,56.0
4567,00025,30.0
456854,00025,124.0
456970,00025,30.0
456973,00025,30.0
456976,00025,30.0
457040,00025,31.0
457075,00025,30.0
457113,00025,30.0
457138,00025,30.0
457680,00025,30.0
457846,00025,51.0
457860,00025,34.0
4580,00025,34.0
458272,00025,30.0
458273,00025,30.0
459655,00025,41.0
459755,00025,164.0
459897,00025,30.0
459977,00025,176.0
460775,00025,30.0
460833,00025,92.0
460840,00025,63.0
460841,00025,56.0
460844,00025,30.0
461075,00025,30.0
461077,00025,52.0
461357,00025,30.0
461360,00025,30.0
461760,00025,39.0
462231,00025,30.0
463021,00025,30.0
463149,00025,46.0
463161,00025,34.0
463229,00025,30.0
463275,00025,58.0
463278,00025,56.0
463283,00025,60.0
463376,00025,30.0
463377,00025,30.0
463378,00025,30.0
463381,00025,30.0
463498,00025,34.0
464198,00025,66.0
46499,00025,1057.0
46503,00025,506.0
46713,00025,765.0
4680,00025,34.0
46853,00025,102.0
468844,00025,30.0
469158,00025,30.0
469298,00025,43.0
469709,00025,30.0
469710,00025,30.0
469934,00025,67.0
469935,00025,58.0
470176,00025,31.0
470178,00025,30.0
470180,00025,30.0
47071,00025,57.0
47072,00025,60.0
470814,00025,30.0
471451,00025,48.0
471462,00025,30.0
47168,00025,32.0
47173,00025,30.0
47195,00025,34.0
47261,00025,68.0
472921,00025,60.0
473657,00025,81.0
473875,00025,30.0
47388,00025,45.0
473920,00025,45.0
473921,00025,38.0
473932,00025,361.0
474986,00025,55.0
475193,00025,34.0
475194,00025,56.0
475940,00025,38.0
475944,00025,30.0
477265,00025,60.0
477266,00025,34.0
477732,00025,30.0
477733,00025,46.0
478160,00025,64.0
478352,00025,137.0
478353,00025,224.0
479663,00025,56.0
479664,00025,90.0
480492,00025,30.0
481177,00025,34.0
481178,00025,30.0
481597,00025,34.0
481767,00025,55.0
48180,00025,74.0
481826,00025,56.0
482160,00025,30.0
482161,00025,34.0
482162,00025,32.0
482163,00025,30.0
483046,00025,603.0
48402,00025,68.0
484229,00025,65.0
484230,00025,127.0
484231,00025,109.0
484232,00025,74.0
484234,00025,30.0
484236,00025,42.0
484238,00025,34.0
484534,00025,124.0
485529,00025,30.0
48608,00025,34.0
4873,00025,30.0
487754,00025,30.0
488170,00025,30.0
488177,00025,30.0
488286,00025,60.0
488626,00025,34.0
489193,00025,48.0
489194,00025,46.0
489453,00025,55.0
491516,00025,66.0
491517,00025,60.0
4916,00025,55.0
491669,00025,117.0
491774,00025,62.0
491839,00025,34.0
491841,00025,34.0
492075,00025,105.0
492154,00025,57.0
492155,00025,30.0
492261,00025,75.0
492264,00025,30.0
492265,00025,30.0
492266,00025,34.0
492267,00025,30.0
492269,00025,30.0
492270,00025,30.0
492398,00025,34.0
492403,00025,56.0
492636,00025,30.0
492638,00025,38.0
492640,00025,30.0
492641,00025,42.0
492705,00025,60.0
493066,00025,60.0
493197,00025,35.0
493461,00025,34.0
493977,00025,30.0
494249,00025,114.0
494254,00025,108.0
494265,00025,249.0
494267,00025,126.0
494270,00025,134.0
494279,00025,214.0
494943,00025,65.0
494947,00025,240.0
494948,00025,88.0
494949,00025,86.0
495178,00025,30.0
495179,00025,30.0
495182,00025,35.0
495183,00025,38.0
495536,00025,30.0
495767,00025,74.0
495867,00025,30.0
495934,00025,141.0
496042,00025,53.0
496352,00025,35.0
496498,00025,60.0
496703,00025,30.0
496706,00025,30.0
497121,00025,50.0
497122,00025,86.0
497152,00025,30.0
497154,00025,30.0
497155,00025,30.0
498678,00025,30.0
498681,00025,30.0
498943,00025,30.0
498949,00025,42.0
499015,00025,30.0
499085,00025,60.0
499723,00025,30.0
499993,00025,60.0
500770,00025,350.0
501567,00025,83.0
501571,00025,41.0
502097,00025,34.0
502109,00025,69.0
502598,00025,60.0
502599,00025,41.0
502903,00025,59.0
502926,00025,60.0
502929,00025,30.0
502931,00025,86.0
502932,00025,61.0
502933,00025,64.0
502934,00025,60.0
502935,00025,56.0
502936,00025,64.0
502940,00025,61.0
502978,00025,59.0
5034,00025,60.0
503479,00025,61.0
503480,00025,30.0
504248,00025,60.0
504249,00025,61.0
504251,00025,59.0
504255,00025,60.0
504269,00025,51.0
504272,00025,60.0
504273,00025,35.0
504278,00025,64.0
504279,00025,60.0
504559,00025,30.0
504562,00025,30.0
504564,00025,30.0
504565,00025,38.0
50473,00025,46.0
505109,00025,30.0
505115,00025,35.0
505116,00025,30.0
505117,00025,30.0
505235,00025,30.0
505356,00025,30.0
505612,00025,37.0
505613,00025,60.0
505614,00025,60.0
505615,00025,60.0
505857,00025,30.0
506033,00025,30.0
506493,00025,30.0
506787,00025,60.0
506788,00025,35.0
506789,00025,74.0
506790,00025,30.0
507,00025,48.0
507259,00025,30.0
507611,00025,39.0
507612,00025,37.0
508,00025,40.0
508007,00025,60.0
508008,00025,61.0
508237,00025,52.0
508504,00025,56.0
508569,00025,30.0
508570,00025,32.0
508625,00025,30.0
508979,00025,63.0
509221,00025,34.0
50946,00025,60.0
510606,00025,30.0
510675,00025,30.0
510678,00025,30.0
511003,00025,68.0
511004,00025,61.0
511036,00025,60.0
511041,00025,52.0
511042,00025,60.0
511043,00025,56.0
511336,00025,46.0
511337,00025,60.0
511716,00025,30.0
511735,00025,30.0
511737,00025,30.0
511830,00025,30.0
511831,00025,30.0
511832,00025,30.0
511837,00025,30.0
511839,00025,30.0
511880,00025,30.0
511885,00025,30.0
511886,00025,54.0
511887,00025,35.0
511888,00025,30.0
511907,00025,60.0
511916,00025,30.0
511921,00025,30.0
512215,00025,77.0
512240,00025,30.0
512301,00025,38.0
512302,00025,39.0
512303,00025,34.0
512418,00025,60.0
512649,00025,34.0
513097,00025,30.0
513150,00025,99.0
513568,00025,30.0
513585,00025,30.0
513636,00025,30.0
513761,00025,41.0
513766,00025,30.0
513864,00025,30.0
514296,00025,34.0
514310,00025,30.0
514412,00025,47.0
514413,00025,55.0
514510,00025,30.0
514811,00025,38.0
515146,00025,30.0
515613,00025,30.0
515781,00025,47.0
515784,00025,64.0
515915,00025,30.0
515921,00025,34.0
515922,00025,30.0
515928,00025,30.0
515985,00025,30.0
516028,00025,156.0
516029,00025,189.0
516229,00025,34.0
516359,00025,30.0
517448,00025,57.0
51782,00025,73.0
518454,00025,60.0
518456,00025,60.0
519209,00025,60.0
519229,00025,80.0
519530,00025,90.0
519531,00025,59.0
519533,00025,39.0
519796,00025,35.0
519797,00025,30.0
519798,00025,30.0
519799,00025,34.0
519934,00025,59.0
519935,00025,71.0
519937,00025,34.0
520777,00025,42.0
520819,00025,30.0
521201,00025,49.0
522734,00025,80.0
522736,00025,91.0
522737,00025,80.0
523002,00025,30.0
523921,00025,51.0
523922,00025,30.0
523923,00025,34.0
523984,00025,30.0
523985,00025,30.0
523989,00025,30.0
523990,00025,56.0
523995,00025,46.0
524094,00025,95.0
524116,00025,110.0
524117,00025,84.0
524135,00025,34.0
52425,00025,42.0
5244,00025,53.0
524556,00025,30.0
52483,00025,61.0
52484,00025,30.0
52486,00025,42.0
525066,00025,30.0
525067,00025,41.0
525201,00025,99.0
526307,00025,34.0
526308,00025,41.0
526309,00025,30.0
526310,00025,30.0
526311,00025,34.0
526312,00025,38.0
526804,00025,64.0
526805,00025,56.0
526806,00025,80.0
527126,00025,87.0
528532,00025,38.0
5289,00025,60.0
52924,00025,55.0
529739,00025,47.0
531222,00025,116.0
531794,00025,30.0
533462,00025,292.0
533573,00025,64.0
533674,00025,43.0
533675,00025,55.0
533679,00025,30.0
533681,00025,30.0
533706,00025,60.0
533735,00025,30.0
533821,00025,85.0
533848,00025,120.0
5344,00025,35.0
534580,00025,35.0
534750,00025,30.0
535303,00025,60.0
535308,00025,34.0
535648,00025,30.0
535927,00025,31.0
535932,00025,30.0
535933,00025,30.0
537104,00025,60.0
537105,00025,56.0
537106,00025,30.0
537169,00025,30.0
537170,00025,38.0
537171,00025,30.0
537173,00025,30.0
537174,00025,30.0
537175,00025,40.0
537176,00025,30.0
537177,00025,30.0
537442,00025,30.0
538044,00025,30.0
538603,00025,30.0
538870,00025,67.0
53905,00025,46.0
539190,00025,53.0
539403,00025,30.0
539404,00025,30.0
539683,00025,30.0
539684,00025,30.0
539685,00025,30.0
539686,00025,30.0
54107,00025,30.0
541426,00025,25.0
541427,00025,52.0
541517,00025,50.0
541518,00025,101.0
541558,00025,30.0
541571,00025,30.0
541621,00025,30.0
541622,00025,30.0
541623,00025,30.0
543028,00025,59.0
543078,00025,30.0
545,00025,82.0
545042,00025,30.0
545125,00025,30.0
545587,00025,30.0
545588,00025,67.0
545589,00025,68.0
545590,00025,33.0
546080,00025,60.0
54623,00025,60.0
54626,00025,68.0
546510,00025,45.0
54662,00025,30.0
54678,00025,30.0
547854,00025,30.0
54794,00025,63.0
5489,00025,34.0
549092,00025,30.0
550879,00025,30.0
550887,00025,34.0
550888,00025,34.0
55118,00025,60.0
551494,00025,34.0
552105,00025,30.0
552106,00025,34.0
552108,00025,50.0
552109,00025,30.0
552110,00025,42.0
552160,00025,30.0
552161,00025,30.0
552162,00025,30.0
552163,00025,30.0
552166,00025,30.0
552168,00025,30.0
552169,00025,35.0
552170,00025,30.0
552317,00025,132.0
5535,00025,30.0
55357,00025,30.0
553876,00025,34.0
554158,00025,66.0
554169,00025,30.0
555269,00025,60.0
555270,00025,57.0
555271,00025,73.0
555272,00025,61.0
555727,00025,69.0
555806,00025,30.0
555881,00025,60.0
555890,00025,59.0
555893,00025,30.0
555904,00025,30.0
555933,00025,60.0
556176,00025,30.0
556178,00025,56.0
55633,00025,30.0
5566,00025,34.0
556685,00025,32.0
556686,00025,41.0
556791,00025,32.0
557116,00025,59.0
557117,00025,60.0
557580,00025,30.0
557838,00025,30.0
557839,00025,30.0
557856,00025,48.0
557857,00025,30.0
557859,00025,34.0
557860,00025,30.0
558,00025,43.0
558132,00025,30.0
55899,00025,408.0
55921,00025,611.0
5595,00025,41.0
559596,00025,34.0
559781,00025,30.0
559792,00025,30.0
560386,00025,100.0
560387,00025,42.0
561565,00025,73.0
561568,00025,61.0
562004,00025,60.0
562005,00025,64.0
562006,00025,30.0
562007,00025,34.0
562008,00025,30.0
562026,00025,60.0
562145,00025,90.0
562146,00025,62.0
562147,00025,60.0
562484,00025,60.0
562523,00025,30.0
562529,00025,30.0
562711,00025,29.0
562785,00025,30.0
562786,00025,51.0
562787,00025,45.0
562788,00025,30.0
562791,00025,64.0
562792,00025,64.0
562793,00025,94.0
562794,00025,64.0
563153,00025,34.0
563156,00025,58.0
563160,00025,30.0
563163,00025,30.0
563306,00025,30.0
563534,00025,30.0
564064,00025,68.0
564557,00025,44.0
564558,00025,52.0
564566,00025,52.0
564587,00025,30.0
565117,00025,179.0
565118,00025,407.0
565119,00025,59.0
565120,00025,52.0
565121,00025,43.0
565122,00025,68.0
565123,00025,68.0
565124,00025,87.0
565125,00025,65.0
565126,00025,60.0
565127,00025,63.0
565255,00025,30.0
565871,00025,516.0
566557,00025,30.0
566567,00025,86.0
566568,00025,65.0
567317,00025,66.0
567332,00025,107.0
567440,00025,66.0
567473,00025,34.0
567475,00025,52.0
567812,00025,30.0
568346,00025,30.0
569768,00025,59.0
569769,00025,35.0
569770,00025,30.0
569771,00025,30.0
569772,00025,30.0
569773,00025,51.0
569774,00025,59.0
569775,00025,61.0
569776,00025,57.0
569921,00025,30.0
569924,00025,30.0
569927,00025,30.0
570001,00025,60.0
570583,00025,30.0
570710,00025,30.0
570713,00025,176.0
570739,00025,52.0
570745,00025,162.0
570746,00025,169.0
571102,00025,30.0
571457,00025,60.0
571534,00025,30.0
571535,00025,30.0
571536,00025,30.0
571563,00025,120.0
571564,00025,99.0
571890,00025,30.0
571891,00025,39.0
572715,00025,30.0
574806,00025,100.0
57487,00025,49.0
574988,00025,38.0
576226,00025,60.0
576227,00025,30.0
576228,00025,30.0
576821,00025,35.0
57683,00025,34.0
577547,00025,35.0
578707,00025,34.0
578743,00025,111.0
579240,00025,30.0
579241,00025,30.0
579242,00025,30.0
579243,00025,34.0
579258,00025,60.0
579259,00025,69.0
579700,00025,30.0
579713,00025,338.0
580058,00025,30.0
580651,00025,60.0
580661,00025,235.0
580718,00025,64.0
580758,00025,56.0
580766,00025,60.0
580767,00025,30.0
580769,00025,30.0
580851,00025,30.0
581014,00025,30.0
581015,00025,30.0
581127,00025,30.0
581133,00025,30.0
581151,00025,89.0
581294,00025,30.0
581300,00025,30.0
581304,00025,30.0
581305,00025,51.0
581307,00025,30.0
581309,00025,34.0
581599,00025,55.0
581600,00025,35.0
581601,00025,30.0
581609,00025,39.0
581612,00025,30.0
581613,00025,34.0
581623,00025,34.0
581625,00025,30.0
581636,00025,60.0
581638,00025,46.0
581640,00025,60.0
581779,00025,94.0
581781,00025,60.0
581783,00025,120.0
581784,00025,34.0
581786,00025,30.0
581788,00025,60.0
581790,00025,34.0
581792,00025,60.0
581969,00025,123.0
582807,00025,30.0
582816,00025,60.0
582817,00025,38.0
582818,00025,30.0
58301,00025,42.0
583078,00025,270.0
583079,00025,103.0
583467,00025,91.0
583649,00025,30.0
583653,00025,30.0
583773,00025,30.0
583774,00025,30.0
583775,00025,34.0
583776,00025,30.0
583826,00025,30.0
583827,00025,30.0
583828,00025,30.0
584286,00025,438.0
584833,00025,30.0
584834,00025,30.0
584835,00025,60.0
584921,00025,60.0
585223,00025,60.0
585327,00025,94.0
585328,00025,64.0
585541,00025,51.0
586896,00025,76.0
586897,00025,34.0
586898,00025,68.0
586899,00025,90.0
587282,00025,35.0
58767,00025,30.0
587689,00025,40.0
587732,00025,68.0
587833,00025,38.0
587999,00025,30.0
588035,00025,60.0
588036,00025,60.0
588037,00025,60.0
5882,00025,128.0
588387,00025,30.0
588514,00025,30.0
588672,00025,38.0
588673,00025,38.0
588674,00025,31.0
588675,00025,44.0
588676,00025,38.0
588677,00025,35.0
588718,00025,30.0
588719,00025,30.0
588740,00025,90.0
588772,00025,80.0
58883,00025,64.0
589010,00025,30.0
58905,00025,283.0
589287,00025,56.0
589288,00025,30.0
589289,00025,38.0
589290,00025,30.0
589297,00025,37.0
589299,00025,52.0
589419,00025,30.0
589420,00025,31.0
589459,00025,60.0
589460,00025,56.0
589674,00025,195.0
589675,00025,123.0
590083,00025,90.0
590084,00025,91.0
590415,00025,34.0
590667,00025,59.0
590668,00025,49.0
590669,00025,45.0
590670,00025,66.0
590671,00025,63.0
590739,00025,30.0
590865,00025,57.0
591539,00025,30.0
59262,00025,30.0
593838,00025,60.0
593839,00025,102.0
593840,00025,71.0
594125,00025,30.0
594131,00025,50.0
594132,00025,61.0
594133,00025,34.0
594134,00025,51.0
594135,00025,60.0
594136,00025,61.0
594137,00025,35.0
594871,00025,73.0
594879,00025,68.0
594880,00025,68.0
594881,00025,100.0
594883,00025,64.0
594885,00025,30.0
594886,00025,72.0
594887,00025,60.0
595019,00025,39.0
595071,00025,40.0
595320,00025,82.0
595322,00025,34.0
595324,00025,94.0
595670,00025,30.0
595748,00025,34.0
595757,00025,60.0
595959,00025,30.0
595960,00025,30.0
595961,00025,30.0
596665,00025,30.0
597827,00025,30.0
597914,00025,30.0
597915,00025,35.0
597917,00025,56.0
598041,00025,43.0
598311,00025,60.0
598312,00025,64.0
598314,00025,56.0
598334,00025,65.0
598340,00025,30.0
598341,00025,56.0
599039,00025,60.0
599047,00025,56.0
599048,00025,38.0
600055,00025,60.0
600056,00025,30.0
60055,00025,35.0
60056,00025,32.0
600594,00025,64.0
600595,00025,64.0
600596,00025,51.0
600598,00025,120.0
601166,00025,60.0
601167,00025,30.0
601168,00025,56.0
601684,00025,30.0
603370,00025,44.0
603736,00025,64.0
6079,00025,47.0
6095,00025,31.0
615,00025,62.0
61722,00025,106.0
6189,00025,34.0
62074,00025,57.0
62673,00025,30.0
62729,00025,47.0
63322,00025,30.0
63371,00025,35.0
63453,00025,30.0
6361,00025,34.0
63733,00025,42.0
63734,00025,38.0
63735,00025,13.0
63856,00025,30.0
63858,00025,30.0
6389,00025,30.0
6391,00025,42.0
64048,00025,184.0
64808,00025,48.0
65111,00025,30.0
6542,00025,65.0
66365,00025,30.0
6654,00025,30.0
66554,00025,30.0
6656,00025,228.0
66802,00025,30.0
66925,00025,83.0
66932,00025,107.0
66938,00025,84.0
68085,00025,30.0
685,00025,166.0
68716,00025,60.0
68987,00025,60.0
691,00025,701.0
70167,00025,90.0
70599,00025,30.0
71442,00025,30.0
72240,00025,38.0
72443,00025,34.0
72526,00025,61.0
74093,00025,30.0
74095,00025,30.0
74318,00025,38.0
75048,00025,43.0
7566,00025,86.0
76360,00025,64.0
76572,00025,30.0
77057,00025,30.0
77702,00025,47.0
77989,00025,34.0
78366,00025,59.0
7959,00025,30.0
79638,00025,158.0
80341,00025,61.0
80817,00025,30.0
80941,00025,46.0
8097,00025,42.0
81276,00025,59.0
817,00025,84.0
81830,00025,34.0
81883,00025,31.0
81884,00025,30.0
820,00025,62.0
83079,00025,30.0
83552,00025,95.0
83558,00025,45.0
83561,00025,60.0
84752,00025,50.0
84754,00025,85.0
84757,00025,60.0
8483,00025,407.0
84853,00025,35.0
85860,00025,62.0
85982,00025,30.0
85984,00025,30.0
85985,00025,30.0
86556,00025,30.0
87000,00025,62.0
87001,00025,48.0
87054,00025,30.0
87065,00025,60.0
87067,00025,34.0
87246,00025,30.0
87442,00025,30.0
875,00025,79.0
88266,00025,64.0
888,00025,64.0
88983,00025,65.0
89405,00025,151.0
90163,00025,1557.0
905,00025,38.0
9090,00025,90.0
91214,00025,67.0
92894,00025,39.0
92899,00025,34.0
943,00025,65.0
94331,00025,30.0
944,00025,98.0
94510,00025,66.0
94547,00025,30.0
952,00025,30.0
95392,00025,74.0
9553,00025,30.0
95770,00025,34.0
96146,00025,30.0
96294,00025,68.0
97146,00025,30.0
972,00025,50.0
97240,00025,30.0
98261,00025,61.0
98560,00025,113.0
98616,00025,34.0
99015,00025,30.0
99381,00025,30.0
99744,00025,50.0
100175,00063,34.0
100407,00063,30.0
100622,00063,376.0
100971,00063,30.0
100972,00063,30.0
10138,00063,30.0
101734,00063,102.0
101735,00063,88.0
101740,00063,285.0
101743,00063,481.0
101744,00063,30.0
101745,00063,30.0
101747,00063,31.0
101748,00063,31.0
102410,00063,34.0
102411,00063,33.0
102664,00063,44.0
102830,00063,392.0
102832,00063,116.0
102833,00063,79.0
102835,00063,42.0
102837,00063,52.0
1029,00063,121.0
102928,00063,30.0
103714,00063,30.0
103715,00063,30.0
103717,00063,60.0
1038,00063,60.0
104746,00063,41.0
105285,00063,35.0
105294,00063,30.0
105316,00063,42.0
106208,00063,149.0
106236,00063,82.0
1063,00063,73.0
106537,00063,61.0
106606,00063,92.0
106662,00063,58.0
106974,00063,266.0
107268,00063,30.0
107271,00063,65.0
107401,00063,30.0
107458,00063,37.0
107459,00063,30.0
107662,00063,60.0
107687,00063,30.0
108193,00063,34.0
108895,00063,61.0
109314,00063,30.0
109319,00063,30.0
109551,00063,34.0
109554,00063,33.0
109612,00063,32.0
109688,00063,60.0
109770,00063,55.0
109771,00063,45.0
109774,00063,30.0
10998,00063,41.0
110327,00063,37.0
110695,00063,130.0
110852,00063,159.0
110853,00063,367.0
110965,00063,34.0
110966,00063,40.0
110967,00063,53.0
110968,00063,30.0
111008,00063,41.0
111856,00063,30.0
112473,00063,30.0
112842,00063,67.0
113755,00063,41.0
116271,00063,30.0
116559,00063,60.0
116612,00063,61.0
116897,00063,30.0
117640,00063,30.0
118064,00063,132.0
1182,00063,30.0
118209,00063,52.0
1184,00063,39.0
119109,00063,51.0
119110,00063,40.0
119171,00063,56.0
119868,00063,62.0
120042,00063,30.0
120509,00063,278.0
121032,00063,61.0
1221,00063,116.0
123896,00063,60.0
124381,00063,30.0
124382,00063,14452.0
124383,00063,30.0
124384,00063,30.0
124729,00063,30.0
124793,00063,30.0
125650,00063,30.0
12637,00063,87.0
126985,00063,34.0
127308,00063,30.0
127359,00063,3810.0
127360,00063,1287.0
127438,00063,30.0
127439,00063,38.0
128517,00063,30.0
128667,00063,555.0
128673,00063,30.0
128674,00063,30.0
129086,00063,31.0
129496,00063,30.0
129497,00063,59.0
129498,00063,88.0
129593,00063,59.0
129596,00063,30.0
129597,00063,39.0
12965,00063,30.0
130561,00063,33.0
130562,00063,34.0
131323,00063,30.0
131535,00063,30.0
132678,00063,30.0
133243,00063,30.0
133336,00063,268.0
13334,00063,30.0
133445,00063,38.0
134389,00063,30.0
134547,00063,30.0
134760,00063,30.0
136257,00063,53.0
136258,00063,30.0
1375,00063,30.0
138263,00063,30.0
1391,00063,30.0
139443,00063,37.0
140254,00063,60.0
141772,00063,30.0
14210,00063,44.0
142529,00063,30.0
142530,00063,43.0
142533,00063,56.0
142908,00063,51.0
143353,00063,73.0
143361,00063,30.0
143363,00063,71.0
14401,00063,34.0
144232,00063,60.0
144723,00063,30.0
144724,00063,30.0
144725,00063,30.0
145082,00063,387.0
145085,00063,60.0
14511,00063,30.0
145221,00063,48.0
14587,00063,60.0
146152,00063,58.0
147758,00063,30.0
14831,00063,1438.0
149074,00063,30.0
149141,00063,85.0
1494,00063,30.0
149486,00063,52.0
149487,00063,30.0
1498,00063,97.0
1506,00063,47.0
151311,00063,146.0
1520,00063,95.0
154808,00063,43.0
154809,00063,31.0
154890,00063,30.0
154891,00063,31.0
154893,00063,30.0
154894,00063,30.0
155363,00063,305.0
156703,00063,7520.0
157210,00063,30.0
157688,00063,30.0
157691,00063,37.0
157692,00063,48.0
157934,00063,30.0
158113,00063,60.0
158587,00063,30.0
158588,00063,96.0
158613,00063,30.0
158615,00063,30.0
159124,00063,38234.0
159685,00063,57.0
1599,00063,31.0
1605,00063,54.0
160714,00063,81.0
16287,00063,47.0
1629,00063,42.0
163,00063,0.0
1641,00063,89.0
1654,00063,45.0
165797,00063,30.0
167274,00063,60.0
167277,00063,30.0
168500,00063,30.0
168501,00063,30.0
168503,00063,30.0
168613,00063,90.0
169028,00063,74.0
16919,00063,30.0
1696,00063,44.0
169685,00063,31.0
169938,00063,530.0
173346,00063,36.0
173472,00063,30.0
17353,00063,53.0
173768,00063,30.0
17425,00063,30.0
175232,00063,52.0
175842,00063,30.0
1760,00063,49.0
176565,00063,30.0
17731,00063,30.0
177701,00063,30.0
17806,00063,30.0
178295,00063,60.0
179000,00063,35.0
179097,00063,30.0
180701,00063,50.0
180703,00063,41.0
180743,00063,57.0
1809,00063,37.0
182264,00063,30.0
182752,00063,30.0
184457,00063,30.0
184459,00063,30.0
184630,00063,48.0
185663,00063,40.0
18579,00063,62.0
1861,00063,52.0
187467,00063,30.0
187670,00063,34.0
187962,00063,30.0
188360,00063,30.0
188365,00063,30.0
188367,00063,30.0
188373,00063,31.0
188548,00063,253.0
1896,00063,30.0
1902,00063,30.0
190454,00063,111.0
191187,00063,95.0
194321,00063,34.0
194892,00063,30.0
19516,00063,30.0
19517,00063,30.0
19518,00063,30.0
19519,00063,30.0
1960,00063,30.0
196835,00063,30.0
19811,00063,30.0
1982,00063,30.0
198469,00063,30.0
1991,00063,38.0
200006,00063,64.0
200041,00063,106.0
200221,00063,34.0
202584,00063,129.0
203757,00063,30.0
203877,00063,30.0
203880,00063,30.0
204483,00063,44.0
204794,00063,30.0
20516,00063,182.0
206362,00063,30.0
20675,00063,49.0
208,00063,114.0
208038,00063,30.0
208050,00063,60.0
208219,00063,35.0
20840,00063,198.0
20857,00063,66.0
209031,00063,30.0
209032,00063,36.0
209052,00063,30.0
210154,00063,65.0
210155,00063,135.0
210874,00063,30.0
210956,00063,45.0
210959,00063,33.0
211530,00063,44.0
21279,00063,30.0
21331,00063,30.0
2138,00063,31.0
214684,00063,48.0
214824,00063,30.0
21538,00063,59.0
215995,00063,52.0
216389,00063,30.0
218557,00063,224.0
218781,00063,55.0
218870,00063,57.0
219181,00063,30.0
219836,00063,85.0
223199,00063,65.0
223389,00063,157.0
22450,00063,73.0
22560,00063,57.0
225783,00063,32.0
226706,00063,41.0
226791,00063,30.0
227866,00063,70.0
227868,00063,59.0
227873,00063,34.0
228083,00063,30.0
228084,00063,30.0
228685,00063,30.0
229229,00063,30.0
229475,00063,53.0
2316,00063,34.0
23164,00063,34.0
233016,00063,30.0
233072,00063,63.0
233172,00063,30.0
234394,00063,46.0
234395,00063,62.0
234569,00063,30.0
234590,00063,30.0
234923,00063,63.0
234924,00063,53.0
234967,00063,67.0
235121,00063,108.0
235135,00063,52.0
235800,00063,93.0
2363,00063,30.0
236492,00063,298.0
236641,00063,31.0
236642,00063,30.0
236643,00063,30.0
236659,00063,30.0
237276,00063,364.0
2374,00063,39.0
237428,00063,30.0
237495,00063,33.0
237656,00063,30.0
238695,00063,134.0
239663,00063,32.0
240,00063,30.0
243857,00063,30.0
243858,00063,34.0
243859,00063,44.0
2441,00063,30.0
2444,00063,30.0
245804,00063,30.0
245805,00063,92.0
246097,00063,54.0
2466,00063,54.0
246997,00063,34.0
248491,00063,72.0
249288,00063,30.0
249407,00063,56.0
2503,00063,30.0
2510,00063,34.0
251173,00063,65.0
251175,00063,38.0
251597,00063,30.0
254164,00063,30.0
254168,00063,31.0
254173,00063,30.0
254174,00063,30.0
254425,00063,30.0
254426,00063,30.0
254646,00063,59.0
2556,00063,30.0
257669,00063,54.0
2578,00063,33.0
257884,00063,30.0
257921,00063,35.0
259754,00063,30.0
262191,00063,35.0
262670,00063,30.0
262671,00063,30.0
262672,00063,30.0
262673,00063,34.0
264159,00063,52.0
2648,00063,30.0
264960,00063,30.0
267693,00063,58.0
268041,00063,58.0
268042,00063,77.0
268265,00063,30.0
268266,00063,30.0
26839,00063,74.0
268717,00063,106.0
269632,00063,30.0
272460,00063,31.0
273079,00063,30.0
274083,00063,30.0
274300,00063,30.0
274301,00063,30.0
274302,00063,30.0
274983,00063,30.0
275154,00063,30.0
275568,00063,51.0
275718,00063,30.0
275720,00063,30.0
276610,00063,51.0
276678,00063,30.0
277302,00063,31.0
278117,00063,78.0
278120,00063,44.0
2790,00063,52.0
279361,00063,34.0
279556,00063,35.0
280020,00063,35.0
280138,00063,59.0
2825,00063,30.0
282898,00063,30.0
284165,00063,30.0
28425,00063,90.0
285411,00063,30.0
28549,00063,173.0
286880,00063,49.0
286995,00063,30.0
2879,00063,30.0
28959,00063,89.0
29042,00063,2271.0
2914,00063,30.0
295109,00063,35.0
295650,00063,56.0
296065,00063,30.0
296066,00063,30.0
296176,00063,30.0
296179,00063,34.0
296182,00063,62.0
296529,00063,229.0
296590,00063,30.0
297040,00063,48.0
2976,00063,94.0
2978,00063,30.0
297984,00063,30.0
297985,00063,30.0
29856,00063,53.0
299125,00063,30.0
299478,00063,91.0
299700,00063,30.0
299993,00063,34.0
299994,00063,52.0
300030,00063,30.0
300044,00063,30.0
30040,00063,34.0
301763,00063,30.0
3023,00063,30.0
302621,00063,78.0
303608,00063,43.0
30365,00063,30.0
304133,00063,30.0
304139,00063,60.0
3047,00063,59.0
30617,00063,43.0
308500,00063,30.0
308607,00063,44.0
310182,00063,30.0
3102,00063,60.0
311373,00063,30.0
3124,00063,54.0
3148,00063,33.0
316080,00063,194.0
316349,00063,30.0
31635,00063,30.0
31733,00063,30.0
3179,00063,30.0
31894,00063,1040.0
321176,00063,30.0
321539,00063,31.0
321718,00063,30.0
322154,00063,30.0
32445,00063,30.0
3257,00063,38.0
326735,00063,30.0
327640,00063,30.0
327641,00063,30.0
329043,00063,35.0
3292,00063,30.0
32934,00063,82.0
330384,00063,30.0
33105,00063,32.0
331151,00063,30.0
331155,00063,30.0
332406,00063,561.0
332528,00063,30.0
332817,00063,172.0
333278,00063,32.0
333414,00063,61.0
333828,00063,60.0
3348,00063,30.0
335643,00063,30.0
335667,00063,60.0
336840,00063,290.0
336981,00063,103.0
338553,00063,146.0
3386,00063,30.0
340955,00063,83.0
34102,00063,30.0
343660,00063,60.0
343766,00063,30.0
344569,00063,30.0
345024,00063,30.0
345355,00063,47.0
345356,00063,60.0
345357,00063,56.0
345749,00063,30.0
345750,00063,30.0
3474,00063,30.0
348718,00063,30.0
348719,00063,30.0
34888,00063,150.0
34899,00063,300.0
349625,00063,56.0
351952,00063,57.0
353704,00063,58.0
3542,00063,30.0
354225,00063,30.0
355015,00063,42.0
355020,00063,56.0
357175,00063,60.0
3575,00063,66.0
357694,00063,30.0
358247,00063,30.0
358819,00063,30.0
359349,00063,30.0
359518,00063,60.0
361281,00063,47.0
364446,00063,152.0
364447,00063,215.0
364448,00063,229.0
364451,00063,553.0
366610,00063,30.0
367412,00063,30.0
3683,00063,43.0
368598,00063,55.0
369400,00063,68.0
36986,00063,30.0
371519,00063,31.0
3722,00063,60.0
373782,00063,191.0
3740,00063,36.0
375941,00063,56.0
375942,00063,47.0
376084,00063,30.0
376085,00063,34.0
376086,00063,34.0
376722,00063,71.0
378685,00063,275.0
379145,00063,150.0
379146,00063,60.0
379148,00063,46.0
379684,00063,30.0
38066,00063,94.0
38072,00063,72.0
381264,00063,47.0
381265,00063,39.0
381357,00063,33.0
381909,00063,30.0
382505,00063,46.0
382685,00063,30.0
382950,00063,43.0
382952,00063,56.0
382953,00063,37.0
382954,00063,62.0
382955,00063,56.0
383110,00063,30.0
38333,00063,30.0
383663,00063,52.0
383664,00063,52.0
384028,00063,30.0
384307,00063,60.0
384695,00063,40.0
385845,00063,30.0
385982,00063,30.0
386150,00063,30.0
386418,00063,38.0
386419,00063,57.0
386761,00063,30.0
386763,00063,34.0
386850,00063,52.0
387158,00063,56.0
387874,00063,30.0
388393,00063,30.0
388685,00063,60.0
388991,00063,89.0
389244,00063,106.0
389478,00063,65.0
389479,00063,67.0
389480,00063,95.0
389481,00063,58.0
390392,00063,109.0
390427,00063,30.0
390615,00063,711.0
390633,00063,62.0
390634,00063,43.0
390636,00063,35.0
390637,00063,30.0
390638,00063,35.0
390639,00063,34.0
390640,00063,160.0
390669,00063,30.0
391237,00063,30.0
391244,00063,30.0
391253,00063,30.0
392344,00063,30.0
392609,00063,30.0
392719,00063,47.0
393400,00063,30.0
393561,00063,30.0
393567,00063,30.0
394055,00063,157.0
394188,00063,30.0
394499,00063,519.0
394500,00063,683.0
394501,00063,779.0
394509,00063,113.0
394511,00063,144.0
394534,00063,30.0
39591,00063,91.0
39593,00063,44.0
39595,00063,31.0
398363,00063,64.0
398385,00063,30.0
399842,00063,975.0
400732,00063,52.0
400762,00063,30.0
400767,00063,30.0
4008,00063,39.0
400930,00063,30.0
401036,00063,80.0
401556,00063,31.0
40159,00063,67.0
402255,00063,91.0
402924,00063,30.0
402925,00063,43.0
402928,00063,30.0
402935,00063,30.0
402936,00063,30.0
402937,00063,30.0
402938,00063,30.0
403510,00063,180.0
403511,00063,470.0
403611,00063,35.0
403612,00063,30.0
403943,00063,30.0
403948,00063,30.0
403953,00063,30.0
403987,00063,97.0
40399,00063,116.0
404,00063,34.0
40400,00063,30.0
40401,00063,52.0
40403,00063,44.0
404521,00063,30.0
404523,00063,30.0
404528,00063,48.0
404531,00063,34.0
404801,00063,30.0
404803,00063,30.0
404804,00063,60.0
404805,00063,30.0
404806,00063,34.0
404807,00063,30.0
405161,00063,30.0
405165,00063,34.0
405626,00063,422.0
405628,00063,602.0
405631,00063,136.0
406018,00063,328.0
406023,00063,30.0
406029,00063,30.0
406341,00063,51.0
406344,00063,111.0
406355,00063,90.0
406831,00063,30.0
407192,00063,55.0
407200,00063,38.0
407312,00063,30.0
407345,00063,30.0
407346,00063,30.0
407347,00063,30.0
407620,00063,30.0
407622,00063,30.0
407938,00063,34.0
407940,00063,34.0
407941,00063,34.0
408,00063,274.0
408032,00063,48.0
408033,00063,48.0
408035,00063,42.0
408036,00063,30.0
408037,00063,49.0
408127,00063,41.0
408206,00063,30.0
408556,00063,30.0
408731,00063,30.0
409183,00063,34.0
409194,00063,31.0
409329,00063,30.0
409981,00063,30.0
410592,00063,112.0
410865,00063,61.0
410867,00063,41.0
411262,00063,34.0
4118,00063,35.0
412086,00063,54.0
412087,00063,56.0
412088,00063,76.0
412089,00063,61.0
412090,00063,60.0
412091,00063,55.0
412092,00063,61.0
412093,00063,57.0
412094,00063,55.0
412891,00063,30.0
413062,00063,35.0
413082,00063,30.0
413552,00063,190.0
413555,00063,318.0
413557,00063,466.0
413558,00063,481.0
413560,00063,567.0
414519,00063,56.0
414617,00063,78.0
414788,00063,56.0
4152,00063,30.0
41542,00063,60.0
41709,00063,30.0
417783,00063,30.0
417784,00063,30.0
418235,00063,30.0
418302,00063,30.0
418308,00063,30.0
418414,00063,82.0
418415,00063,105.0
418416,00063,77.0
418672,00063,60.0
418830,00063,30.0
418832,00063,30.0
418946,00063,88.0
419007,00063,353.0
419009,00063,1328.0
419011,00063,30.0
420518,00063,46.0
420519,00063,30.0
420520,00063,30.0
420834,00063,30.0
420986,00063,30.0
42135,00063,37.0
421726,00063,30.0
42231,00063,61.0
422426,00063,30.0
422427,00063,30.0
422430,00063,30.0
422431,00063,30.0
422432,00063,30.0
422433,00063,30.0
422434,00063,30.0
422609,00063,30.0
424190,00063,59.0
4242,00063,30.0
424605,00063,31.0
424641,00063,44.0
424971,00063,30.0
424976,00063,30.0
424977,00063,30.0
425424,00063,34.0
425425,00063,50.0
4255,00063,30.0
425544,00063,30.0
427394,00063,34.0
427396,00063,34.0
4282,00063,39.0
42940,00063,53.0
430566,00063,38.0
430693,00063,38.0
430738,00063,30.0
430976,00063,37.0
431598,00063,30.0
431602,00063,36.0
432380,00063,30.0
43422,00063,1226.0
43549,00063,95.0
43550,00063,62.0
438569,00063,317.0
438570,00063,246.0
438571,00063,160.0
438572,00063,60.0
438574,00063,34.0
438576,00063,38.0
43859,00063,55.0
438590,00063,30.0
438592,00063,30.0
438593,00063,34.0
43860,00063,30.0
43861,00063,42.0
440623,00063,106.0
440625,00063,251.0
440649,00063,1012.0
441115,00063,30.0
4415,00063,38.0
44633,00063,39.0
446619,00063,30.0
44705,00063,49.0
44706,00063,43.0
44707,00063,33.0
447624,00063,58.0
447627,00063,60.0
448253,00063,60.0
448519,00063,121.0
449191,00063,30.0
449194,00063,30.0
449196,00063,30.0
449198,00063,33.0
449526,00063,30.0
4497,00063,30.0
449726,00063,131.0
449728,00063,42.0
449974,00063,30.0
450122,00063,37.0
450345,00063,30.0
450346,00063,30.0
450348,00063,30.0
450399,00063,30.0
451423,00063,30.0
451481,00063,56.0
451729,00063,30.0
451730,00063,30.0
45245,00063,30.0
453440,00063,85.0
453737,00063,30.0
453738,00063,60.0
453827,00063,107.0
453829,00063,86.0
453830,00063,69.0
453870,00063,81.0
453871,00063,82.0
453873,00063,2170.0
453874,00063,34.0
453876,00063,149.0
453938,00063,55.0
453943,00063,60.0
453945,00063,30.0
453946,00063,30.0
453991,00063,903.0
454088,00063,112.0
454100,00063,139.0
454172,00063,32.0
454178,00063,30.0
454218,00063,40.0
454344,00063,52.0
454347,00063,106.0
454352,00063,30.0
454353,00063,90.0
454520,00063,286.0
454539,00063,30.0
454548,00063,30.0
454825,00063,30.0
454826,00063,30.0
454829,00063,73.0
454840,00063,34.0
454845,00063,88.0
454846,00063,34.0
454848,00063,30.0
454849,00063,30.0
454881,00063,30.0
454982,00063,30.0
455043,00063,32.0
455141,00063,119.0
455143,00063,179.0
455156,00063,30.0
455160,00063,30.0
455161,00063,59.0
455163,00063,240.0
455321,00063,45.0
455322,00063,56.0
455346,00063,124.0
455430,00063,60.0
455436,00063,53.0
455601,00063,52.0
455617,00063,91.0
456593,00063,32.0
4567,00063,30.0
456808,00063,34.0
456854,00063,1658.0
456855,00063,1066.0
456857,00063,86.0
456936,00063,3608.0
456973,00063,34.0
457033,00063,60.0
457034,00063,95.0
457038,00063,35.0
457039,00063,35.0
457044,00063,30.0
457134,00063,30.0
457193,00063,335.0
457195,00063,578.0
457244,00063,76.0
457283,00063,64.0
457287,00063,569.0
457443,00063,39.0
457450,00063,30.0
457741,00063,142.0
457860,00063,39.0
457897,00063,95.0
457899,00063,34.0
457912,00063,30.0
457914,00063,48.0
457915,00063,160.0
457916,00063,35.0
4580,00063,55.0
458064,00063,41.0
458272,00063,30.0
458273,00063,47.0
458283,00063,81.0
459029,00063,30.0
459431,00063,456.0
459655,00063,30.0
459755,00063,379.0
459897,00063,57.0
459977,00063,61.0
460448,00063,30.0
460450,00063,60.0
460775,00063,30.0
460835,00063,30.0
460842,00063,30.0
461075,00063,34.0
461077,00063,30.0
461357,00063,30.0
461360,00063,30.0
461697,00063,30.0
461704,00063,30.0
461760,00063,30.0
462097,00063,56.0
462497,00063,542.0
462498,00063,146.0
462742,00063,60.0
462744,00063,60.0
462746,00063,56.0
462747,00063,60.0
462971,00063,34.0
463021,00063,30.0
463161,00063,30.0
463275,00063,49.0
463278,00063,50.0
463283,00063,34.0
463386,00063,30.0
464198,00063,56.0
46479,00063,55.0
467130,00063,37.0
4680,00063,30.0
468395,00063,30.0
46853,00063,1648.0
469231,00063,34.0
469298,00063,30.0
469935,00063,30.0
470180,00063,30.0
470814,00063,30.0
471646,00063,30.0
47168,00063,30.0
472193,00063,52.0
47257,00063,44.0
47259,00063,45.0
47261,00063,74.0
472921,00063,97.0
473159,00063,1018.0
473232,00063,30.0
47388,00063,38.0
473920,00063,30.0
473979,00063,267.0
474717,00063,30.0
474986,00063,33.0
475319,00063,35.0
476250,00063,30.0
476551,00063,65.0
476648,00063,60.0
476649,00063,60.0
477206,00063,30.0
477208,00063,30.0
477209,00063,30.0
477265,00063,76.0
477266,00063,30.0
477574,00063,65.0
477732,00063,31.0
479800,00063,103.0
481168,00063,30.0
481211,00063,30.0
481767,00063,120.0
48180,00063,30.0
481826,00063,30.0
483438,00063,30.0
48402,00063,30.0
484361,00063,53.0
484534,00063,60.0
485254,00063,46.0
485255,00063,311.0
485256,00063,524.0
485341,00063,832.0
485588,00063,31.0
485867,00063,101.0
4860,00063,30.0
4873,00063,30.0
487754,00063,30.0
488170,00063,30.0
488175,00063,30.0
488177,00063,30.0
488286,00063,60.0
488509,00063,14568.0
488626,00063,30.0
4888,00063,30.0
489263,00063,8470.0
489511,00063,43.0
489601,00063,88.0
491470,00063,30.0
491516,00063,30.0
491517,00063,30.0
491572,00063,30.0
491584,00063,30.0
491697,00063,30.0
491726,00063,30.0
491727,00063,57.0
491774,00063,70.0
491839,00063,265.0
491841,00063,72.0
491842,00063,56.0
491843,00063,64.0
492075,00063,190.0
492154,00063,34.0
492155,00063,30.0
492255,00063,1280.0
492256,00063,34.0
492638,00063,38.0
492640,00063,30.0
492651,00063,290.0
492653,00063,603.0
492654,00063,163.0
493066,00063,30.0
493210,00063,83.0
494002,00063,30.0
494129,00063,30.0
494948,00063,187.0
494949,00063,181.0
495660,00063,73.0
495767,00063,60.0
495933,00063,15898.0
495934,00063,7927.0
496047,00063,60.0
496354,00063,551.0
496497,00063,57.0
497121,00063,30.0
497122,00063,30.0
498236,00063,37.0
498237,00063,30.0
498238,00063,34.0
498366,00063,56.0
498367,00063,64.0
498368,00063,95.0
498369,00063,65.0
498530,00063,30.0
499085,00063,52.0
49910,00063,34.0
499993,00063,305.0
501033,00063,48.0
501567,00063,110.0
501571,00063,30.0
502490,00063,30.0
502598,00063,40.0
502599,00063,61.0
502787,00063,33.0
502789,00063,30.0
502940,00063,30.0
502978,00063,94.0
503189,00063,39.0
504272,00063,30.0
50473,00063,91.0
505109,00063,30.0
505115,00063,30.0
505116,00063,30.0
505117,00063,30.0
505264,00063,99.0
505293,00063,239.0
505302,00063,64.0
505303,00063,64.0
505356,00063,30.0
505570,00063,30.0
505571,00063,34.0
506749,00063,127.0
506751,00063,94.0
506752,00063,30.0
506755,00063,30.0
506805,00063,30.0
507,00063,30.0
507034,00063,373.0
507035,00063,33.0
507259,00063,30.0
507456,00063,13523.0
507611,00063,34.0
507612,00063,40.0
508,00063,60.0
508233,00063,30.0
508237,00063,57.0
508481,00063,35.0
508508,00063,30.0
50944,00063,72.0
510510,00063,211.0
510511,00063,93.0
510512,00063,69.0
510513,00063,75.0
510514,00063,54.0
511003,00063,33.0
511004,00063,66.0
511044,00063,30.0
511338,00063,30.0
511339,00063,30.0
512418,00063,60.0
512419,00063,55.0
512422,00063,49.0
512637,00063,31.0
512649,00063,30.0
512831,00063,44.0
513491,00063,367.0
513492,00063,978.0
513585,00063,30.0
513606,00063,30.0
514310,00063,30.0
514413,00063,30.0
514481,00063,60.0
514509,00063,55.0
514510,00063,30.0
516028,00063,59.0
516359,00063,30.0
517419,00063,38.0
517448,00063,85.0
51767,00063,34.0
51782,00063,162.0
5191,00063,30.0
519209,00063,121.0
519224,00063,166.0
519229,00063,63.0
519470,00063,30.0
519473,00063,56.0
519475,00063,35.0
519476,00063,30.0
519477,00063,30.0
519478,00063,30.0
519525,00063,60.0
519530,00063,60.0
519531,00063,214.0
519533,00063,95.0
519934,00063,157.0
520819,00063,54.0
521082,00063,83.0
521083,00063,34.0
521084,00063,53.0
521086,00063,53.0
521095,00063,60.0
521099,00063,77.0
521184,00063,897.0
521386,00063,62.0
522734,00063,223.0
522736,00063,139.0
522737,00063,269.0
522738,00063,68.0
522919,00063,87.0
522989,00063,36.0
523153,00063,63.0
523472,00063,59.0
523773,00063,30.0
523984,00063,30.0
524013,00063,32.0
524135,00063,53.0
524228,00063,49.0
524230,00063,30.0
52425,00063,102.0
5244,00063,60.0
525201,00063,60.0
525569,00063,1748.0
526307,00063,37.0
526310,00063,30.0
526311,00063,50.0
526312,00063,30.0
526804,00063,104.0
526805,00063,60.0
526806,00063,52.0
52924,00063,127.0
529676,00063,56.0
529733,00063,30.0
529739,00063,34.0
531446,00063,30.0
531447,00063,34.0
532508,00063,40.0
532509,00063,41.0
533462,00063,63.0
533673,00063,30.0
533674,00063,30.0
533675,00063,47.0
5344,00063,30.0
534580,00063,56.0
5346,00063,30.0
535121,00063,33.0
5371,00063,30.0
537160,00063,67.0
537169,00063,30.0
537170,00063,30.0
537171,00063,30.0
537173,00063,30.0
537174,00063,30.0
537176,00063,30.0
537177,00063,30.0
537871,00063,30.0
537872,00063,37.0
537874,00063,54.0
538209,00063,111.0
538594,00063,30.0
538603,00063,35.0
538870,00063,232.0
539685,00063,30.0
539686,00063,30.0
53978,00063,44.0
541426,00063,89.0
541427,00063,70.0
541517,00063,60.0
541518,00063,51.0
541535,00063,56.0
541571,00063,54.0
542935,00063,60.0
543028,00063,90.0
54496,00063,30.0
545,00063,52.0
545369,00063,117.0
545373,00063,159.0
545374,00063,100.0
545587,00063,60.0
545588,00063,32.0
545589,00063,41.0
545590,00063,53.0
546080,00063,30.0
546267,00063,59.0
546330,00063,30.0
550569,00063,34.0
550571,00063,35.0
55118,00063,35.0
551494,00063,105.0
5535,00063,34.0
55357,00063,60.0
554137,00063,60.0
554703,00063,30.0
555269,00063,60.0
555270,00063,72.0
555271,00063,94.0
555272,00063,59.0
555429,00063,53.0
555432,00063,3284.0
555433,00063,749.0
555434,00063,509.0
555435,00063,2360.0
555727,00063,5776.0
555881,00063,34.0
555890,00063,62.0
555893,00063,34.0
55633,00063,38.0
556791,00063,30.0
556792,00063,30.0
557116,00063,995.0
557117,00063,1479.0
557580,00063,30.0
557599,00063,57.0
557840,00063,38.0
557859,00063,30.0
557860,00063,30.0
558,00063,141.0
55899,00063,54.0
55921,00063,60.0
560386,00063,61.0
562145,00063,123.0
562146,00063,80.0
562147,00063,58.0
562484,00063,35.0
564064,00063,349.0
564587,00063,30.0
565117,00063,349.0
565118,00063,111.0
565119,00063,632.0
565120,00063,201.0
565121,00063,186.0
565122,00063,74.0
565123,00063,291.0
565124,00063,150.0
565125,00063,440.0
565126,00063,201.0
565127,00063,93.0
565193,00063,60.0
565871,00063,136320.0
566139,00063,47.0
566567,00063,38.0
566568,00063,49.0
566750,00063,127.0
566811,00063,60.0
567317,00063,86.0
567334,00063,380.0
567778,00063,95.0
567779,00063,55.0
568160,00063,29613.0
568161,00063,3792.0
568701,00063,83.0
568703,00063,70.0
568707,00063,122.0
569768,00063,30.0
569769,00063,30.0
569770,00063,30.0
569771,00063,30.0
569772,00063,59.0
569773,00063,38.0
569774,00063,32.0
569775,00063,38.0
569776,00063,30.0
570001,00063,148.0
570713,00063,34.0
570739,00063,38.0
570745,00063,60.0
570746,00063,62.0
571043,00063,160.0
571044,00063,302.0
571047,00063,67.0
571390,00063,60.0
571391,00063,56.0
571457,00063,60.0
571534,00063,30.0
571535,00063,30.0
571536,00063,30.0
571637,00063,30.0
571638,00063,30.0
574784,00063,785.0
574785,00063,63.0
574787,00063,507.0
57486,00063,67.0
57487,00063,63.0
57488,00063,92.0
574988,00063,35.0
574991,00063,30.0
574992,00063,30.0
575330,00063,30.0
576252,00063,30.0
578306,00063,5883.0
578707,00063,30.0
579240,00063,34.0
579241,00063,33.0
579242,00063,30.0
579243,00063,44.0
579258,00063,77.0
579259,00063,56.0
579280,00063,86.0
579281,00063,60.0
579282,00063,87.0
579283,00063,61.0
579408,00063,104.0
579713,00063,87.0
579714,00063,42.0
580651,00063,56.0
580800,00063,130.0
580801,00063,200.0
580802,00063,96.0
581779,00063,33.0
581781,00063,40.0
581783,00063,34.0
581784,00063,64.0
581786,00063,60.0
581788,00063,86.0
581790,00063,68.0
581792,00063,60.0
582402,00063,757.0
582505,00063,184.0
58301,00063,38.0
583276,00063,202.0
583467,00063,60.0
583560,00063,142.0
584104,00063,210.0
584291,00063,10097.0
584833,00063,30.0
584834,00063,38.0
584835,00063,85.0
584916,00063,30.0
585327,00063,30.0
585328,00063,42.0
585489,00063,30.0
585490,00063,30.0
585491,00063,30.0
585493,00063,30.0
585535,00063,89.0
585536,00063,30.0
588240,00063,1879.0
588241,00063,419.0
588310,00063,276.0
588548,00063,59.0
588550,00063,50.0
588551,00063,56.0
588552,00063,54.0
588717,00063,81.0
588718,00063,48.0
588719,00063,34.0
589287,00063,30.0
589288,00063,30.0
589289,00063,49.0
589290,00063,30.0
589297,00063,30.0
589298,00063,30.0
589299,00063,30.0
589459,00063,30.0
590083,00063,69.0
590084,00063,60.0
590667,00063,158.0
590668,00063,71.0
590669,00063,46.0
590670,00063,56.0
590671,00063,60.0
590865,00063,57.0
592529,00063,44.0
594135,00063,30.0
594161,00063,952.0
594414,00063,663.0
594871,00063,43.0
594885,00063,30.0
594886,00063,55.0
594887,00063,42.0
595071,00063,45.0
595229,00063,30.0
595670,00063,42.0
595758,00063,30.0
595760,00063,30.0
595761,00063,30.0
595762,00063,30.0
595763,00063,30.0
595764,00063,30.0
595787,00063,103.0
595788,00063,175.0
595790,00063,394.0
595791,00063,454.0
595792,00063,308.0
596244,00063,60.0
596245,00063,30.0
596262,00063,30.0
596264,00063,30.0
596265,00063,30.0
596664,00063,64.0
596665,00063,56.0
597827,00063,30.0
597832,00063,302.0
597833,00063,56.0
597834,00063,184.0
597836,00063,90.0
597837,00063,60.0
597838,00063,30.0
597839,00063,30.0
597914,00063,34.0
598041,00063,34.0
598316,00063,79.0
598320,00063,242.0
598321,00063,78.0
598322,00063,115.0
598333,00063,35.0
598334,00063,56.0
598335,00063,60.0
598336,00063,55.0
598340,00063,30.0
598517,00063,34.0
599007,00063,64.0
599009,00063,64.0
599013,00063,110.0
599014,00063,68.0
599015,00063,68.0
599016,00063,72.0
599019,00063,34.0
599020,00063,30.0
599812,00063,112.0
600262,00063,48.0
600263,00063,34.0
600264,00063,38.0
600265,00063,34.0
600266,00063,43.0
600267,00063,34.0
60055,00063,30.0
60056,00063,30.0
601166,00063,52.0
601168,00063,34.0
604064,00063,86.0
604065,00063,73.0
604066,00063,95.0
604067,00063,60.0
60421,00063,37.0
604516,00063,395.0
604517,00063,279.0
604525,00063,196.0
604526,00063,514.0
604527,00063,235.0
6079,00063,31.0
6095,00063,30.0
61043,00063,30.0
61722,00063,73.0
62074,00063,58.0
62077,00063,43.0
62470,00063,30.0
62673,00063,33.0
63453,00063,30.0
63455,00063,30.0
6361,00063,30.0
63733,00063,33.0
6391,00063,54.0
64808,00063,30.0
65111,00063,33.0
65223,00063,30.0
6542,00063,89.0
66554,00063,30.0
66803,00063,34.0
67240,00063,30.0
685,00063,243.0
68987,00063,30.0
69075,00063,273.0
691,00063,191.0
71442,00063,30.0
72443,00063,30.0
72526,00063,123.0
72527,00063,34.0
74095,00063,30.0
74318,00063,30.0
75048,00063,73.0
7566,00063,30.0
76699,00063,30.0
77057,00063,37.0
78366,00063,56.0
79541,00063,31.0
79638,00063,67.0
80341,00063,30.0
80941,00063,30.0
8097,00063,30.0
817,00063,129.0
81710,00063,30.0
81830,00063,30.0
81883,00063,34.0
81884,00063,30.0
82909,00063,34.0
83062,00063,30.0
83552,00063,78.0
83554,00063,30.0
83558,00063,30.0
83560,00063,55.0
83561,00063,59.0
84752,00063,60.0
84754,00063,58.0
84757,00063,64.0
8483,00063,30.0
84853,00063,57.0
85449,00063,37.0
85860,00063,1289.0
87000,00063,30.0
87001,00063,30.0
87054,00063,30.0
87065,00063,47.0
87067,00063,30.0
87246,00063,30.0
875,00063,217.0
88266,00063,44.0
888,00063,47.0
89405,00063,88.0
90141,00063,31.0
905,00063,47.0
9090,00063,140.0
91094,00063,125.0
91214,00063,32.0
91967,00063,57.0
91973,00063,30.0
91974,00063,60.0
91980,00063,30.0
92029,00063,30.0
92895,00063,30.0
92899,00063,30.0
92900,00063,30.0
93148,00063,54.0
94510,00063,373.0
94642,00063,30.0
95392,00063,62.0
97146,00063,30.0
972,00063,52.0
98560,00063,179.0
100175,00122,30.0
100407,00122,30.0
100622,00122,607.0
100971,00122,32.0
100972,00122,30.0
10138,00122,30.0
101734,00122,74.0
101735,00122,64.0
101740,00122,280.0
101743,00122,314.0
101744,00122,30.0
101745,00122,34.0
101747,00122,30.0
101748,00122,30.0
102410,00122,30.0
102411,00122,30.0
102412,00122,30.0
102664,00122,44.0
102830,00122,116.0
102832,00122,116.0
102833,00122,125.0
102834,00122,68.0
102835,00122,204.0
102837,00122,56.0
1029,00122,59.0
102928,00122,61.0
103714,00122,30.0
103715,00122,30.0
103717,00122,49.0
1038,00122,41.0
104746,00122,30.0
105285,00122,44.0
105294,00122,30.0
106208,00122,54.0
106236,00122,384.0
1063,00122,60.0
106537,00122,32.0
106606,00122,36.0
106662,00122,56.0
106972,00122,64.0
106974,00122,192.0
107268,00122,30.0
107271,00122,57.0
107401,00122,31.0
107458,00122,55.0
107459,00122,35.0
107573,00122,30.0
107662,00122,82.0
107687,00122,30.0
108193,00122,32.0
108895,00122,34.0
109314,00122,30.0
109319,00122,46.0
109551,00122,35.0
109554,00122,30.0
109612,00122,35.0
109688,00122,30.0
109770,00122,49.0
109771,00122,52.0
109774,00122,30.0
109775,00122,30.0
10998,00122,30.0
110327,00122,30.0
110511,00122,30.0
110695,00122,30.0
110852,00122,97.0
110853,00122,67.0
110965,00122,30.0
110966,00122,58.0
110967,00122,30.0
110968,00122,45.0
111008,00122,34.0
111856,00122,30.0
112473,00122,88.0
112842,00122,61.0
113755,00122,61.0
116559,00122,30.0
116612,00122,61.0
116897,00122,30.0
117640,00122,34.0
118064,00122,60.0
1182,00122,34.0
118209,00122,61.0
1184,00122,45.0
119109,00122,39.0
119171,00122,38.0
119868,00122,60.0
120509,00122,223.0
121032,00122,68.0
1221,00122,35.0
123896,00122,30.0
124381,00122,30.0
124382,00122,3295.0
124383,00122,30.0
124384,00122,30.0
124729,00122,30.0
124793,00122,30.0
125650,00122,30.0
12637,00122,41.0
126627,00122,30.0
126630,00122,30.0
126985,00122,34.0
127308,00122,30.0
127359,00122,664.0
127360,00122,39.0
127438,00122,30.0
127439,00122,38.0
128517,00122,34.0
128667,00122,980.0
128673,00122,30.0
128674,00122,30.0
129086,00122,42.0
129496,00122,31.0
129497,00122,36.0
129498,00122,54.0
129593,00122,45.0
129596,00122,30.0
129597,00122,42.0
12965,00122,58.0
130561,00122,43.0
130562,00122,44.0
131323,00122,33.0
131535,00122,30.0
132678,00122,53.0
133243,00122,30.0
133336,00122,53.0
13334,00122,30.0
133445,00122,36.0
134389,00122,34.0
134547,00122,30.0
134760,00122,41.0
136257,00122,34.0
136258,00122,34.0
1375,00122,46.0
138263,00122,30.0
1391,00122,30.0
139443,00122,33.0
139467,00122,30.0
139468,00122,30.0
140254,00122,328.0
141772,00122,30.0
14210,00122,223.0
14218,00122,30.0
142529,00122,30.0
142530,00122,30.0
142532,00122,30.0
142908,00122,56.0
143353,00122,30.0
143361,00122,38.0
143363,00122,73.0
14401,00122,30.0
144232,00122,60.0
144723,00122,30.0
144725,00122,31.0
145082,00122,58.0
145085,00122,60.0
14511,00122,30.0
145221,00122,38.0
14587,00122,30.0
146152,00122,46.0
146855,00122,34.0
147758,00122,30.0
147943,00122,30.0
147944,00122,34.0
147946,00122,30.0
14831,00122,1639.0
149074,00122,30.0
149141,00122,77.0
1494,00122,30.0
149487,00122,73.0
1498,00122,77.0
1506,00122,48.0
151311,00122,193.0
1520,00122,59.0
154808,00122,35.0
154809,00122,30.0
154890,00122,30.0
154891,00122,34.0
154893,00122,30.0
154894,00122,30.0
155363,00122,174.0
156703,00122,309.0
157210,00122,30.0
157688,00122,59.0
157691,00122,46.0
157692,00122,56.0
157934,00122,30.0
158113,00122,30.0
158588,00122,59.0
159124,00122,3692.0
159685,00122,41.0
1599,00122,30.0
1605,00122,61.0
160714,00122,90.0
16287,00122,30.0
1629,00122,50.0
163,00122,294.0
1641,00122,78.0
1654,00122,53.0
167274,00122,34.0
167277,00122,30.0
168500,00122,30.0
168501,00122,68.0
168503,00122,33.0
168613,00122,62.0
168991,00122,48.0
169028,00122,260.0
16919,00122,30.0
1696,00122,30.0
169685,00122,36.0
169938,00122,241.0
171703,00122,30.0
173346,00122,59.0
173472,00122,30.0
17353,00122,60.0
173768,00122,30.0
17425,00122,30.0
175232,00122,61.0
175842,00122,30.0
1760,00122,52.0
17618,00122,48.0
176565,00122,35.0
17731,00122,30.0
177701,00122,30.0
17806,00122,30.0
178293,00122,30.0
178295,00122,77.0
179000,00122,35.0
17908,00122,30.0
179097,00122,38.0
180701,00122,34.0
180703,00122,46.0
180743,00122,38.0
1809,00122,49.0
182753,00122,30.0
182999,00122,30.0
184627,00122,34.0
184628,00122,30.0
184630,00122,30.0
185663,00122,124.0
18579,00122,62.0
1861,00122,45.0
187467,00122,30.0
187670,00122,30.0
187962,00122,48.0
188360,00122,30.0
188365,00122,37.0
188368,00122,34.0
188373,00122,32.0
188548,00122,56.0
1902,00122,46.0
190454,00122,34.0
190830,00122,47.0
191187,00122,102.0
192828,00122,30.0
193617,00122,30.0
194321,00122,56.0
194892,00122,34.0
19516,00122,60.0
19517,00122,69.0
19518,00122,52.0
19519,00122,35.0
1960,00122,30.0
196116,00122,40.0
196835,00122,30.0
1982,00122,33.0
19839,00122,30.0
198469,00122,30.0
1991,00122,56.0
200006,00122,39.0
200041,00122,58.0
200221,00122,35.0
202584,00122,60.0
203757,00122,35.0
203875,00122,30.0
203877,00122,30.0
203879,00122,30.0
203880,00122,30.0
203881,00122,30.0
204483,00122,43.0
204794,00122,30.0
20516,00122,1103.0
206362,00122,30.0
20675,00122,45.0
208,00122,89.0
208038,00122,39.0
208050,00122,113.0
208219,00122,44.0
20840,00122,102.0
20857,00122,51.0
209031,00122,30.0
209032,00122,30.0
209052,00122,49.0
210154,00122,101.0
210155,00122,93.0
210874,00122,52.0
210959,00122,49.0
211530,00122,35.0
21279,00122,30.0
21331,00122,30.0
2138,00122,60.0
214684,00122,40.0
214815,00122,36.0
214824,00122,30.0
21538,00122,79.0
215995,00122,60.0
216914,00122,48.0
216915,00122,30.0
216916,00122,39.0
218557,00122,139.0
218781,00122,30.0
218870,00122,45.0
219181,00122,30.0
219836,00122,65.0
220884,00122,161.0
223156,00122,30.0
223199,00122,57.0
223389,00122,55.0
22450,00122,117.0
22560,00122,31.0
225701,00122,39.0
225783,00122,31.0
226706,00122,60.0
226791,00122,34.0
226812,00122,30.0
227866,00122,56.0
227868,00122,51.0
228083,00122,30.0
228685,00122,55.0
229229,00122,30.0
229475,00122,35.0
2316,00122,33.0
23164,00122,30.0
233016,00122,30.0
233072,00122,58.0
233172,00122,45.0
234394,00122,53.0
234395,00122,50.0
234569,00122,30.0
234590,00122,30.0
234923,00122,76.0
234924,00122,30.0
234967,00122,46.0
235121,00122,39.0
235135,00122,30.0
2363,00122,38.0
236492,00122,171.0
236641,00122,48.0
236642,00122,30.0
236643,00122,30.0
236659,00122,73.0
237276,00122,93.0
2374,00122,40.0
237428,00122,30.0
237495,00122,30.0
238695,00122,79.0
239663,00122,30.0
240,00122,94.0
243857,00122,30.0
243859,00122,30.0
2441,00122,30.0
2444,00122,30.0
245805,00122,81.0
246097,00122,50.0
246508,00122,32.0
2466,00122,104.0
246997,00122,60.0
248491,00122,37.0
249288,00122,30.0
249407,00122,30.0
2503,00122,30.0
2510,00122,30.0
251173,00122,55.0
251175,00122,35.0
2514,00122,30.0
251597,00122,30.0
254164,00122,34.0
254168,00122,57.0
254170,00122,30.0
254173,00122,30.0
254174,00122,58.0
254425,00122,30.0
254426,00122,30.0
254646,00122,40.0
2556,00122,35.0
257669,00122,34.0
2578,00122,30.0
257884,00122,39.0
257921,00122,34.0
262191,00122,34.0
262670,00122,30.0
262671,00122,38.0
262673,00122,30.0
264159,00122,113.0
2648,00122,30.0
264960,00122,30.0
265450,00122,30.0
267693,00122,111.0
268041,00122,52.0
268265,00122,30.0
268266,00122,30.0
26839,00122,38.0
268717,00122,138.0
269632,00122,35.0
271399,00122,38.0
272460,00122,30.0
273079,00122,30.0
274083,00122,30.0
274300,00122,30.0
274301,00122,30.0
275028,00122,30.0
275154,00122,30.0
275568,00122,56.0
275718,00122,30.0
275720,00122,30.0
276610,00122,65.0
277302,00122,30.0
278117,00122,1281.0
278120,00122,232.0
278716,00122,30.0
278719,00122,30.0
278724,00122,35.0
2790,00122,30.0
279361,00122,30.0
279556,00122,30.0
280020,00122,31.0
280138,00122,30.0
2825,00122,34.0
282898,00122,52.0
284165,00122,35.0
28425,00122,62.0
285411,00122,34.0
28549,00122,182.0
286163,00122,34.0
286880,00122,38.0
286995,00122,30.0
2879,00122,30.0
28959,00122,103.0
290037,00122,30.0
29042,00122,536.0
2914,00122,35.0
295109,00122,39.0
295650,00122,31.0
296066,00122,30.0
296176,00122,30.0
296179,00122,32.0
296182,00122,35.0
296529,00122,1235.0
296590,00122,30.0
297040,00122,30.0
297041,00122,30.0
2976,00122,69.0
2978,00122,30.0
297984,00122,30.0
297985,00122,30.0
29856,00122,33.0
299130,00122,30.0
299478,00122,48.0
299700,00122,30.0
299993,00122,40.0
299994,00122,79.0
300030,00122,35.0
300044,00122,30.0
30040,00122,34.0
301763,00122,34.0
3023,00122,30.0
302621,00122,30.0
303608,00122,55.0
304133,00122,52.0
304139,00122,57.0
3047,00122,41.0
30617,00122,49.0
308500,00122,30.0
308501,00122,30.0
308607,00122,30.0
310182,00122,30.0
3102,00122,60.0
311373,00122,32.0
3124,00122,30.0
313916,00122,38.0
313917,00122,30.0
3146,00122,35.0
3148,00122,56.0
316080,00122,84.0
316349,00122,34.0
31733,00122,30.0
3179,00122,30.0
31894,00122,602.0
321176,00122,30.0
321539,00122,30.0
321718,00122,30.0
322154,00122,38.0
32445,00122,30.0
326623,00122,30.0
326735,00122,34.0
327640,00122,30.0
327641,00122,30.0
329043,00122,50.0
3292,00122,30.0
32934,00122,133.0
33105,00122,31.0
331151,00122,33.0
331155,00122,30.0
332406,00122,228.0
332528,00122,30.0
332809,00122,30.0
332817,00122,235.0
333278,00122,36.0
333414,00122,96.0
333828,00122,69.0
3348,00122,48.0
335643,00122,30.0
335667,00122,78.0
336840,00122,33.0
336981,00122,103.0
338553,00122,124.0
3386,00122,30.0
340955,00122,300.0
34102,00122,48.0
343660,00122,42.0
343815,00122,39.0
344569,00122,30.0
345024,00122,30.0
345355,00122,30.0
345356,00122,30.0
345357,00122,30.0
345749,00122,30.0
345750,00122,30.0
3474,00122,30.0
348718,00122,56.0
348719,00122,30.0
34888,00122,51.0
34899,00122,45.0
349240,00122,47.0
349625,00122,31.0
351952,00122,30.0
353704,00122,30.0
3542,00122,30.0
354225,00122,30.0
355015,00122,45.0
355020,00122,30.0
357175,00122,48.0
3575,00122,31.0
357694,00122,30.0
358249,00122,30.0
358819,00122,30.0
359349,00122,30.0
359518,00122,87.0
361281,00122,32.0
364446,00122,64.0
364447,00122,112.0
364448,00122,89.0
364451,00122,188.0
3665,00122,30.0
366610,00122,30.0
367412,00122,30.0
3683,00122,60.0
368598,00122,30.0
369400,00122,60.0
36986,00122,60.0
371519,00122,30.0
3722,00122,44.0
373782,00122,60.0
3740,00122,30.0
3746,00122,30.0
375414,00122,34.0
375941,00122,30.0
375942,00122,30.0
376085,00122,30.0
376722,00122,66.0
378685,00122,33.0
379145,00122,146.0
379146,00122,30.0
379148,00122,45.0
379684,00122,30.0
380408,00122,30.0
38066,00122,164.0
38072,00122,91.0
381264,00122,60.0
381265,00122,60.0
381357,00122,49.0
381909,00122,37.0
382505,00122,32.0
382685,00122,30.0
382914,00122,33.0
382950,00122,38.0
382952,00122,39.0
382954,00122,77.0
382955,00122,52.0
383110,00122,30.0
38333,00122,58.0
383662,00122,64.0
383663,00122,35.0
383664,00122,47.0
384028,00122,32.0
3841,00122,35.0
384307,00122,34.0
384695,00122,30.0
385845,00122,46.0
385982,00122,42.0
386150,00122,64.0
386418,00122,49.0
386419,00122,64.0
386763,00122,30.0
386850,00122,58.0
387158,00122,51.0
387874,00122,30.0
388685,00122,56.0
388991,00122,59.0
389244,00122,37.0
389478,00122,64.0
389479,00122,83.0
389480,00122,35.0
389481,00122,31.0
390392,00122,52.0
390427,00122,30.0
390615,00122,582.0
390633,00122,37.0
390634,00122,36.0
390636,00122,30.0
390637,00122,30.0
390638,00122,30.0
390639,00122,35.0
390640,00122,34.0
391237,00122,30.0
391244,00122,38.0
391253,00122,34.0
392344,00122,34.0
392609,00122,30.0
392719,00122,30.0
393400,00122,34.0
393561,00122,30.0
393567,00122,30.0
394055,00122,60.0
394188,00122,30.0
394499,00122,562.0
394500,00122,1004.0
394501,00122,1586.0
394509,00122,68.0
394511,00122,158.0
39591,00122,101.0
39593,00122,36.0
39595,00122,59.0
398385,00122,30.0
399842,00122,415.0
400527,00122,30.0
400731,00122,56.0
400732,00122,60.0
400762,00122,30.0
400790,00122,30.0
4008,00122,42.0
400930,00122,30.0
401036,00122,35.0
401556,00122,37.0
40159,00122,63.0
402255,00122,121.0
402925,00122,31.0
402928,00122,34.0
402936,00122,30.0
402937,00122,30.0
402938,00122,36.0
403510,00122,69.0
403511,00122,60.0
403611,00122,39.0
403758,00122,64.0
403940,00122,30.0
403948,00122,30.0
403953,00122,30.0
403987,00122,63.0
40399,00122,134.0
404,00122,61.0
40400,00122,45.0
40401,00122,40.0
40403,00122,57.0
404521,00122,30.0
404523,00122,38.0
404528,00122,87.0
404531,00122,30.0
404801,00122,30.0
404803,00122,30.0
404804,00122,30.0
404806,00122,30.0
405161,00122,30.0
405165,00122,30.0
405626,00122,1329.0
405628,00122,399.0
405631,00122,167.0
406018,00122,813.0
406029,00122,32.0
406341,00122,43.0
406344,00122,91.0
406355,00122,34.0
406653,00122,30.0
407200,00122,38.0
407312,00122,65.0
407345,00122,30.0
407346,00122,30.0
407347,00122,30.0
407620,00122,30.0
407622,00122,30.0
407938,00122,30.0
407940,00122,30.0
407941,00122,30.0
408,00122,94.0
408032,00122,54.0
408033,00122,34.0
408034,00122,60.0
408035,00122,35.0
408036,00122,34.0
408037,00122,30.0
408127,00122,60.0
408206,00122,30.0
408553,00122,30.0
408555,00122,30.0
408556,00122,30.0
408640,00122,30.0
408731,00122,30.0
409183,00122,34.0
409187,00122,30.0
409194,00122,39.0
409329,00122,30.0
409505,00122,61.0
409512,00122,35.0
409981,00122,30.0
410592,00122,143.0
410865,00122,34.0
410867,00122,30.0
411262,00122,30.0
4118,00122,33.0
412086,00122,109.0
412087,00122,86.0
412088,00122,122.0
412089,00122,68.0
412090,00122,69.0
412091,00122,89.0
412092,00122,60.0
412093,00122,64.0
412094,00122,64.0
412891,00122,34.0
413062,00122,34.0
413082,00122,30.0
413552,00122,30.0
413555,00122,34.0
413557,00122,44.0
413558,00122,30.0
413560,00122,43.0
413926,00122,60.0
414519,00122,57.0
414617,00122,199.0
414788,00122,30.0
4152,00122,30.0
41542,00122,111.0
41709,00122,30.0
417783,00122,30.0
417784,00122,30.0
418046,00122,30.0
418235,00122,30.0
418248,00122,30.0
418302,00122,30.0
418308,00122,30.0
418414,00122,81.0
418415,00122,90.0
418416,00122,73.0
418672,00122,56.0
418830,00122,34.0
418832,00122,30.0
418946,00122,118.0
419007,00122,45.0
419009,00122,67.0
419011,00122,30.0
420520,00122,30.0
420834,00122,58.0
420986,00122,39.0
421155,00122,35.0
42135,00122,39.0
42231,00122,47.0
422426,00122,30.0
422427,00122,32.0
422430,00122,34.0
422431,00122,30.0
422432,00122,30.0
422433,00122,30.0
422434,00122,30.0
422609,00122,30.0
424190,00122,42.0
424192,00122,52.0
424193,00122,60.0
4242,00122,30.0
424605,00122,30.0
424641,00122,60.0
424971,00122,30.0
424976,00122,30.0
424977,00122,31.0
425424,00122,62.0
425425,00122,31.0
4255,00122,30.0
427394,00122,56.0
427396,00122,52.0
4282,00122,34.0
42940,00122,71.0
430566,00122,30.0
430693,00122,56.0
430694,00122,34.0
430738,00122,30.0
430976,00122,30.0
431598,00122,30.0
431602,00122,30.0
431883,00122,30.0
431896,00122,30.0
432380,00122,32.0
43422,00122,4897.0
43549,00122,112.0
43550,00122,56.0
438569,00122,125.0
438570,00122,69.0
438571,00122,61.0
438572,00122,53.0
438574,00122,34.0
438576,00122,60.0
43859,00122,39.0
438593,00122,34.0
43860,00122,53.0
43861,00122,45.0
440623,00122,171.0
440625,00122,64.0
440649,00122,94.0
441115,00122,30.0
4415,00122,35.0
44633,00122,60.0
446619,00122,30.0
44705,00122,30.0
44706,00122,44.0
44707,00122,34.0
447624,00122,31.0
447627,00122,20.0
448253,00122,83.0
448519,00122,58.0
449191,00122,30.0
449194,00122,30.0
449196,00122,30.0
449198,00122,30.0
449526,00122,34.0
4497,00122,30.0
449726,00122,30.0
449728,00122,30.0
449794,00122,30.0
449974,00122,30.0
450122,00122,31.0
450344,00122,30.0
450345,00122,30.0
450346,00122,30.0
450348,00122,30.0
450350,00122,30.0
450351,00122,30.0
450399,00122,38.0
451233,00122,30.0
451236,00122,30.0
451237,00122,52.0
451423,00122,52.0
451481,00122,61.0
451729,00122,30.0
451730,00122,34.0
45245,00122,47.0
453426,00122,30.0
453440,00122,67.0
453737,00122,30.0
453738,00122,30.0
453827,00122,82.0
453829,00122,107.0
453830,00122,102.0
453870,00122,30.0
453871,00122,30.0
453873,00122,4250.0
453874,00122,70.0
453876,00122,70.0
453938,00122,59.0
453943,00122,56.0
453945,00122,30.0
453946,00122,30.0
453991,00122,172.0
454088,00122,60.0
454100,00122,49.0
454172,00122,43.0
454175,00122,30.0
454176,00122,30.0
454178,00122,30.0
454218,00122,56.0
454344,00122,38.0
454347,00122,75.0
454352,00122,40.0
454353,00122,63.0
454520,00122,149.0
454539,00122,36.0
454548,00122,30.0
454825,00122,30.0
454826,00122,30.0
454829,00122,68.0
454840,00122,34.0
454845,00122,84.0
454846,00122,60.0
454848,00122,30.0
454849,00122,30.0
454881,00122,30.0
454912,00122,31.0
454982,00122,31.0
455043,00122,30.0
455141,00122,134.0
455143,00122,105.0
455156,00122,30.0
455160,00122,30.0
455161,00122,30.0
455163,00122,74.0
455321,00122,37.0
455346,00122,134.0
455430,00122,30.0
455436,00122,33.0
455459,00122,30.0
455601,00122,45.0
455617,00122,108.0
456593,00122,42.0
4567,00122,31.0
456808,00122,34.0
456854,00122,217.0
456855,00122,68.0
456857,00122,77.0
456936,00122,1413.0
456973,00122,37.0
457033,00122,34.0
457034,00122,104.0
457038,00122,34.0
457039,00122,60.0
457134,00122,30.0
457193,00122,1074.0
457195,00122,1229.0
457244,00122,56.0
457283,00122,56.0
457287,00122,1114.0
457315,00122,30.0
457443,00122,31.0
457450,00122,30.0
457699,00122,51.0
457741,00122,271.0
457860,00122,42.0
457897,00122,100.0
457899,00122,30.0
457912,00122,32.0
457914,00122,42.0
457915,00122,61.0
457916,00122,30.0
4580,00122,34.0
458064,00122,45.0
458272,00122,36.0
458273,00122,38.0
458283,00122,1105.0
459029,00122,30.0
459431,00122,840.0
459655,00122,30.0
459755,00122,284.0
459767,00122,30.0
459897,00122,30.0
459977,00122,63.0
460448,00122,33.0
460450,00122,37.0
460775,00122,30.0
460835,00122,38.0
460840,00122,41.0
460841,00122,51.0
460842,00122,59.0
460844,00122,30.0
461075,00122,30.0
461077,00122,30.0
461357,00122,30.0
461360,00122,30.0
461697,00122,30.0
461704,00122,30.0
461760,00122,34.0
462097,00122,52.0
462497,00122,10.0
462498,00122,72.0
462742,00122,60.0
462744,00122,38.0
462746,00122,39.0
462747,00122,64.0
462971,00122,55.0
463021,00122,30.0
463149,00122,60.0
463161,00122,30.0
463275,00122,41.0
463278,00122,64.0
463283,00122,50.0
463386,00122,34.0
464198,00122,41.0
46479,00122,53.0
467130,00122,39.0
4680,00122,30.0
468395,00122,30.0
46853,00122,192.0
469231,00122,39.0
469298,00122,30.0
469934,00122,47.0
469935,00122,30.0
470180,00122,30.0
470814,00122,53.0
471646,00122,30.0
47168,00122,32.0
472193,00122,56.0
47257,00122,48.0
47259,00122,60.0
47261,00122,48.0
472807,00122,31.0
472921,00122,33.0
473159,00122,1373.0
473232,00122,34.0
47388,00122,30.0
473920,00122,38.0
473921,00122,30.0
473979,00122,60.0
474717,00122,39.0
474986,00122,38.0
475224,00122,85.0
475319,00122,30.0
476250,00122,30.0
476364,00122,40.0
476551,00122,56.0
476648,00122,38.0
476649,00122,35.0
477206,00122,30.0
477208,00122,30.0
477209,00122,30.0
477210,00122,30.0
477265,00122,66.0
477266,00122,39.0
477574,00122,32.0
477575,00122,61.0
477732,00122,30.0
479663,00122,30.0
479664,00122,34.0
479800,00122,60.0
481168,00122,30.0
481177,00122,64.0
481211,00122,59.0
481592,00122,30.0
481596,00122,30.0
481597,00122,53.0
481767,00122,66.0
48180,00122,34.0
481826,00122,30.0
483438,00122,30.0
48402,00122,35.0
484230,00122,48.0
484534,00122,30.0
485254,00122,29.0
485255,00122,158.0
485256,00122,2100.0
485341,00122,586.0
485588,00122,30.0
485867,00122,83.0
4860,00122,30.0
4873,00122,30.0
487754,00122,30.0
488170,00122,30.0
488175,00122,34.0
488177,00122,32.0
488286,00122,37.0
488509,00122,8932.0
4888,00122,33.0
489263,00122,5348.0
489511,00122,30.0
489601,00122,46.0
491470,00122,30.0
491516,00122,30.0
491572,00122,30.0
491573,00122,30.0
491584,00122,52.0
491593,00122,30.0
491697,00122,30.0
491726,00122,30.0
491727,00122,30.0
491774,00122,42.0
491839,00122,504.0
491841,00122,86.0
491842,00122,56.0
491843,00122,66.0
492075,00122,99.0
492154,00122,36.0
492155,00122,32.0
492255,00122,2940.0
492256,00122,35.0
492638,00122,30.0
492640,00122,30.0
492651,00122,1521.0
492653,00122,754.0
492654,00122,421.0
493066,00122,50.0
493210,00122,977.0
494002,00122,34.0
494129,00122,30.0
494948,00122,30.0
494949,00122,60.0
495115,00122,48.0
495660,00122,34.0
495767,00122,37.0
495933,00122,14809.0
495934,00122,6556.0
496047,00122,52.0
496354,00122,32.0
496497,00122,33.0
497121,00122,38.0
497122,00122,60.0
498236,00122,34.0
498237,00122,30.0
498238,00122,34.0
498366,00122,59.0
498367,00122,56.0
498368,00122,73.0
498369,00122,60.0
499085,00122,30.0
49910,00122,37.0
499723,00122,30.0
499993,00122,60.0
501033,00122,203.0
501567,00122,260.0
501571,00122,30.0
501572,00122,36.0
502490,00122,30.0
502598,00122,48.0
502599,00122,35.0
502787,00122,30.0
502789,00122,30.0
502940,00122,30.0
502978,00122,190.0
503189,00122,34.0
504272,00122,30.0
50473,00122,101.0
505109,00122,30.0
505115,00122,30.0
505116,00122,30.0
505117,00122,33.0
505235,00122,30.0
505264,00122,134.0
505293,00122,203.0
505356,00122,39.0
505570,00122,30.0
505571,00122,34.0
506749,00122,120.0
506751,00122,64.0
506752,00122,30.0
507,00122,34.0
507034,00122,174.0
507035,00122,33.0
507456,00122,5355.0
507611,00122,60.0
507612,00122,56.0
508,00122,84.0
508233,00122,30.0
508237,00122,65.0
508481,00122,52.0
508508,00122,34.0
50944,00122,34.0
50946,00122,35.0
510510,00122,52.0
510511,00122,42.0
510512,00122,36.0
510513,00122,30.0
510514,00122,45.0
511003,00122,52.0
511004,00122,71.0
511044,00122,30.0
511338,00122,34.0
511339,00122,45.0
512418,00122,60.0
512419,00122,56.0
512422,00122,40.0
512637,00122,46.0
512649,00122,52.0
512831,00122,81.0
513491,00122,499.0
513492,00122,632.0
513585,00122,30.0
513606,00122,31.0
513608,00122,34.0
514310,00122,30.0
514413,00122,53.0
514481,00122,60.0
514509,00122,30.0
514510,00122,30.0
516028,00122,39.0
516359,00122,30.0
517419,00122,35.0
517448,00122,31.0
51782,00122,125.0
5191,00122,50.0
519209,00122,81.0
519224,00122,71.0
519229,00122,95.0
519470,00122,30.0
519473,00122,30.0
519475,00122,34.0
519477,00122,30.0
519478,00122,30.0
519530,00122,141.0
519531,00122,53.0
519533,00122,105.0
519801,00122,30.0
519807,00122,30.0
519934,00122,73.0
520819,00122,52.0
521082,00122,31.0
521083,00122,38.0
521086,00122,35.0
521095,00122,30.0
521099,00122,30.0
521184,00122,4279.0
521386,00122,60.0
522734,00122,164.0
522736,00122,88.0
522737,00122,225.0
522740,00122,101.0
522919,00122,47.0
522989,00122,60.0
523153,00122,76.0
523472,00122,30.0
523473,00122,30.0
523773,00122,30.0
523774,00122,30.0
523984,00122,30.0
523995,00122,30.0
524013,00122,38.0
524135,00122,31.0
524228,00122,38.0
524230,00122,43.0
52425,00122,60.0
525201,00122,44.0
525569,00122,1533.0
526307,00122,34.0
526311,00122,30.0
526804,00122,145.0
526805,00122,74.0
526806,00122,120.0
52924,00122,34.0
529676,00122,104.0
529733,00122,34.0
529739,00122,34.0
531446,00122,30.0
531447,00122,39.0
532508,00122,57.0
532509,00122,33.0
533462,00122,42.0
533673,00122,67.0
533674,00122,98.0
533675,00122,57.0
5344,00122,31.0
534580,00122,30.0
5346,00122,30.0
535121,00122,36.0
5371,00122,30.0
537160,00122,60.0
537169,00122,30.0
537170,00122,30.0
537171,00122,34.0
537173,00122,30.0
537174,00122,30.0
537176,00122,30.0
537177,00122,30.0
537872,00122,30.0
537874,00122,30.0
538204,00122,30.0
538209,00122,109.0
538560,00122,60.0
538594,00122,30.0
538603,00122,30.0
538870,00122,116.0
539205,00122,30.0
539684,00122,30.0
539685,00122,30.0
539686,00122,30.0
53978,00122,34.0
541426,00122,62.0
541427,00122,30.0
541517,00122,29.0
541518,00122,94.0
541535,00122,191.0
541571,00122,60.0
541625,00122,30.0
543028,00122,89.0
54496,00122,34.0
545,00122,106.0
545369,00122,52.0
545373,00122,40.0
545374,00122,87.0
545587,00122,48.0
545588,00122,46.0
545589,00122,35.0
545590,00122,33.0
546080,00122,30.0
546267,00122,34.0
546330,00122,52.0
550569,00122,30.0
550571,00122,34.0
55118,00122,35.0
551494,00122,79.0
551526,00122,30.0
552317,00122,233.0
5535,00122,30.0
553538,00122,43.0
55357,00122,56.0
555269,00122,69.0
555270,00122,74.0
555271,00122,79.0
555272,00122,61.0
555429,00122,60.0
555432,00122,2056.0
555433,00122,1550.0
555434,00122,1373.0
555435,00122,4012.0
555727,00122,858.0
555881,00122,30.0
555890,00122,42.0
555893,00122,62.0
555904,00122,30.0
555933,00122,86.0
55633,00122,35.0
556792,00122,30.0
557116,00122,570.0
557117,00122,926.0
557599,00122,95.0
557840,00122,30.0
557856,00122,30.0
557857,00122,30.0
557860,00122,30.0
558,00122,70.0
55899,00122,1359.0
55921,00122,36.0
560386,00122,38.0
560573,00122,30.0
5609,00122,30.0
562145,00122,56.0
562146,00122,47.0
562147,00122,31.0
562484,00122,30.0
564064,00122,288.0
564587,00122,30.0
565117,00122,70.0
565118,00122,43.0
565119,00122,169.0
565120,00122,217.0
565121,00122,69.0
565122,00122,127.0
565123,00122,226.0
565124,00122,115.0
565125,00122,103.0
565126,00122,86.0
565127,00122,64.0
565193,00122,35.0
565257,00122,39.0
565871,00122,2391.0
566139,00122,62.0
566567,00122,60.0
566568,00122,34.0
566750,00122,175.0
566752,00122,60.0
566811,00122,104.0
567317,00122,45.0
567334,00122,103.0
567473,00122,30.0
567655,00122,30.0
567778,00122,77.0
567779,00122,75.0
568160,00122,5953.0
568161,00122,1070.0
568701,00122,34.0
568703,00122,56.0
568707,00122,60.0
569768,00122,60.0
569769,00122,32.0
569770,00122,60.0
569771,00122,30.0
569772,00122,59.0
569773,00122,45.0
569774,00122,34.0
569775,00122,49.0
569776,00122,37.0
570001,00122,117.0
570713,00122,51.0
570739,00122,42.0
570745,00122,109.0
570746,00122,197.0
571043,00122,375.0
571044,00122,670.0
571045,00122,52.0
571046,00122,30.0
571047,00122,64.0
571340,00122,30.0
571390,00122,64.0
571391,00122,94.0
571457,00122,30.0
571637,00122,35.0
571638,00122,42.0
574784,00122,456.0
574785,00122,33.0
574787,00122,512.0
57486,00122,112.0
57487,00122,83.0
57488,00122,137.0
574988,00122,30.0
574992,00122,30.0
575330,00122,30.0
576252,00122,30.0
578306,00122,5476.0
578707,00122,30.0
579240,00122,30.0
579241,00122,30.0
579242,00122,30.0
579243,00122,60.0
579258,00122,60.0
579259,00122,60.0
579280,00122,86.0
579281,00122,79.0
579282,00122,75.0
579283,00122,90.0
579408,00122,60.0
579713,00122,60.0
579714,00122,60.0
580651,00122,30.0
580758,00122,30.0
580768,00122,30.0
580800,00122,100.0
580801,00122,120.0
580802,00122,98.0
581779,00122,30.0
581781,00122,34.0
581783,00122,30.0
581784,00122,38.0
581788,00122,77.0
581790,00122,73.0
581792,00122,43.0
582402,00122,2886.0
582505,00122,60.0
58301,00122,30.0
583078,00122,30.0
583079,00122,30.0
583276,00122,158.0
583467,00122,30.0
584104,00122,252.0
584291,00122,999.0
584833,00122,30.0
584834,00122,30.0
584835,00122,35.0
585327,00122,30.0
585328,00122,44.0
585486,00122,30.0
585487,00122,30.0
585488,00122,30.0
585489,00122,30.0
585490,00122,30.0
585491,00122,30.0
585493,00122,30.0
585535,00122,71.0
585536,00122,34.0
587689,00122,35.0
587999,00122,60.0
588240,00122,512.0
588241,00122,334.0
588310,00122,138.0
588548,00122,60.0
588550,00122,35.0
588551,00122,57.0
588552,00122,56.0
588717,00122,51.0
588718,00122,30.0
588719,00122,38.0
589287,00122,30.0
589288,00122,30.0
589289,00122,34.0
589290,00122,30.0
589297,00122,30.0
589299,00122,30.0
589459,00122,38.0
590083,00122,48.0
590084,00122,35.0
590667,00122,114.0
590668,00122,64.0
590669,00122,49.0
590670,00122,42.0
590671,00122,30.0
590865,00122,43.0
592529,00122,43.0
593839,00122,30.0
594127,00122,30.0
594128,00122,30.0
594130,00122,35.0
594131,00122,34.0
594132,00122,54.0
594161,00122,531.0
594414,00122,489.0
594871,00122,35.0
594885,00122,30.0
594886,00122,48.0
594887,00122,43.0
595229,00122,30.0
595670,00122,52.0
595757,00122,30.0
595758,00122,30.0
595760,00122,30.0
595761,00122,30.0
595762,00122,30.0
595764,00122,34.0
595787,00122,98.0
595788,00122,64.0
595789,00122,113.0
595790,00122,583.0
595791,00122,483.0
595792,00122,286.0
596244,00122,52.0
596246,00122,30.0
596263,00122,35.0
596264,00122,30.0
596265,00122,30.0
596664,00122,64.0
596665,00122,34.0
597827,00122,35.0
597832,00122,267.0
597833,00122,38.0
597834,00122,583.0
597836,00122,56.0
597837,00122,56.0
597838,00122,60.0
597839,00122,30.0
597914,00122,52.0
598041,00122,65.0
598317,00122,77.0
598318,00122,64.0
598320,00122,107.0
598321,00122,82.0
598322,00122,142.0
598333,00122,72.0
598334,00122,56.0
598335,00122,60.0
598336,00122,56.0
598341,00122,30.0
599013,00122,68.0
599014,00122,68.0
599015,00122,64.0
599016,00122,84.0
599019,00122,30.0
599812,00122,188.0
600262,00122,116.0
600263,00122,78.0
600264,00122,90.0
600265,00122,69.0
600266,00122,108.0
600267,00122,69.0
60055,00122,30.0
60056,00122,30.0
600594,00122,30.0
600596,00122,35.0
601165,00122,107.0
601166,00122,64.0
601167,00122,30.0
601168,00122,52.0
601169,00122,42.0
601170,00122,30.0
603732,00122,60.0
603819,00122,82.0
604064,00122,233.0
604065,00122,141.0
604066,00122,126.0
604067,00122,99.0
60421,00122,30.0
604515,00122,506.0
604516,00122,73.0
604517,00122,65.0
604525,00122,64.0
604526,00122,56.0
604527,00122,82.0
604739,00122,128.0
6079,00122,34.0
6095,00122,30.0
61043,00122,30.0
61722,00122,37.0
62074,00122,60.0
62077,00122,30.0
62470,00122,35.0
62673,00122,56.0
63453,00122,30.0
63455,00122,34.0
6361,00122,30.0
63733,00122,30.0
6391,00122,64.0
64808,00122,30.0
65111,00122,34.0
65223,00122,30.0
6542,00122,60.0
66365,00122,30.0
66554,00122,34.0
66803,00122,30.0
67240,00122,30.0
685,00122,143.0
68987,00122,30.0
69075,00122,103.0
691,00122,139.0
70167,00122,47.0
71442,00122,30.0
72443,00122,30.0
72526,00122,81.0
74095,00122,30.0
74318,00122,30.0
75048,00122,111.0
7566,00122,47.0
76699,00122,35.0
77057,00122,32.0
78366,00122,85.0
79541,00122,30.0
79638,00122,57.0
80341,00122,70.0
80817,00122,30.0
80941,00122,34.0
8097,00122,30.0
817,00122,58.0
81710,00122,30.0
81830,00122,39.0
81883,00122,30.0
81884,00122,30.0
82909,00122,31.0
83062,00122,30.0
83116,00122,30.0
83552,00122,58.0
83554,00122,35.0
83558,00122,30.0
83560,00122,53.0
83561,00122,35.0
84752,00122,60.0
84754,00122,80.0
84757,00122,69.0
8483,00122,40.0
84853,00122,76.0
85449,00122,33.0
85860,00122,894.0
87000,00122,34.0
87001,00122,30.0
87246,00122,30.0
875,00122,40.0
88266,00122,70.0
888,00122,67.0
88861,00122,34.0
89405,00122,69.0
90141,00122,45.0
905,00122,41.0
9090,00122,56.0
91094,00122,63.0
91214,00122,30.0
91967,00122,30.0
91973,00122,30.0
91974,00122,39.0
91980,00122,30.0
92895,00122,30.0
92900,00122,30.0
93148,00122,35.0
94510,00122,91.0
95392,00122,111.0
96147,00122,46.0
97146,00122,30.0
972,00122,42.0
98467,00122,30.0
98560,00122,97.0
100407,00154,30.0
100622,00154,286.0
100971,00154,34.0
100972,00154,30.0
101734,00154,60.0
101735,00154,54.0
101740,00154,184.0
101743,00154,693.0
101744,00154,30.0
101745,00154,30.0
101747,00154,30.0
101748,00154,30.0
102410,00154,30.0
102411,00154,31.0
102664,00154,30.0
102830,00154,104.0
102832,00154,65.0
102833,00154,82.0
102834,00154,52.0
102835,00154,104.0
102837,00154,51.0
1029,00154,67.0
102928,00154,30.0
103714,00154,30.0
103715,00154,33.0
103717,00154,30.0
1038,00154,31.0
104746,00154,30.0
105285,00154,30.0
105294,00154,30.0
105316,00154,60.0
106208,00154,90.0
106236,00154,176.0
1063,00154,30.0
106537,00154,30.0
106606,00154,120.0
106662,00154,30.0
106974,00154,143.0
107268,00154,30.0
107271,00154,52.0
107401,00154,44.0
107458,00154,51.0
107459,00154,56.0
107662,00154,30.0
107687,00154,30.0
108193,00154,63.0
108895,00154,30.0
109314,00154,30.0
109319,00154,31.0
109551,00154,30.0
109554,00154,30.0
109612,00154,37.0
109688,00154,60.0
109770,00154,56.0
109771,00154,39.0
10998,00154,30.0
110327,00154,30.0
110695,00154,93.0
110852,00154,117.0
110853,00154,61.0
110965,00154,31.0
110966,00154,72.0
110967,00154,39.0
110968,00154,30.0
111008,00154,30.0
111856,00154,36.0
112473,00154,59.0
112842,00154,94.0
113755,00154,30.0
116559,00154,30.0
116612,00154,38.0
116897,00154,30.0
118064,00154,57.0
1182,00154,30.0
118209,00154,58.0
1184,00154,34.0
119109,00154,34.0
119110,00154,32.0
119171,00154,80.0
119868,00154,30.0
120509,00154,189.0
121032,00154,70.0
1221,00154,73.0
123896,00154,30.0
124381,00154,30.0
124382,00154,819.0
124383,00154,30.0
124384,00154,30.0
124729,00154,30.0
124793,00154,30.0
125568,00154,30.0
125650,00154,30.0
12637,00154,30.0
126985,00154,30.0
127308,00154,30.0
127359,00154,7085.0
127360,00154,1762.0
127438,00154,30.0
127439,00154,30.0
128517,00154,32.0
128667,00154,2669.0
128673,00154,30.0
128674,00154,30.0
129086,00154,33.0
129496,00154,30.0
129497,00154,38.0
129498,00154,96.0
129593,00154,31.0
129596,00154,30.0
129597,00154,51.0
129598,00154,30.0
12965,00154,36.0
130561,00154,33.0
130562,00154,30.0
131323,00154,30.0
131535,00154,34.0
132678,00154,34.0
133243,00154,30.0
133336,00154,49.0
133445,00154,30.0
134389,00154,30.0
134760,00154,30.0
136257,00154,30.0
136258,00154,30.0
1375,00154,30.0
138263,00154,30.0
1391,00154,30.0
139443,00154,30.0
139467,00154,30.0
139468,00154,30.0
140254,00154,58.0
141772,00154,30.0
14210,00154,60.0
142529,00154,30.0
142530,00154,34.0
142532,00154,30.0
142533,00154,56.0
142908,00154,33.0
143361,00154,51.0
143363,00154,33.0
14401,00154,30.0
144232,00154,35.0
144722,00154,30.0
144723,00154,30.0
144724,00154,37.0
144725,00154,30.0
145082,00154,55.0
145085,00154,35.0
14511,00154,30.0
145221,00154,57.0
14587,00154,30.0
146152,00154,35.0
14831,00154,775.0
149074,00154,30.0
149141,00154,93.0
1494,00154,30.0
149486,00154,60.0
149487,00154,60.0
1498,00154,37.0
1506,00154,41.0
151311,00154,111.0
1520,00154,33.0
154808,00154,60.0
154809,00154,60.0
154890,00154,30.0
154891,00154,30.0
154893,00154,30.0
154894,00154,30.0
155363,00154,181.0
156285,00154,30.0
156703,00154,906.0
157210,00154,30.0
157688,00154,30.0
157691,00154,30.0
157692,00154,30.0
157934,00154,30.0
158113,00154,30.0
158588,00154,34.0
158613,00154,30.0
159124,00154,17335.0
159685,00154,30.0
1599,00154,30.0
1605,00154,60.0
160714,00154,44.0
16287,00154,30.0
1629,00154,34.0
163,00154,2051.0
1641,00154,30.0
1654,00154,34.0
167274,00154,34.0
168500,00154,30.0
168503,00154,30.0
168613,00154,30.0
168991,00154,30.0
169028,00154,30.0
16919,00154,30.0
1696,00154,57.0
169685,00154,30.0
169938,00154,95.0
171703,00154,30.0
173346,00154,74.0
17353,00154,30.0
173768,00154,30.0
175232,00154,60.0
175842,00154,30.0
1760,00154,34.0
176565,00154,34.0
177701,00154,30.0
178295,00154,59.0
179097,00154,60.0
180701,00154,42.0
180703,00154,40.0
180743,00154,34.0
1809,00154,56.0
182264,00154,30.0
184385,00154,30.0
185663,00154,90.0
18579,00154,56.0
1861,00154,38.0
187467,00154,30.0
187670,00154,34.0
187962,00154,52.0
188360,00154,33.0
188365,00154,30.0
188367,00154,38.0
188368,00154,34.0
188373,00154,113.0
188548,00154,227.0
1902,00154,30.0
190454,00154,30.0
191187,00154,230.0
192828,00154,30.0
194321,00154,30.0
194892,00154,45.0
19516,00154,60.0
19517,00154,59.0
19518,00154,39.0
19519,00154,34.0
1960,00154,30.0
196835,00154,30.0
1982,00154,38.0
198469,00154,30.0
1991,00154,39.0
200006,00154,70.0
200041,00154,41.0
200221,00154,30.0
202584,00154,90.0
203757,00154,30.0
203875,00154,30.0
203877,00154,30.0
203879,00154,30.0
203880,00154,30.0
203881,00154,30.0
204483,00154,30.0
204794,00154,30.0
20516,00154,69.0
206362,00154,30.0
20675,00154,36.0
208,00154,234.0
208038,00154,30.0
208050,00154,54.0
208219,00154,48.0
20840,00154,165.0
20857,00154,70.0
209031,00154,34.0
209032,00154,35.0
209052,00154,30.0
210154,00154,116.0
210155,00154,61.0
210874,00154,30.0
210959,00154,40.0
211530,00154,30.0
21331,00154,30.0
2138,00154,30.0
214684,00154,30.0
214824,00154,30.0
21538,00154,491.0
215995,00154,249.0
216915,00154,34.0
218557,00154,65.0
218781,00154,30.0
218870,00154,44.0
219181,00154,30.0
219836,00154,47.0
223199,00154,30.0
223389,00154,34.0
22450,00154,96.0
22560,00154,30.0
225783,00154,32.0
226706,00154,65.0
226791,00154,45.0
227866,00154,31.0
227868,00154,57.0
227873,00154,30.0
228685,00154,30.0
229229,00154,30.0
229475,00154,52.0
2316,00154,50.0
23164,00154,34.0
233016,00154,30.0
233072,00154,41.0
233172,00154,30.0
234394,00154,33.0
234395,00154,37.0
234569,00154,30.0
234923,00154,60.0
234924,00154,30.0
234967,00154,55.0
235121,00154,30.0
235135,00154,30.0
235800,00154,52.0
2363,00154,30.0
236492,00154,181.0
236641,00154,34.0
236642,00154,35.0
236643,00154,37.0
236659,00154,56.0
237276,00154,54.0
2374,00154,56.0
237428,00154,30.0
237495,00154,53.0
238695,00154,51.0
239663,00154,30.0
240,00154,43.0
243857,00154,30.0
243859,00154,30.0
245804,00154,76.0
245805,00154,31.0
246097,00154,35.0
246508,00154,30.0
2466,00154,47.0
246997,00154,34.0
248491,00154,52.0
249288,00154,35.0
249407,00154,34.0
2503,00154,30.0
2510,00154,30.0
251173,00154,44.0
251175,00154,35.0
251597,00154,30.0
254164,00154,30.0
254168,00154,50.0
254170,00154,30.0
254173,00154,30.0
254174,00154,30.0
254425,00154,30.0
254426,00154,30.0
254646,00154,60.0
2556,00154,30.0
257669,00154,35.0
2578,00154,30.0
257884,00154,47.0
257921,00154,30.0
259754,00154,48.0
262191,00154,30.0
262670,00154,33.0
262671,00154,50.0
262672,00154,38.0
262673,00154,45.0
2648,00154,30.0
264960,00154,30.0
265450,00154,30.0
267693,00154,52.0
268041,00154,40.0
268042,00154,43.0
268265,00154,30.0
268266,00154,30.0
26839,00154,266.0
268717,00154,122.0
269632,00154,30.0
272460,00154,30.0
273079,00154,60.0
274083,00154,30.0
274983,00154,30.0
275568,00154,30.0
276610,00154,60.0
277302,00154,30.0
278117,00154,1184.0
278120,00154,1096.0
2790,00154,30.0
279361,00154,32.0
279556,00154,30.0
280020,00154,30.0
280138,00154,54.0
2825,00154,32.0
282898,00154,48.0
284165,00154,30.0
28425,00154,56.0
285411,00154,30.0
28549,00154,71.0
286880,00154,34.0
286995,00154,35.0
2879,00154,30.0
28959,00154,60.0
29042,00154,254.0
295109,00154,30.0
295650,00154,30.0
296065,00154,30.0
296066,00154,30.0
296176,00154,30.0
296179,00154,34.0
296182,00154,30.0
296529,00154,87.0
297040,00154,40.0
297041,00154,34.0
2976,00154,86.0
2978,00154,30.0
29856,00154,30.0
299125,00154,30.0
299478,00154,60.0
299700,00154,30.0
299993,00154,42.0
299994,00154,46.0
300030,00154,30.0
300044,00154,30.0
30040,00154,30.0
301763,00154,30.0
3023,00154,30.0
302621,00154,35.0
303608,00154,30.0
304133,00154,58.0
304139,00154,57.0
3047,00154,34.0
308500,00154,60.0
308607,00154,30.0
310182,00154,30.0
3102,00154,30.0
311373,00154,30.0
3124,00154,30.0
3148,00154,30.0
316080,00154,73.0
316349,00154,30.0
31635,00154,30.0
31733,00154,30.0
3179,00154,30.0
31894,00154,403.0
321176,00154,30.0
321539,00154,34.0
321718,00154,30.0
32445,00154,30.0
326623,00154,30.0
326735,00154,30.0
327641,00154,30.0
329043,00154,30.0
3292,00154,30.0
32934,00154,96.0
33105,00154,30.0
331151,00154,30.0
331155,00154,30.0
332406,00154,402.0
332809,00154,60.0
332817,00154,187.0
333278,00154,32.0
333414,00154,94.0
333828,00154,38.0
3348,00154,30.0
335643,00154,51.0
335667,00154,60.0
336840,00154,137.0
336981,00154,156.0
338553,00154,60.0
3386,00154,30.0
340955,00154,60.0
34102,00154,35.0
343660,00154,60.0
344569,00154,30.0
345024,00154,30.0
345355,00154,30.0
345356,00154,30.0
345357,00154,56.0
345749,00154,30.0
345750,00154,30.0
3474,00154,30.0
348718,00154,30.0
348719,00154,30.0
34888,00154,87.0
34899,00154,106.0
349625,00154,30.0
351952,00154,56.0
353704,00154,30.0
3542,00154,30.0
354225,00154,30.0
355015,00154,30.0
355020,00154,30.0
357175,00154,31.0
3575,00154,53.0
357694,00154,30.0
358247,00154,30.0
358819,00154,30.0
359349,00154,30.0
359518,00154,46.0
361281,00154,60.0
364446,00154,147.0
364447,00154,129.0
364448,00154,177.0
364451,00154,253.0
3665,00154,31.0
366610,00154,30.0
367412,00154,30.0
3683,00154,43.0
368598,00154,30.0
369400,00154,30.0
36986,00154,30.0
371519,00154,30.0
3722,00154,30.0
373782,00154,57.0
3740,00154,34.0
375941,00154,30.0
375942,00154,30.0
376084,00154,30.0
376085,00154,30.0
376086,00154,34.0
376722,00154,64.0
378685,00154,96.0
379145,00154,61.0
379146,00154,34.0
379148,00154,60.0
379684,00154,30.0
38066,00154,87.0
38072,00154,123.0
381264,00154,60.0
381265,00154,34.0
381357,00154,36.0
381909,00154,30.0
382505,00154,31.0
382950,00154,55.0
382952,00154,50.0
382953,00154,56.0
382954,00154,59.0
382955,00154,38.0
383110,00154,30.0
38333,00154,30.0
383662,00154,94.0
383663,00154,64.0
383664,00154,59.0
384028,00154,30.0
384307,00154,30.0
384695,00154,30.0
385845,00154,30.0
386150,00154,30.0
386418,00154,32.0
386419,00154,30.0
386761,00154,30.0
386763,00154,62.0
386850,00154,211.0
387158,00154,60.0
387874,00154,30.0
388685,00154,60.0
388991,00154,35.0
388993,00154,46.0
389244,00154,38.0
389478,00154,30.0
389479,00154,30.0
389480,00154,34.0
389481,00154,34.0
390392,00154,52.0
390427,00154,30.0
390615,00154,950.0
390633,00154,106.0
390634,00154,50.0
390636,00154,30.0
390637,00154,30.0
390638,00154,30.0
390639,00154,30.0
390640,00154,107.0
390669,00154,30.0
391253,00154,30.0
392606,00154,41.0
392719,00154,34.0
393400,00154,30.0
393561,00154,30.0
393567,00154,30.0
394055,00154,73.0
394188,00154,30.0
394499,00154,427.0
394500,00154,1486.0
394501,00154,1582.0
394509,00154,61.0
394511,00154,162.0
394533,00154,30.0
394534,00154,30.0
39591,00154,61.0
39593,00154,85.0
39595,00154,30.0
398363,00154,48.0
399842,00154,323.0
400077,00154,34.0
400731,00154,56.0
400732,00154,64.0
400762,00154,30.0
400767,00154,60.0
4008,00154,30.0
400930,00154,30.0
401036,00154,37.0
401556,00154,30.0
40159,00154,30.0
402255,00154,68.0
402925,00154,30.0
402928,00154,30.0
402935,00154,30.0
402936,00154,30.0
402937,00154,30.0
402938,00154,39.0
403510,00154,332.0
403511,00154,745.0
403611,00154,47.0
403612,00154,38.0
403760,00154,64.0
403762,00154,60.0
403943,00154,30.0
403948,00154,30.0
403953,00154,30.0
403987,00154,156.0
40399,00154,96.0
404,00154,32.0
40400,00154,60.0
40401,00154,30.0
40403,00154,83.0
404528,00154,57.0
404531,00154,30.0
404801,00154,30.0
404803,00154,30.0
404804,00154,55.0
404806,00154,36.0
405161,00154,30.0
405165,00154,30.0
405626,00154,498.0
405628,00154,144.0
405631,00154,38.0
406018,00154,412.0
406341,00154,60.0
406344,00154,127.0
406355,00154,33.0
406831,00154,30.0
407312,00154,35.0
407346,00154,30.0
407347,00154,30.0
407622,00154,30.0
407938,00154,30.0
407940,00154,30.0
407941,00154,30.0
408,00154,112.0
408032,00154,30.0
408033,00154,34.0
408035,00154,30.0
408036,00154,30.0
408037,00154,30.0
408127,00154,48.0
408206,00154,30.0
409183,00154,34.0
409186,00154,34.0
409187,00154,43.0
409194,00154,35.0
409329,00154,30.0
409512,00154,56.0
409981,00154,30.0
410592,00154,58.0
410865,00154,44.0
410867,00154,30.0
4118,00154,30.0
412086,00154,96.0
412087,00154,64.0
412088,00154,103.0
412089,00154,125.0
412090,00154,185.0
412091,00154,89.0
412092,00154,206.0
412093,00154,159.0
412094,00154,112.0
413062,00154,30.0
413552,00154,34.0
413555,00154,30.0
413557,00154,30.0
413558,00154,60.0
413560,00154,42.0
414519,00154,95.0
414617,00154,136.0
414788,00154,30.0
4152,00154,30.0
41542,00154,60.0
41709,00154,30.0
418235,00154,30.0
418308,00154,30.0
418414,00154,60.0
418415,00154,90.0
418416,00154,136.0
418830,00154,30.0
418832,00154,30.0
418946,00154,60.0
419007,00154,411.0
419009,00154,644.0
419011,00154,32.0
420520,00154,30.0
420986,00154,49.0
42135,00154,30.0
42231,00154,31.0
422426,00154,30.0
422431,00154,30.0
422432,00154,30.0
422433,00154,30.0
422434,00154,30.0
422609,00154,30.0
424190,00154,30.0
424192,00154,83.0
424193,00154,69.0
4242,00154,30.0
424605,00154,30.0
424641,00154,38.0
424971,00154,31.0
424976,00154,30.0
424977,00154,30.0
425424,00154,50.0
425425,00154,30.0
4255,00154,31.0
427394,00154,30.0
427396,00154,30.0
4282,00154,30.0
42940,00154,164.0
430566,00154,30.0
430693,00154,30.0
430976,00154,30.0
431598,00154,30.0
431602,00154,47.0
431883,00154,30.0
431896,00154,30.0
432380,00154,30.0
43422,00154,2144.0
43549,00154,60.0
43550,00154,70.0
438569,00154,210.0
438570,00154,154.0
438571,00154,133.0
438572,00154,34.0
438574,00154,30.0
438576,00154,36.0
43859,00154,43.0
43860,00154,65.0
43861,00154,65.0
440623,00154,116.0
440625,00154,34.0
440649,00154,86.0
441115,00154,30.0
4415,00154,30.0
44633,00154,34.0
446619,00154,30.0
44705,00154,30.0
44706,00154,64.0
44707,00154,30.0
447624,00154,68.0
447627,00154,96.0
448253,00154,60.0
448519,00154,30.0
449191,00154,30.0
449194,00154,30.0
449196,00154,30.0
449198,00154,30.0
449526,00154,30.0
4497,00154,30.0
449726,00154,154.0
449728,00154,32.0
449974,00154,34.0
450122,00154,30.0
450345,00154,30.0
450346,00154,30.0
450348,00154,30.0
450399,00154,30.0
451423,00154,30.0
451481,00154,32.0
451729,00154,30.0
451730,00154,30.0
45245,00154,30.0
453426,00154,30.0
453440,00154,48.0
453738,00154,30.0
453827,00154,175.0
453829,00154,157.0
453830,00154,171.0
453870,00154,138.0
453871,00154,193.0
453873,00154,1971.0
453874,00154,1090.0
453876,00154,141.0
453938,00154,30.0
453943,00154,63.0
453945,00154,30.0
453946,00154,30.0
453991,00154,78.0
454088,00154,30.0
454100,00154,30.0
454172,00154,58.0
454218,00154,33.0
454344,00154,90.0
454347,00154,347.0
454352,00154,50.0
454353,00154,61.0
454539,00154,30.0
454548,00154,30.0
454826,00154,30.0
454829,00154,69.0
454840,00154,30.0
454845,00154,90.0
454846,00154,30.0
454848,00154,30.0
454849,00154,30.0
454881,00154,30.0
454912,00154,58.0
454982,00154,30.0
455043,00154,37.0
455141,00154,59.0
455143,00154,111.0
455156,00154,39.0
455160,00154,35.0
455161,00154,34.0
455163,00154,117.0
455321,00154,30.0
455322,00154,64.0
455346,00154,60.0
455430,00154,59.0
455436,00154,32.0
455601,00154,43.0
455617,00154,61.0
456593,00154,39.0
456808,00154,60.0
456854,00154,921.0
456855,00154,1697.0
456857,00154,124.0
456936,00154,233.0
456973,00154,30.0
457033,00154,30.0
457034,00154,61.0
457038,00154,37.0
457039,00154,58.0
457134,00154,30.0
457193,00154,668.0
457195,00154,1166.0
457244,00154,415.0
457283,00154,37.0
457287,00154,1880.0
457315,00154,30.0
457443,00154,30.0
457450,00154,30.0
457741,00154,247.0
457860,00154,60.0
457897,00154,69.0
457899,00154,30.0
457912,00154,31.0
457914,00154,58.0
457915,00154,38.0
457916,00154,30.0
4580,00154,30.0
458064,00154,30.0
458272,00154,30.0
458273,00154,30.0
458283,00154,98.0
459431,00154,878.0
459655,00154,30.0
459755,00154,174.0
459897,00154,30.0
459977,00154,30.0
460448,00154,30.0
460450,00154,41.0
460775,00154,30.0
460841,00154,30.0
460842,00154,30.0
460844,00154,30.0
461075,00154,30.0
461077,00154,30.0
461760,00154,47.0
462097,00154,60.0
462497,00154,189.0
462498,00154,60.0
462742,00154,68.0
462744,00154,49.0
462746,00154,60.0
462747,00154,52.0
462971,00154,52.0
463021,00154,30.0
463275,00154,54.0
463278,00154,30.0
463386,00154,30.0
464198,00154,38.0
46479,00154,33.0
467130,00154,30.0
4680,00154,30.0
468395,00154,42.0
46853,00154,149.0
469231,00154,34.0
469298,00154,30.0
470814,00154,30.0
47168,00154,30.0
472193,00154,32.0
47257,00154,30.0
47259,00154,38.0
47261,00154,36.0
472921,00154,60.0
473159,00154,1543.0
473232,00154,34.0
47388,00154,30.0
473920,00154,30.0
473979,00154,34.0
474717,00154,35.0
474986,00154,30.0
475319,00154,30.0
476250,00154,30.0
476551,00154,77.0
476648,00154,58.0
476649,00154,42.0
477209,00154,30.0
477265,00154,46.0
477266,00154,34.0
477574,00154,63.0
477732,00154,30.0
479800,00154,60.0
480533,00154,101.0
481168,00154,30.0
481211,00154,30.0
481767,00154,50.0
48180,00154,30.0
481826,00154,30.0
48402,00154,30.0
484534,00154,30.0
485254,00154,116.0
485255,00154,72.0
485256,00154,359.0
485341,00154,1035.0
485588,00154,30.0
485867,00154,121.0
4860,00154,30.0
4873,00154,30.0
487754,00154,30.0
488170,00154,30.0
488175,00154,30.0
488177,00154,30.0
488286,00154,30.0
488509,00154,13972.0
488748,00154,30.0
4888,00154,30.0
489263,00154,2324.0
489511,00154,34.0
489601,00154,78.0
491572,00154,30.0
491584,00154,38.0
491593,00154,30.0
491697,00154,30.0
491726,00154,30.0
491727,00154,30.0
491774,00154,30.0
491839,00154,282.0
491841,00154,98.0
491842,00154,30.0
491843,00154,34.0
492075,00154,195.0
492154,00154,39.0
492155,00154,30.0
492255,00154,4092.0
492256,00154,30.0
492638,00154,30.0
492640,00154,30.0
492651,00154,225.0
492653,00154,290.0
492654,00154,345.0
493066,00154,30.0
493210,00154,385.0
494002,00154,37.0
494948,00154,55.0
494949,00154,60.0
495115,00154,64.0
495660,00154,30.0
495767,00154,30.0
495933,00154,30939.0
495934,00154,3082.0
496047,00154,52.0
496354,00154,255.0
496497,00154,30.0
497121,00154,30.0
498236,00154,30.0
498237,00154,30.0
498238,00154,39.0
498366,00154,34.0
498368,00154,148.0
498530,00154,30.0
499085,00154,42.0
49910,00154,31.0
499993,00154,283.0
501033,00154,73.0
501567,00154,179.0
501571,00154,30.0
501572,00154,56.0
502490,00154,30.0
502598,00154,32.0
502599,00154,50.0
502787,00154,30.0
502789,00154,30.0
502940,00154,30.0
502978,00154,334.0
503189,00154,30.0
504272,00154,30.0
50473,00154,62.0
505109,00154,30.0
505115,00154,30.0
505116,00154,30.0
505117,00154,30.0
505264,00154,60.0
505293,00154,107.0
505302,00154,43.0
505303,00154,60.0
505356,00154,30.0
505570,00154,31.0
505571,00154,38.0
506749,00154,90.0
506751,00154,73.0
506752,00154,30.0
506755,00154,30.0
506805,00154,30.0
507,00154,30.0
507034,00154,361.0
507035,00154,39.0
507456,00154,2770.0
507611,00154,30.0
507612,00154,30.0
508,00154,99.0
508233,00154,30.0
508237,00154,34.0
508481,00154,30.0
508508,00154,30.0
50944,00154,60.0
510510,00154,60.0
510511,00154,60.0
510512,00154,35.0
510513,00154,30.0
510514,00154,30.0
511003,00154,38.0
511004,00154,34.0
511044,00154,30.0
511339,00154,30.0
512418,00154,56.0
512419,00154,30.0
512422,00154,39.0
512637,00154,157.0
512831,00154,52.0
513491,00154,480.0
513492,00154,700.0
513585,00154,30.0
514310,00154,30.0
514413,00154,30.0
514481,00154,60.0
514509,00154,30.0
516028,00154,30.0
517419,00154,30.0
517448,00154,58.0
51782,00154,61.0
5191,00154,30.0
519209,00154,88.0
519224,00154,99.0
519229,00154,84.0
519470,00154,30.0
519473,00154,30.0
519475,00154,30.0
519476,00154,30.0
519477,00154,30.0
519478,00154,30.0
519525,00154,49.0
519530,00154,77.0
519531,00154,239.0
519533,00154,205.0
519934,00154,200.0
520819,00154,30.0
521082,00154,59.0
521083,00154,30.0
521086,00154,30.0
521095,00154,30.0
521099,00154,30.0
521184,00154,2947.0
521386,00154,60.0
522734,00154,287.0
522736,00154,84.0
522737,00154,211.0
522738,00154,45.0
522740,00154,63.0
522919,00154,64.0
522989,00154,51.0
523153,00154,225.0
523472,00154,30.0
523773,00154,30.0
523774,00154,30.0
523984,00154,30.0
524013,00154,30.0
524135,00154,30.0
524228,00154,30.0
524230,00154,30.0
52425,00154,92.0
525201,00154,30.0
525569,00154,2008.0
526307,00154,30.0
526311,00154,30.0
526804,00154,121.0
526805,00154,93.0
526806,00154,83.0
52924,00154,30.0
529676,00154,68.0
529733,00154,33.0
529739,00154,34.0
531446,00154,30.0
531447,00154,30.0
532508,00154,34.0
532509,00154,30.0
533462,00154,30.0
533673,00154,41.0
533674,00154,30.0
533675,00154,43.0
5344,00154,30.0
534580,00154,30.0
5346,00154,30.0
535121,00154,30.0
5371,00154,30.0
537160,00154,69.0
537169,00154,30.0
537170,00154,30.0
537171,00154,30.0
537173,00154,43.0
537174,00154,30.0
537176,00154,30.0
537177,00154,30.0
537871,00154,30.0
537872,00154,30.0
537874,00154,30.0
538204,00154,30.0
538209,00154,72.0
538560,00154,93.0
538603,00154,30.0
538870,00154,80.0
539685,00154,30.0
539686,00154,30.0
53978,00154,41.0
541426,00154,33.0
541427,00154,30.0
541517,00154,40.0
541518,00154,40.0
541535,00154,164.0
541571,00154,48.0
541625,00154,30.0
542935,00154,56.0
543028,00154,90.0
54496,00154,30.0
545,00154,58.0
545369,00154,182.0
545373,00154,375.0
545374,00154,268.0
545587,00154,30.0
545588,00154,30.0
545589,00154,31.0
545590,00154,30.0
546267,00154,64.0
550569,00154,30.0
550571,00154,30.0
55118,00154,30.0
551494,00154,60.0
5535,00154,30.0
553538,00154,60.0
55357,00154,30.0
555269,00154,57.0
555270,00154,63.0
555271,00154,73.0
555272,00154,79.0
555297,00154,34.0
555429,00154,60.0
555432,00154,6264.0
555433,00154,1484.0
555434,00154,2216.0
555435,00154,8151.0
555727,00154,5881.0
555881,00154,30.0
555890,00154,37.0
555893,00154,54.0
55633,00154,30.0
556791,00154,34.0
556792,00154,30.0
557116,00154,1194.0
557117,00154,775.0
557599,00154,61.0
557840,00154,39.0
557859,00154,30.0
558,00154,87.0
55899,00154,60.0
55921,00154,39.0
560386,00154,53.0
562145,00154,40.0
562146,00154,30.0
562147,00154,30.0
562484,00154,46.0
564064,00154,820.0
565117,00154,189.0
565118,00154,74.0
565119,00154,604.0
565120,00154,399.0
565121,00154,482.0
565122,00154,46.0
565123,00154,389.0
565124,00154,223.0
565125,00154,340.0
565126,00154,277.0
565127,00154,121.0
565193,00154,47.0
565871,00154,9225.0
566139,00154,37.0
566567,00154,54.0
566568,00154,30.0
566750,00154,234.0
566752,00154,77.0
566811,00154,73.0
567317,00154,34.0
567334,00154,318.0
567778,00154,79.0
567779,00154,82.0
568160,00154,16311.0
568161,00154,577.0
568701,00154,30.0
568703,00154,62.0
568707,00154,33.0
569768,00154,30.0
569769,00154,56.0
569770,00154,30.0
569771,00154,30.0
569772,00154,30.0
569773,00154,30.0
569774,00154,30.0
569775,00154,30.0
569776,00154,30.0
570001,00154,198.0
570713,00154,61.0
570739,00154,30.0
570745,00154,42.0
570746,00154,59.0
571043,00154,509.0
571044,00154,910.0
571045,00154,64.0
571046,00154,52.0
571047,00154,63.0
571340,00154,30.0
571388,00154,45.0
571389,00154,60.0
571390,00154,64.0
571391,00154,122.0
571457,00154,30.0
571637,00154,41.0
571638,00154,45.0
574784,00154,1254.0
574785,00154,33.0
574787,00154,1457.0
574805,00154,76.0
574806,00154,94.0
57486,00154,66.0
57487,00154,60.0
57488,00154,98.0
574988,00154,30.0
574989,00154,30.0
574990,00154,30.0
574991,00154,61.0
574992,00154,30.0
575330,00154,31.0
576252,00154,30.0
578306,00154,1812.0
578707,00154,30.0
579240,00154,30.0
579241,00154,30.0
579242,00154,30.0
579243,00154,57.0
579258,00154,60.0
579259,00154,80.0
579280,00154,209.0
579281,00154,106.0
579282,00154,133.0
579283,00154,91.0
579408,00154,65.0
579713,00154,30.0
579714,00154,69.0
580651,00154,30.0
580768,00154,30.0
580800,00154,113.0
580801,00154,72.0
580802,00154,75.0
581779,00154,30.0
581783,00154,30.0
581788,00154,99.0
581790,00154,60.0
581792,00154,91.0
582402,00154,1153.0
582505,00154,81.0
58301,00154,30.0
583079,00154,30.0
583276,00154,206.0
583467,00154,30.0
583560,00154,187.0
584104,00154,177.0
584291,00154,1197.0
584833,00154,30.0
584834,00154,30.0
584835,00154,30.0
585327,00154,30.0
585328,00154,30.0
585486,00154,30.0
585489,00154,30.0
585490,00154,30.0
585491,00154,30.0
585493,00154,30.0
585535,00154,30.0
588240,00154,197.0
588241,00154,270.0
588310,00154,60.0
588548,00154,65.0
588550,00154,86.0
588551,00154,56.0
588552,00154,60.0
588717,00154,56.0
588718,00154,30.0
588719,00154,34.0
589287,00154,31.0
589288,00154,52.0
589289,00154,45.0
589290,00154,30.0
589297,00154,30.0
589298,00154,33.0
589299,00154,30.0
590083,00154,52.0
590084,00154,34.0
590667,00154,87.0
590668,00154,68.0
590669,00154,60.0
590670,00154,60.0
590671,00154,61.0
590865,00154,60.0
594161,00154,285.0
594414,00154,91.0
594886,00154,56.0
594887,00154,60.0
595071,00154,60.0
595670,00154,30.0
595757,00154,30.0
595758,00154,30.0
595760,00154,30.0
595761,00154,30.0
595762,00154,30.0
595763,00154,30.0
595764,00154,30.0
595787,00154,154.0
595788,00154,327.0
595789,00154,77.0
595790,00154,229.0
595791,00154,303.0
595792,00154,202.0
596244,00154,30.0
596245,00154,30.0
596246,00154,30.0
596262,00154,30.0
596264,00154,30.0
596664,00154,39.0
596919,00154,69.0
597832,00154,107.0
597833,00154,60.0
597834,00154,573.0
597836,00154,60.0
597837,00154,64.0
597838,00154,30.0
597914,00154,30.0
598041,00154,43.0
598320,00154,184.0
598321,00154,132.0
598322,00154,133.0
598333,00154,52.0
598334,00154,60.0
598335,00154,56.0
598336,00154,56.0
598341,00154,30.0
599007,00154,64.0
599013,00154,86.0
599014,00154,68.0
599015,00154,55.0
599016,00154,64.0
599812,00154,99.0
600262,00154,77.0
600263,00154,64.0
600264,00154,64.0
600265,00154,48.0
600266,00154,78.0
600267,00154,64.0
60055,00154,30.0
60056,00154,30.0
601166,00154,43.0
601168,00154,30.0
603819,00154,64.0
604064,00154,73.0
604065,00154,68.0
604066,00154,72.0
60421,00154,30.0
604515,00154,285.0
604516,00154,173.0
604517,00154,81.0
604525,00154,82.0
604526,00154,107.0
604527,00154,61.0
604739,00154,159.0
6079,00154,55.0
6095,00154,30.0
61043,00154,30.0
61722,00154,30.0
62074,00154,31.0
62077,00154,33.0
62470,00154,30.0
62673,00154,30.0
63453,00154,30.0
6361,00154,30.0
63733,00154,30.0
6391,00154,30.0
64808,00154,30.0
65111,00154,36.0
65223,00154,37.0
6542,00154,122.0
66554,00154,30.0
66803,00154,30.0
67240,00154,30.0
685,00154,243.0
69075,00154,198.0
691,00154,484.0
71442,00154,30.0
72443,00154,30.0
72526,00154,70.0
74095,00154,30.0
74318,00154,30.0
75048,00154,48.0
7566,00154,30.0
77057,00154,30.0
78366,00154,59.0
79541,00154,55.0
79638,00154,60.0
80341,00154,30.0
80941,00154,37.0
8097,00154,30.0
817,00154,232.0
81883,00154,30.0
81884,00154,30.0
820,00154,30.0
82909,00154,30.0
83062,00154,30.0
83116,00154,30.0
83552,00154,70.0
83554,00154,34.0
83558,00154,30.0
83560,00154,45.0
83561,00154,53.0
84752,00154,60.0
84754,00154,60.0
84757,00154,64.0
8483,00154,34.0
84853,00154,62.0
85449,00154,30.0
85860,00154,4317.0
87000,00154,30.0
87054,00154,49.0
87065,00154,30.0
87067,00154,30.0
875,00154,37.0
88266,00154,50.0
888,00154,58.0
88861,00154,30.0
89405,00154,101.0
90141,00154,108.0
905,00154,32.0
9090,00154,60.0
91094,00154,115.0
91214,00154,30.0
91967,00154,39.0
91973,00154,30.0
91974,00154,30.0
91980,00154,30.0
92029,00154,30.0
92895,00154,30.0
93148,00154,48.0
94510,00154,60.0
94642,00154,39.0
94643,00154,34.0
95392,00154,95.0
97146,00154,30.0
972,00154,30.0
98467,00154,34.0
98560,00154,159.0
100407,00211,30.0
100622,00211,373.0
100971,00211,32.0
100972,00211,40.0
101734,00211,53.0
101735,00211,60.0
101740,00211,152.0
101743,00211,308.0
101744,00211,42.0
101745,00211,62.0
101747,00211,45.0
101748,00211,30.0
102410,00211,30.0
102411,00211,30.0
102412,00211,30.0
102664,00211,30.0
102830,00211,69.0
102832,00211,69.0
102833,00211,64.0
102834,00211,35.0
102835,00211,60.0
1029,00211,60.0
102928,00211,80.0
103714,00211,30.0
103715,00211,30.0
103717,00211,30.0
1038,00211,30.0
104746,00211,30.0
105285,00211,30.0
105294,00211,30.0
106208,00211,60.0
106236,00211,89.0
1063,00211,44.0
106537,00211,30.0
106606,00211,30.0
106662,00211,35.0
106974,00211,139.0
107268,00211,30.0
107271,00211,34.0
107401,00211,30.0
107458,00211,30.0
107459,00211,30.0
107573,00211,30.0
107662,00211,30.0
107687,00211,38.0
108193,00211,599.0
108895,00211,30.0
109314,00211,30.0
109319,00211,252.0
109551,00211,30.0
109554,00211,30.0
109612,00211,34.0
109688,00211,55.0
109770,00211,30.0
109771,00211,30.0
10998,00211,31.0
110327,00211,30.0
110695,00211,56.0
110852,00211,60.0
110853,00211,94.0
110965,00211,39.0
110966,00211,43.0
110967,00211,30.0
110968,00211,61.0
111008,00211,34.0
111856,00211,38.0
112473,00211,38.0
112842,00211,71.0
113755,00211,35.0
116559,00211,30.0
116612,00211,436.0
116897,00211,30.0
118064,00211,56.0
1182,00211,70.0
118209,00211,30.0
1184,00211,57.0
119109,00211,34.0
119110,00211,30.0
119171,00211,60.0
119868,00211,53.0
120509,00211,119.0
121032,00211,60.0
1221,00211,65.0
123896,00211,47.0
124382,00211,8280.0
124383,00211,30.0
124384,00211,30.0
124729,00211,30.0
124793,00211,34.0
125650,00211,30.0
12637,00211,54.0
126627,00211,30.0
126985,00211,34.0
127308,00211,30.0
127359,00211,293.0
127360,00211,1289.0
127438,00211,30.0
127439,00211,30.0
128517,00211,45.0
128667,00211,2415.0
128673,00211,30.0
128674,00211,30.0
129086,00211,64.0
129496,00211,30.0
129497,00211,60.0
129498,00211,35.0
129593,00211,35.0
129596,00211,30.0
129597,00211,34.0
12965,00211,67.0
130561,00211,30.0
130562,00211,30.0
131323,00211,30.0
131535,00211,30.0
132678,00211,35.0
133336,00211,39.0
133445,00211,30.0
134389,00211,30.0
134760,00211,30.0
136257,00211,30.0
136258,00211,30.0
1375,00211,30.0
138263,00211,30.0
1391,00211,50.0
139443,00211,34.0
139468,00211,30.0
140254,00211,53.0
141772,00211,30.0
14210,00211,115.0
142529,00211,30.0
142530,00211,42.0
142532,00211,30.0
142533,00211,34.0
142908,00211,36.0
143361,00211,30.0
143363,00211,60.0
14401,00211,30.0
144232,00211,30.0
144722,00211,30.0
144723,00211,30.0
144724,00211,38.0
144725,00211,30.0
144728,00211,30.0
145082,00211,63.0
145085,00211,60.0
14511,00211,33.0
145221,00211,30.0
14587,00211,51.0
146152,00211,61.0
146855,00211,30.0
147758,00211,30.0
14831,00211,611.0
149074,00211,30.0
149141,00211,60.0
1494,00211,30.0
149486,00211,52.0
149487,00211,34.0
1498,00211,73.0
1506,00211,48.0
151311,00211,171.0
1520,00211,30.0
154808,00211,32.0
154809,00211,30.0
154890,00211,30.0
154891,00211,30.0
154893,00211,30.0
154894,00211,30.0
155363,00211,147.0
156703,00211,120.0
157210,00211,30.0
157688,00211,38.0
157691,00211,32.0
157692,00211,37.0
157934,00211,30.0
158113,00211,30.0
15821,00211,55.0
158588,00211,30.0
158613,00211,30.0
159124,00211,1099.0
159685,00211,40.0
1599,00211,54.0
1605,00211,57.0
160714,00211,60.0
16287,00211,30.0
1629,00211,30.0
163,00211,95.0
1641,00211,94.0
1654,00211,45.0
165797,00211,30.0
167274,00211,34.0
168500,00211,38.0
168501,00211,30.0
168503,00211,32.0
168613,00211,41.0
168991,00211,38.0
169028,00211,68.0
16919,00211,38.0
1696,00211,60.0
169938,00211,470.0
172730,00211,30.0
173346,00211,59.0
17353,00211,35.0
175232,00211,63.0
175842,00211,30.0
1760,00211,45.0
176565,00211,34.0
17731,00211,30.0
177701,00211,39.0
17806,00211,30.0
178295,00211,70.0
179000,00211,30.0
179097,00211,56.0
180701,00211,30.0
180703,00211,30.0
180743,00211,39.0
1809,00211,86.0
184627,00211,30.0
184628,00211,30.0
184630,00211,30.0
185663,00211,95.0
18579,00211,85.0
1861,00211,55.0
187670,00211,30.0
187962,00211,83.0
188360,00211,30.0
188365,00211,30.0
188367,00211,34.0
188368,00211,30.0
188373,00211,50.0
188548,00211,39.0
1902,00211,53.0
190454,00211,30.0
191187,00211,123.0
192828,00211,30.0
194321,00211,30.0
194892,00211,34.0
19516,00211,98.0
19517,00211,32.0
19518,00211,99.0
19519,00211,71.0
196116,00211,42.0
196835,00211,30.0
1982,00211,30.0
1991,00211,36.0
200006,00211,88.0
200041,00211,34.0
200221,00211,34.0
202584,00211,59.0
203757,00211,30.0
203875,00211,30.0
203877,00211,30.0
203879,00211,30.0
203880,00211,30.0
203881,00211,30.0
204483,00211,30.0
204794,00211,34.0
20516,00211,186.0
206362,00211,34.0
20675,00211,42.0
208,00211,156.0
208038,00211,30.0
208050,00211,30.0
208219,00211,86.0
20840,00211,445.0
20857,00211,67.0
209031,00211,43.0
209032,00211,47.0
209052,00211,30.0
210154,00211,144.0
210155,00211,158.0
210874,00211,30.0
210959,00211,60.0
211530,00211,34.0
21331,00211,30.0
2138,00211,30.0
214815,00211,30.0
214824,00211,34.0
21538,00211,74.0
215995,00211,38.0
218557,00211,61.0
218781,00211,32.0
218870,00211,67.0
219181,00211,30.0
219836,00211,60.0
220884,00211,98.0
223156,00211,30.0
223199,00211,30.0
223389,00211,30.0
22450,00211,236.0
225783,00211,30.0
226706,00211,34.0
226791,00211,30.0
226812,00211,30.0
227866,00211,49.0
227868,00211,35.0
227873,00211,30.0
228685,00211,34.0
229229,00211,30.0
229475,00211,52.0
2316,00211,64.0
23164,00211,30.0
233016,00211,34.0
233072,00211,61.0
233172,00211,30.0
234394,00211,60.0
234395,00211,51.0
234569,00211,30.0
234923,00211,63.0
234924,00211,36.0
234967,00211,92.0
235121,00211,39.0
235135,00211,64.0
235800,00211,90.0
2363,00211,47.0
236492,00211,181.0
236641,00211,38.0
236659,00211,65.0
237276,00211,54.0
2374,00211,60.0
237428,00211,30.0
237495,00211,50.0
238695,00211,60.0
239663,00211,30.0
240,00211,30.0
243857,00211,31.0
243859,00211,30.0
2441,00211,30.0
245804,00211,38.0
245805,00211,38.0
246097,00211,30.0
246508,00211,30.0
2466,00211,60.0
246997,00211,30.0
248491,00211,57.0
249288,00211,30.0
249407,00211,30.0
2503,00211,30.0
2510,00211,33.0
251173,00211,30.0
251175,00211,30.0
251597,00211,38.0
254168,00211,30.0
254170,00211,30.0
254174,00211,30.0
254425,00211,30.0
254646,00211,30.0
2556,00211,31.0
257669,00211,30.0
2578,00211,30.0
257884,00211,30.0
257921,00211,30.0
262191,00211,30.0
262670,00211,60.0
262671,00211,52.0
262673,00211,31.0
264159,00211,56.0
2648,00211,30.0
264960,00211,30.0
265450,00211,30.0
267693,00211,72.0
268041,00211,50.0
268265,00211,30.0
268266,00211,30.0
26839,00211,67.0
268717,00211,100.0
269632,00211,30.0
272460,00211,32.0
273079,00211,60.0
274083,00211,30.0
275568,00211,36.0
275718,00211,30.0
275720,00211,30.0
276610,00211,59.0
277302,00211,34.0
278117,00211,492.0
278120,00211,814.0
2790,00211,30.0
279361,00211,34.0
279556,00211,30.0
280020,00211,30.0
280138,00211,35.0
2825,00211,30.0
282898,00211,35.0
284165,00211,44.0
28425,00211,30.0
285411,00211,30.0
28549,00211,105.0
286880,00211,59.0
286995,00211,30.0
2879,00211,30.0
28959,00211,56.0
29042,00211,289.0
2914,00211,61.0
295109,00211,30.0
295650,00211,30.0
296065,00211,30.0
296176,00211,30.0
296179,00211,30.0
296182,00211,30.0
296529,00211,304.0
297040,00211,35.0
297041,00211,34.0
2976,00211,147.0
2978,00211,30.0
29856,00211,55.0
299125,00211,30.0
299478,00211,59.0
299700,00211,30.0
299993,00211,30.0
299994,00211,30.0
300030,00211,30.0
300044,00211,30.0
30040,00211,30.0
3023,00211,30.0
302621,00211,66.0
303608,00211,31.0
304133,00211,35.0
304139,00211,41.0
3047,00211,36.0
30617,00211,30.0
308500,00211,30.0
308501,00211,30.0
308607,00211,34.0
310182,00211,30.0
3102,00211,33.0
3124,00211,30.0
3146,00211,30.0
3148,00211,37.0
316080,00211,72.0
316349,00211,38.0
31733,00211,31.0
3179,00211,30.0
31894,00211,1972.0
321176,00211,30.0
321539,00211,30.0
321718,00211,30.0
32445,00211,36.0
326623,00211,51.0
326735,00211,35.0
329043,00211,33.0
3292,00211,30.0
32934,00211,134.0
33105,00211,30.0
331151,00211,30.0
331155,00211,33.0
332406,00211,142.0
332817,00211,243.0
333278,00211,30.0
333414,00211,60.0
333828,00211,60.0
3348,00211,30.0
335643,00211,30.0
335667,00211,53.0
336840,00211,60.0
336981,00211,413.0
338553,00211,56.0
3386,00211,30.0
340955,00211,62.0
34102,00211,32.0
343660,00211,49.0
343764,00211,30.0
343815,00211,39.0
344569,00211,30.0
345355,00211,30.0
345356,00211,30.0
345749,00211,55.0
345750,00211,30.0
3474,00211,43.0
348718,00211,30.0
348719,00211,30.0
34888,00211,60.0
34899,00211,90.0
349625,00211,36.0
351952,00211,34.0
353704,00211,30.0
3542,00211,30.0
355015,00211,30.0
357175,00211,37.0
3575,00211,30.0
357694,00211,30.0
358247,00211,30.0
358249,00211,30.0
358819,00211,30.0
359349,00211,30.0
359518,00211,55.0
361281,00211,78.0
364446,00211,52.0
364447,00211,60.0
364448,00211,60.0
364451,00211,86.0
3665,00211,56.0
366610,00211,30.0
367412,00211,30.0
3683,00211,34.0
368598,00211,30.0
369400,00211,53.0
36986,00211,30.0
371519,00211,30.0
3722,00211,50.0
373782,00211,44.0
3740,00211,30.0
3746,00211,30.0
375941,00211,30.0
375942,00211,30.0
376084,00211,63.0
376085,00211,58.0
376086,00211,52.0
376722,00211,389.0
378685,00211,144.0
379145,00211,66.0
379146,00211,30.0
379148,00211,37.0
379684,00211,30.0
38066,00211,77.0
38072,00211,71.0
381264,00211,30.0
381265,00211,56.0
381357,00211,30.0
381909,00211,30.0
382505,00211,33.0
382914,00211,30.0
382950,00211,38.0
382952,00211,40.0
382953,00211,40.0
382954,00211,30.0
383110,00211,30.0
38333,00211,30.0
383662,00211,73.0
383663,00211,72.0
383664,00211,64.0
384028,00211,30.0
384307,00211,30.0
384695,00211,30.0
385845,00211,30.0
385982,00211,30.0
386150,00211,30.0
386418,00211,49.0
386419,00211,41.0
386850,00211,89.0
387158,00211,60.0
387874,00211,30.0
388685,00211,60.0
388991,00211,90.0
389244,00211,54.0
389478,00211,30.0
389479,00211,30.0
389480,00211,30.0
389481,00211,30.0
390392,00211,31.0
390427,00211,30.0
390615,00211,451.0
390633,00211,60.0
390634,00211,30.0
390636,00211,30.0
390637,00211,30.0
390638,00211,30.0
390639,00211,30.0
390640,00211,30.0
391237,00211,49.0
391244,00211,33.0
391253,00211,30.0
392344,00211,30.0
392609,00211,31.0
392719,00211,47.0
393561,00211,30.0
393567,00211,30.0
394055,00211,68.0
394499,00211,189.0
394500,00211,926.0
394501,00211,610.0
394509,00211,76.0
394511,00211,63.0
39591,00211,228.0
39593,00211,69.0
39595,00211,34.0
398363,00211,56.0
398385,00211,30.0
399842,00211,152.0
400527,00211,30.0
400731,00211,60.0
400732,00211,48.0
400762,00211,34.0
4008,00211,32.0
400930,00211,30.0
401036,00211,30.0
401556,00211,34.0
40159,00211,60.0
402255,00211,119.0
402925,00211,30.0
402928,00211,30.0
402935,00211,30.0
402936,00211,30.0
402937,00211,30.0
402938,00211,30.0
403510,00211,247.0
403511,00211,457.0
403611,00211,60.0
403612,00211,37.0
403940,00211,30.0
403943,00211,30.0
403953,00211,34.0
403987,00211,160.0
40399,00211,202.0
404,00211,58.0
40400,00211,60.0
40401,00211,60.0
40403,00211,103.0
404528,00211,38.0
404531,00211,30.0
404801,00211,30.0
404803,00211,56.0
404804,00211,30.0
404805,00211,30.0
404806,00211,37.0
404807,00211,30.0
405165,00211,30.0
405626,00211,106.0
405628,00211,82.0
405631,00211,60.0
406018,00211,296.0
406341,00211,64.0
406344,00211,152.0
406355,00211,30.0
406653,00211,64.0
407200,00211,51.0
407312,00211,43.0
407938,00211,30.0
407940,00211,30.0
407941,00211,30.0
408,00211,373.0
408032,00211,30.0
408033,00211,36.0
408034,00211,57.0
408035,00211,31.0
408036,00211,30.0
408037,00211,30.0
408127,00211,45.0
408206,00211,30.0
408731,00211,30.0
409183,00211,30.0
409186,00211,35.0
409187,00211,30.0
409194,00211,30.0
409329,00211,30.0
409505,00211,30.0
409512,00211,30.0
409981,00211,30.0
410592,00211,257.0
410865,00211,60.0
410867,00211,30.0
4118,00211,48.0
412086,00211,160.0
412087,00211,98.0
412088,00211,144.0
412089,00211,124.0
412090,00211,198.0
412091,00211,198.0
412092,00211,373.0
412093,00211,69.0
412094,00211,72.0
412891,00211,30.0
413062,00211,30.0
413552,00211,30.0
413555,00211,30.0
413557,00211,46.0
413558,00211,42.0
413560,00211,60.0
414519,00211,46.0
414617,00211,95.0
414788,00211,30.0
4152,00211,42.0
41542,00211,62.0
41709,00211,30.0
418235,00211,30.0
418308,00211,30.0
418414,00211,82.0
418415,00211,152.0
418416,00211,134.0
418830,00211,30.0
418832,00211,30.0
418946,00211,60.0
419007,00211,117.0
419009,00211,188.0
419011,00211,30.0
420518,00211,30.0
420520,00211,30.0
420834,00211,30.0
420986,00211,52.0
42135,00211,30.0
42231,00211,60.0
422426,00211,60.0
422427,00211,30.0
422430,00211,31.0
422432,00211,30.0
422433,00211,30.0
422434,00211,30.0
422609,00211,30.0
424190,00211,30.0
424192,00211,72.0
424193,00211,64.0
4242,00211,30.0
424605,00211,53.0
424641,00211,60.0
424971,00211,30.0
424976,00211,30.0
424977,00211,30.0
425424,00211,30.0
425425,00211,30.0
4255,00211,30.0
4282,00211,94.0
42940,00211,60.0
430566,00211,30.0
430976,00211,30.0
431598,00211,30.0
431602,00211,30.0
431883,00211,30.0
431896,00211,30.0
432380,00211,30.0
43422,00211,2634.0
43549,00211,37.0
43550,00211,45.0
438569,00211,163.0
438570,00211,132.0
438571,00211,130.0
438572,00211,31.0
438574,00211,34.0
438576,00211,64.0
43859,00211,48.0
438593,00211,30.0
43860,00211,30.0
43861,00211,30.0
440623,00211,67.0
440625,00211,48.0
440649,00211,94.0
441115,00211,30.0
4415,00211,30.0
44633,00211,30.0
446619,00211,30.0
44705,00211,34.0
44706,00211,30.0
44707,00211,30.0
447624,00211,30.0
447627,00211,97.0
448253,00211,190.0
448519,00211,30.0
449191,00211,30.0
449194,00211,37.0
449196,00211,30.0
449198,00211,30.0
449526,00211,30.0
449726,00211,105.0
449728,00211,34.0
449794,00211,33.0
449974,00211,30.0
450122,00211,31.0
450345,00211,30.0
450346,00211,30.0
450348,00211,34.0
450399,00211,30.0
451233,00211,30.0
451236,00211,30.0
451237,00211,60.0
451423,00211,30.0
451481,00211,33.0
451729,00211,30.0
451730,00211,30.0
45245,00211,34.0
453426,00211,30.0
453440,00211,63.0
453737,00211,30.0
453738,00211,30.0
453827,00211,137.0
453829,00211,92.0
453830,00211,133.0
453870,00211,31.0
453871,00211,59.0
453873,00211,3667.0
453874,00211,67.0
453876,00211,69.0
453938,00211,58.0
453943,00211,60.0
453945,00211,30.0
453946,00211,30.0
453991,00211,85.0
454088,00211,30.0
454100,00211,30.0
454172,00211,64.0
454175,00211,30.0
454176,00211,30.0
454218,00211,60.0
454344,00211,60.0
454347,00211,358.0
454353,00211,44.0
454520,00211,38.0
454539,00211,30.0
454548,00211,30.0
454825,00211,30.0
454826,00211,30.0
454829,00211,150.0
454840,00211,30.0
454845,00211,384.0
454846,00211,54.0
454848,00211,34.0
454849,00211,30.0
454881,00211,30.0
454912,00211,80.0
454982,00211,31.0
455043,00211,30.0
455141,00211,169.0
455143,00211,109.0
455156,00211,57.0
455160,00211,30.0
455161,00211,48.0
455163,00211,202.0
455192,00211,30.0
455321,00211,30.0
455346,00211,60.0
455430,00211,30.0
455436,00211,30.0
455459,00211,30.0
455601,00211,35.0
455617,00211,91.0
456593,00211,34.0
4567,00211,30.0
456808,00211,231.0
456854,00211,664.0
456855,00211,130.0
456857,00211,60.0
456936,00211,180.0
456973,00211,31.0
457033,00211,31.0
457034,00211,123.0
457038,00211,78.0
457039,00211,60.0
457193,00211,282.0
457195,00211,280.0
457244,00211,56.0
457283,00211,40.0
457287,00211,776.0
457315,00211,34.0
457443,00211,30.0
457450,00211,30.0
457741,00211,370.0
457860,00211,52.0
457897,00211,101.0
457899,00211,30.0
457912,00211,30.0
457914,00211,93.0
457915,00211,105.0
457916,00211,30.0
4580,00211,34.0
458064,00211,40.0
458272,00211,30.0
458273,00211,30.0
458283,00211,1780.0
459431,00211,174.0
459655,00211,36.0
459755,00211,105.0
459897,00211,30.0
459977,00211,38.0
460448,00211,30.0
460450,00211,30.0
460775,00211,30.0
461075,00211,30.0
461077,00211,30.0
461760,00211,43.0
462097,00211,60.0
462497,00211,477.0
462498,00211,106.0
462742,00211,30.0
462744,00211,34.0
462746,00211,52.0
462747,00211,62.0
462971,00211,35.0
463021,00211,30.0
463275,00211,60.0
463278,00211,34.0
463283,00211,38.0
463386,00211,30.0
464198,00211,39.0
46479,00211,63.0
467130,00211,30.0
4680,00211,30.0
468395,00211,30.0
46853,00211,65.0
469231,00211,38.0
469298,00211,30.0
469935,00211,30.0
470814,00211,30.0
472193,00211,60.0
472921,00211,30.0
473159,00211,2135.0
473232,00211,30.0
47388,00211,30.0
473920,00211,30.0
473979,00211,30.0
474717,00211,30.0
474986,00211,30.0
475319,00211,30.0
476250,00211,30.0
476551,00211,63.0
476648,00211,30.0
476649,00211,30.0
477208,00211,30.0
477265,00211,83.0
477266,00211,30.0
477574,00211,53.0
477575,00211,42.0
477732,00211,30.0
479663,00211,30.0
479664,00211,30.0
479800,00211,64.0
481168,00211,30.0
481177,00211,30.0
481211,00211,191.0
481597,00211,30.0
481767,00211,61.0
48180,00211,30.0
481826,00211,30.0
483438,00211,30.0
48402,00211,30.0
485254,00211,167.0
485255,00211,104.0
485256,00211,1586.0
485341,00211,927.0
485867,00211,126.0
4860,00211,30.0
4873,00211,30.0
487754,00211,30.0
488170,00211,30.0
488175,00211,30.0
488177,00211,30.0
488286,00211,38.0
488509,00211,15599.0
488748,00211,30.0
4888,00211,30.0
489263,00211,4463.0
489511,00211,54.0
489601,00211,87.0
491470,00211,30.0
491517,00211,30.0
491572,00211,30.0
491573,00211,30.0
491584,00211,281.0
491593,00211,30.0
491697,00211,30.0
491774,00211,30.0
491839,00211,242.0
491841,00211,60.0
491842,00211,30.0
491843,00211,51.0
492075,00211,170.0
492154,00211,33.0
492155,00211,30.0
492255,00211,5908.0
492256,00211,30.0
492638,00211,30.0
492651,00211,436.0
492653,00211,306.0
492654,00211,99.0
493210,00211,339.0
494002,00211,56.0
494948,00211,60.0
494949,00211,36.0
495115,00211,60.0
495660,00211,30.0
495767,00211,34.0
495933,00211,7293.0
495934,00211,4388.0
496047,00211,38.0
496354,00211,60.0
496497,00211,30.0
497121,00211,30.0
497122,00211,30.0
498236,00211,56.0
498237,00211,44.0
498238,00211,30.0
498366,00211,30.0
498367,00211,51.0
498368,00211,72.0
498530,00211,30.0
49910,00211,54.0
499993,00211,239.0
501033,00211,169.0
501567,00211,186.0
501571,00211,30.0
501572,00211,46.0
502598,00211,39.0
502599,00211,42.0
502787,00211,30.0
502789,00211,30.0
502940,00211,30.0
502978,00211,285.0
504272,00211,30.0
50473,00211,61.0
505109,00211,30.0
505115,00211,30.0
505116,00211,30.0
505117,00211,30.0
505264,00211,154.0
505293,00211,416.0
505302,00211,34.0
505303,00211,64.0
505356,00211,30.0
505570,00211,40.0
505571,00211,46.0
506749,00211,60.0
506752,00211,30.0
506755,00211,30.0
506805,00211,30.0
507,00211,30.0
507035,00211,58.0
507456,00211,5264.0
507611,00211,43.0
507612,00211,42.0
508,00211,76.0
508233,00211,30.0
508237,00211,59.0
508508,00211,30.0
50944,00211,59.0
510510,00211,30.0
510511,00211,30.0
510512,00211,39.0
510513,00211,34.0
510514,00211,60.0
511003,00211,38.0
511004,00211,48.0
511044,00211,30.0
511339,00211,30.0
512418,00211,34.0
512419,00211,30.0
512422,00211,30.0
512637,00211,67.0
512831,00211,72.0
513491,00211,315.0
513492,00211,641.0
513585,00211,30.0
514413,00211,30.0
514481,00211,35.0
514510,00211,30.0
516028,00211,30.0
517419,00211,34.0
517448,00211,30.0
51782,00211,60.0
5191,00211,30.0
519209,00211,120.0
519224,00211,130.0
519229,00211,83.0
519470,00211,34.0
519473,00211,38.0
519475,00211,30.0
519478,00211,30.0
519525,00211,57.0
519530,00211,134.0
519531,00211,133.0
519533,00211,235.0
519801,00211,30.0
519807,00211,30.0
519934,00211,86.0
520819,00211,30.0
521082,00211,30.0
521083,00211,30.0
521086,00211,30.0
521095,00211,30.0
521099,00211,30.0
521184,00211,2947.0
521386,00211,52.0
522734,00211,130.0
522736,00211,90.0
522737,00211,252.0
522738,00211,75.0
522919,00211,60.0
522989,00211,88.0
523153,00211,262.0
523472,00211,30.0
523773,00211,34.0
523774,00211,30.0
524013,00211,43.0
524135,00211,30.0
524228,00211,60.0
524230,00211,60.0
52425,00211,123.0
5244,00211,30.0
525201,00211,35.0
525569,00211,1861.0
526307,00211,30.0
526311,00211,30.0
526804,00211,124.0
526805,00211,60.0
526806,00211,60.0
52924,00211,44.0
529676,00211,95.0
529733,00211,34.0
531446,00211,30.0
531447,00211,31.0
532508,00211,57.0
532509,00211,34.0
533462,00211,41.0
533673,00211,54.0
533674,00211,30.0
533675,00211,59.0
5344,00211,30.0
534580,00211,37.0
5346,00211,30.0
535121,00211,35.0
5371,00211,30.0
537160,00211,50.0
537169,00211,30.0
537170,00211,30.0
537171,00211,30.0
537173,00211,44.0
537174,00211,39.0
537176,00211,30.0
537177,00211,30.0
537872,00211,30.0
537874,00211,30.0
538204,00211,38.0
538209,00211,100.0
538560,00211,72.0
538594,00211,30.0
538603,00211,30.0
538870,00211,126.0
539685,00211,30.0
53978,00211,52.0
541426,00211,30.0
541427,00211,37.0
541517,00211,44.0
541518,00211,53.0
541535,00211,332.0
541571,00211,30.0
541625,00211,30.0
543028,00211,87.0
54496,00211,30.0
545,00211,109.0
545369,00211,127.0
545373,00211,116.0
545374,00211,148.0
545587,00211,46.0
545588,00211,57.0
545589,00211,30.0
545590,00211,41.0
546267,00211,311.0
550569,00211,30.0
550571,00211,30.0
55118,00211,30.0
551494,00211,59.0
5535,00211,30.0
553538,00211,60.0
55357,00211,73.0
555269,00211,71.0
555270,00211,169.0
555271,00211,181.0
555272,00211,60.0
555429,00211,56.0
555432,00211,4663.0
555433,00211,606.0
555434,00211,1484.0
555435,00211,2096.0
555727,00211,638.0
555881,00211,46.0
555890,00211,77.0
555893,00211,52.0
555904,00211,30.0
55633,00211,30.0
557116,00211,288.0
557117,00211,304.0
557599,00211,71.0
557840,00211,56.0
558,00211,219.0
55899,00211,169.0
55921,00211,47.0
560386,00211,60.0
5609,00211,30.0
562145,00211,30.0
562146,00211,30.0
562147,00211,30.0
562484,00211,30.0
564064,00211,434.0
565117,00211,111.0
565118,00211,58.0
565119,00211,352.0
565120,00211,190.0
565121,00211,71.0
565122,00211,167.0
565123,00211,219.0
565124,00211,108.0
565125,00211,218.0
565126,00211,147.0
565127,00211,60.0
565871,00211,4729.0
566139,00211,41.0
566567,00211,30.0
566568,00211,30.0
566750,00211,59.0
566811,00211,89.0
567317,00211,34.0
567334,00211,381.0
567473,00211,30.0
567779,00211,60.0
567780,00211,48.0
568160,00211,6540.0
568161,00211,517.0
568701,00211,38.0
568703,00211,59.0
568707,00211,46.0
569768,00211,30.0
569769,00211,30.0
569770,00211,34.0
569771,00211,30.0
569772,00211,30.0
569773,00211,30.0
569774,00211,30.0
569775,00211,19.0
569776,00211,30.0
570001,00211,134.0
570713,00211,68.0
570739,00211,35.0
570745,00211,131.0
570746,00211,131.0
571043,00211,236.0
571044,00211,567.0
571045,00211,65.0
571047,00211,81.0
571340,00211,30.0
571388,00211,65.0
571389,00211,35.0
571390,00211,61.0
571391,00211,61.0
571457,00211,30.0
571637,00211,30.0
571638,00211,30.0
574784,00211,846.0
574785,00211,32.0
574787,00211,479.0
57486,00211,101.0
57487,00211,76.0
57488,00211,64.0
574988,00211,30.0
575330,00211,30.0
578306,00211,2385.0
578707,00211,30.0
579241,00211,30.0
579242,00211,30.0
579243,00211,30.0
579258,00211,55.0
579259,00211,67.0
579280,00211,209.0
579281,00211,124.0
579282,00211,96.0
579283,00211,92.0
579408,00211,82.0
579713,00211,30.0
579714,00211,124.0
580651,00211,30.0
580800,00211,205.0
580801,00211,187.0
580802,00211,289.0
581779,00211,42.0
581781,00211,34.0
581783,00211,58.0
581784,00211,56.0
581786,00211,30.0
581788,00211,30.0
581790,00211,34.0
581792,00211,68.0
582402,00211,566.0
582505,00211,60.0
58301,00211,56.0
583276,00211,91.0
583467,00211,30.0
584104,00211,224.0
584291,00211,565.0
584833,00211,30.0
584834,00211,30.0
584835,00211,60.0
585327,00211,30.0
585328,00211,30.0
585486,00211,30.0
585490,00211,30.0
585491,00211,30.0
585493,00211,34.0
585535,00211,30.0
585536,00211,30.0
587689,00211,60.0
588240,00211,405.0
588241,00211,285.0
588310,00211,82.0
588548,00211,68.0
588550,00211,131.0
588551,00211,97.0
588552,00211,116.0
588717,00211,44.0
588719,00211,30.0
589287,00211,30.0
589288,00211,30.0
589289,00211,34.0
589290,00211,30.0
589297,00211,38.0
589299,00211,30.0
589459,00211,30.0
590083,00211,30.0
590084,00211,34.0
590667,00211,62.0
590668,00211,48.0
590669,00211,34.0
590670,00211,30.0
590671,00211,38.0
590865,00211,33.0
594130,00211,30.0
594135,00211,30.0
594161,00211,361.0
594414,00211,253.0
594871,00211,30.0
594885,00211,4.0
594886,00211,41.0
594887,00211,60.0
595071,00211,30.0
595670,00211,30.0
595758,00211,30.0
595760,00211,30.0
595787,00211,116.0
595788,00211,240.0
595789,00211,86.0
595790,00211,492.0
595791,00211,549.0
595792,00211,313.0
596029,00211,34.0
596244,00211,30.0
596664,00211,68.0
596665,00211,30.0
596919,00211,55.0
597832,00211,240.0
597833,00211,30.0
597834,00211,1422.0
597836,00211,98.0
597837,00211,91.0
597838,00211,30.0
597914,00211,30.0
598041,00211,60.0
598320,00211,82.0
598321,00211,60.0
598322,00211,73.0
598334,00211,65.0
599014,00211,94.0
599015,00211,94.0
599812,00211,236.0
600263,00211,60.0
600264,00211,56.0
600265,00211,55.0
60055,00211,30.0
600595,00211,30.0
601166,00211,35.0
601168,00211,30.0
601170,00211,30.0
604064,00211,60.0
604065,00211,55.0
604066,00211,68.0
604067,00211,69.0
60421,00211,30.0
604515,00211,284.0
604516,00211,76.0
604517,00211,90.0
604525,00211,56.0
604526,00211,56.0
604527,00211,60.0
604739,00211,210.0
6079,00211,30.0
6095,00211,30.0
61043,00211,34.0
61722,00211,65.0
62074,00211,48.0
62077,00211,80.0
62470,00211,30.0
62673,00211,32.0
63453,00211,30.0
6361,00211,30.0
63733,00211,30.0
6391,00211,56.0
64808,00211,38.0
65111,00211,31.0
65223,00211,57.0
6542,00211,52.0
66554,00211,38.0
66728,00211,288.0
66803,00211,53.0
6802,00211,30.0
685,00211,213.0
69075,00211,167.0
691,00211,291.0
71442,00211,30.0
72526,00211,103.0
74095,00211,30.0
74318,00211,30.0
75048,00211,60.0
7566,00211,34.0
77057,00211,35.0
78366,00211,75.0
79541,00211,35.0
79638,00211,60.0
80341,00211,32.0
80817,00211,30.0
80941,00211,30.0
8097,00211,30.0
817,00211,151.0
81710,00211,30.0
81883,00211,30.0
81884,00211,33.0
82909,00211,30.0
83062,00211,30.0
83116,00211,30.0
83552,00211,93.0
83554,00211,30.0
83558,00211,32.0
83560,00211,60.0
83561,00211,60.0
84752,00211,60.0
84754,00211,60.0
84757,00211,56.0
8483,00211,30.0
84853,00211,56.0
85449,00211,30.0
85860,00211,1047.0
87000,00211,30.0
875,00211,61.0
88266,00211,30.0
888,00211,45.0
88861,00211,30.0
89405,00211,87.0
90141,00211,59.0
905,00211,40.0
9090,00211,60.0
91094,00211,80.0
91214,00211,30.0
91967,00211,30.0
91973,00211,30.0
91974,00211,30.0
92895,00211,30.0
93148,00211,30.0
94510,00211,115.0
95392,00211,65.0
97146,00211,30.0
972,00211,48.0
98467,00211,30.0
98560,00211,60.0
100175,00411,45.0
100355,00411,64.0
100407,00411,30.0
100408,00411,30.0
100622,00411,116.0
100941,00411,30.0
100942,00411,30.0
100971,00411,30.0
100972,00411,60.0
10138,00411,38.0
101661,00411,30.0
101734,00411,125.0
101735,00411,91.0
101740,00411,176.0
101743,00411,251.0
101745,00411,43.0
101747,00411,60.0
101748,00411,30.0
10205,00411,34.0
102410,00411,39.0
102411,00411,88.0
102412,00411,64.0
102663,00411,39.0
102830,00411,214.0
102832,00411,56.0
102833,00411,192.0
102834,00411,37.0
102835,00411,109.0
1029,00411,61.0
10296,00411,30.0
10316,00411,42.0
103196,00411,30.0
103197,00411,30.0
103198,00411,30.0
103200,00411,30.0
103537,00411,30.0
103714,00411,30.0
103715,00411,57.0
103716,00411,30.0
103717,00411,60.0
1038,00411,72.0
10403,00411,140.0
1041,00411,30.0
104711,00411,108.0
104746,00411,119.0
105285,00411,65.0
105294,00411,60.0
105295,00411,42.0
105313,00411,274.0
105316,00411,122.0
105317,00411,104.0
105320,00411,102.0
105321,00411,153.0
105322,00411,154.0
105323,00411,171.0
105330,00411,90.0
105332,00411,68.0
105334,00411,186.0
105335,00411,226.0
105956,00411,94.0
106208,00411,209.0
106236,00411,246.0
106239,00411,63.0
10625,00411,50.0
10629,00411,45.0
1063,00411,1214.0
106356,00411,3243.0
106537,00411,59.0
106606,00411,261.0
10661,00411,34.0
106662,00411,810.0
106972,00411,60.0
106974,00411,176.0
107151,00411,30.0
107214,00411,60.0
107271,00411,192.0
107272,00411,142.0
107401,00411,30.0
107416,00411,38.0
107458,00411,84.0
107459,00411,88.0
107462,00411,45.0
107465,00411,56.0
107466,00411,30.0
107467,00411,51.0
107546,00411,120.0
107573,00411,34.0
107582,00411,57.0
107662,00411,34.0
107687,00411,30.0
107780,00411,30.0
108193,00411,123.0
108895,00411,51.0
109314,00411,111.0
109319,00411,32.0
109554,00411,30.0
109612,00411,56.0
109688,00411,60.0
109770,00411,109.0
109771,00411,60.0
109774,00411,34.0
109775,00411,39.0
109957,00411,60.0
10998,00411,61.0
109981,00411,39.0
110052,00411,30.0
110053,00411,30.0
110327,00411,31.0
110511,00411,30.0
110695,00411,77.0
110852,00411,190.0
110853,00411,254.0
11093,00411,30.0
110965,00411,56.0
110966,00411,60.0
110967,00411,30.0
110968,00411,30.0
111479,00411,51.0
111528,00411,30.0
111687,00411,44.0
111827,00411,406.0
111828,00411,128.0
112473,00411,154.0
112842,00411,56.0
113287,00411,35.0
113404,00411,52.0
113406,00411,30.0
113755,00411,53.0
113761,00411,119.0
113800,00411,92.0
113828,00411,48.0
115331,00411,30.0
116270,00411,34.0
116271,00411,34.0
116559,00411,85.0
116612,00411,331.0
116741,00411,3103.0
116801,00411,50.0
116825,00411,30.0
116854,00411,125.0
116897,00411,30.0
116899,00411,60.0
116902,00411,30.0
116997,00411,30.0
117012,00411,31.0
117273,00411,30.0
117300,00411,55.0
117317,00411,56.0
117640,00411,53.0
117641,00411,31.0
117675,00411,62.0
117964,00411,30.0
117967,00411,82.0
118064,00411,59.0
1182,00411,30.0
118209,00411,236.0
118260,00411,34.0
1184,00411,36.0
118603,00411,30.0
118796,00411,30.0
118801,00411,60.0
119109,00411,72.0
119110,00411,67.0
119171,00411,30.0
119323,00411,68.0
119609,00411,90.0
119612,00411,65.0
119868,00411,288.0
120040,00411,30.0
120310,00411,140.0
120554,00411,60.0
120773,00411,63.0
121032,00411,76.0
121416,00411,30.0
121420,00411,30.0
1221,00411,60.0
1229,00411,30.0
123079,00411,60.0
123080,00411,71.0
123081,00411,52.0
123896,00411,63.0
124381,00411,30.0
124382,00411,59.0
124383,00411,30.0
124495,00411,34.0
124729,00411,40.0
12477,00411,61.0
124793,00411,53.0
125494,00411,68.0
125568,00411,89.0
125650,00411,30.0
12637,00411,59.0
126627,00411,30.0
126630,00411,30.0
126876,00411,82.0
127308,00411,30.0
127359,00411,203.0
127360,00411,108.0
127372,00411,30.0
127438,00411,30.0
127439,00411,42.0
127718,00411,48.0
12845,00411,68.0
128517,00411,30.0
128667,00411,199.0
128673,00411,30.0
128674,00411,30.0
129072,00411,55.0
129076,00411,60.0
129084,00411,76.0
129086,00411,34.0
129430,00411,64.0
129496,00411,30.0
129497,00411,64.0
129498,00411,54.0
129593,00411,58.0
129594,00411,52.0
129596,00411,60.0
129597,00411,60.0
12965,00411,60.0
130248,00411,42.0
130555,00411,89.0
130561,00411,156.0
130562,00411,152.0
130609,00411,30.0
130663,00411,114.0
130912,00411,52.0
131229,00411,60.0
131233,00411,84.0
131234,00411,117.0
131323,00411,37.0
131511,00411,30.0
131535,00411,30.0
132404,00411,30.0
132678,00411,271.0
13279,00411,30.0
133242,00411,30.0
133243,00411,30.0
13333,00411,30.0
133336,00411,285.0
13334,00411,60.0
133445,00411,30.0
134389,00411,36.0
134400,00411,30.0
134402,00411,34.0
134547,00411,34.0
134549,00411,56.0
134551,00411,30.0
134552,00411,34.0
134654,00411,35.0
134760,00411,46.0
135981,00411,30.0
136257,00411,43.0
136258,00411,60.0
136350,00411,53.0
1375,00411,120.0
138263,00411,54.0
1391,00411,30.0
139222,00411,34.0
139441,00411,30.0
139443,00411,32.0
139469,00411,30.0
13990,00411,39.0
140111,00411,47.0
140254,00411,60.0
140423,00411,44.0
140659,00411,30.0
141772,00411,30.0
14210,00411,51.0
14218,00411,30.0
14232,00411,30.0
142505,00411,30.0
142506,00411,30.0
142525,00411,314.0
142529,00411,43.0
142530,00411,56.0
142531,00411,47.0
142532,00411,46.0
142533,00411,83.0
142796,00411,450.0
142908,00411,87.0
14324,00411,30.0
143353,00411,30.0
143361,00411,64.0
143363,00411,39.0
143871,00411,7009.0
14401,00411,61.0
144232,00411,119.0
144533,00411,64.0
144536,00411,30.0
144723,00411,30.0
144725,00411,30.0
144728,00411,60.0
144729,00411,60.0
144730,00411,62.0
14475,00411,30.0
145082,00411,664.0
145085,00411,90.0
14511,00411,42.0
14513,00411,30.0
145178,00411,30.0
145221,00411,32.0
14587,00411,112.0
146152,00411,36.0
146664,00411,30.0
146793,00411,40.0
146855,00411,34.0
147758,00411,34.0
147841,00411,56.0
148007,00411,60.0
14831,00411,364.0
149074,00411,62.0
149092,00411,30.0
149093,00411,30.0
149141,00411,155.0
14921,00411,52.0
1494,00411,34.0
149486,00411,111.0
149487,00411,64.0
1498,00411,79.0
150342,00411,64.0
150345,00411,72.0
1506,00411,65.0
151311,00411,132.0
151812,00411,30.0
151813,00411,34.0
151814,00411,30.0
1520,00411,222.0
152181,00411,30.0
152208,00411,34.0
152629,00411,2050.0
152643,00411,30.0
152731,00411,34.0
152980,00411,59.0
154808,00411,63.0
154809,00411,78.0
154810,00411,30.0
154890,00411,30.0
154891,00411,45.0
154893,00411,30.0
154894,00411,30.0
155065,00411,34.0
155363,00411,59.0
156283,00411,30.0
156285,00411,34.0
156703,00411,887.0
15695,00411,34.0
157050,00411,59.0
157688,00411,65.0
157691,00411,40.0
157692,00411,64.0
157934,00411,30.0
157960,00411,63.0
15804,00411,34.0
158113,00411,60.0
158587,00411,36.0
158588,00411,71.0
158612,00411,57.0
158613,00411,34.0
158614,00411,30.0
158615,00411,30.0
159685,00411,34.0
1599,00411,44.0
1605,00411,68.0
160714,00411,77.0
1609,00411,30.0
16287,00411,80.0
1629,00411,30.0
163,00411,142.0
163192,00411,30.0
163263,00411,30.0
163749,00411,142.0
163750,00411,42.0
1641,00411,84.0
16422,00411,59.0
1654,00411,165.0
165797,00411,134.0
165980,00411,30.0
166583,00411,30.0
167274,00411,87.0
167277,00411,64.0
167524,00411,39.0
167772,00411,30.0
167773,00411,30.0
168500,00411,79.0
168501,00411,34.0
168503,00411,41.0
168508,00411,55.0
168613,00411,128.0
168617,00411,42.0
168765,00411,674.0
168991,00411,60.0
169028,00411,194.0
16913,00411,34.0
1696,00411,116.0
169685,00411,104.0
169938,00411,632.0
171276,00411,30.0
171677,00411,30.0
17186,00411,30.0
172118,00411,30.0
172168,00411,30.0
17220,00411,41.0
172730,00411,133.0
173346,00411,59.0
173472,00411,30.0
17353,00411,60.0
173768,00411,30.0
173832,00411,34.0
174244,00411,30.0
174248,00411,30.0
17425,00411,30.0
174448,00411,42.0
174450,00411,34.0
175232,00411,122.0
175842,00411,60.0
1760,00411,69.0
176057,00411,52.0
176070,00411,30.0
17618,00411,60.0
176338,00411,34.0
176565,00411,66.0
17731,00411,30.0
177701,00411,30.0
17806,00411,35.0
178293,00411,30.0
178295,00411,46.0
179000,00411,30.0
179033,00411,47.0
179034,00411,51.0
179052,00411,30.0
179053,00411,56.0
179055,00411,34.0
179057,00411,48.0
179059,00411,56.0
17908,00411,64.0
179097,00411,168.0
18004,00411,30.0
180701,00411,30.0
180703,00411,63.0
180743,00411,52.0
1809,00411,105.0
181537,00411,39.0
182264,00411,30.0
182752,00411,30.0
182753,00411,41.0
182982,00411,34.0
182999,00411,30.0
183793,00411,30.0
184000,00411,60.0
184457,00411,30.0
184459,00411,30.0
184627,00411,30.0
184628,00411,30.0
184630,00411,48.0
184761,00411,55.0
185663,00411,146.0
18579,00411,61.0
1861,00411,44.0
187312,00411,30.0
187467,00411,34.0
187670,00411,101.0
187962,00411,30.0
188030,00411,42.0
188320,00411,64.0
188548,00411,132.0
18941,00411,30.0
1902,00411,30.0
190454,00411,270.0
190628,00411,30.0
190830,00411,122.0
191187,00411,323.0
191330,00411,30.0
192639,00411,30.0
192641,00411,30.0
192823,00411,30.0
192824,00411,30.0
192828,00411,30.0
193140,00411,60.0
193329,00411,34.0
193330,00411,34.0
194321,00411,69.0
194710,00411,30.0
194892,00411,34.0
195084,00411,38.0
195085,00411,44.0
19516,00411,36.0
19517,00411,59.0
19518,00411,56.0
19519,00411,42.0
1960,00411,98.0
196008,00411,30.0
196115,00411,38.0
196116,00411,44.0
196832,00411,45.0
196833,00411,41.0
196834,00411,39.0
196835,00411,61.0
197262,00411,30.0
19804,00411,38.0
1982,00411,43.0
198469,00411,34.0
1991,00411,71.0
200006,00411,60.0
200041,00411,895.0
200221,00411,64.0
20129,00411,34.0
202584,00411,145.0
20266,00411,40.0
20273,00411,30.0
202754,00411,31.0
203757,00411,30.0
203875,00411,60.0
203877,00411,30.0
203879,00411,30.0
203880,00411,35.0
203881,00411,30.0
203883,00411,60.0
204483,00411,60.0
20458,00411,60.0
204613,00411,30.0
204794,00411,30.0
205005,00411,30.0
20516,00411,241.0
206362,00411,38.0
20675,00411,122.0
208,00411,1953.0
208038,00411,30.0
208050,00411,73.0
208219,00411,34.0
20840,00411,42.0
20857,00411,88.0
209031,00411,34.0
209032,00411,55.0
209052,00411,33.0
209054,00411,30.0
21033,00411,30.0
210594,00411,77.0
210785,00411,215.0
210874,00411,112.0
21089,00411,30.0
210956,00411,43.0
210959,00411,72.0
211128,00411,30.0
211130,00411,30.0
211418,00411,30.0
211530,00411,68.0
21279,00411,59.0
21331,00411,38.0
21340,00411,30.0
2138,00411,60.0
213874,00411,34.0
21408,00411,57.0
214094,00411,64.0
214099,00411,128.0
214104,00411,95.0
214107,00411,66.0
214134,00411,30.0
214160,00411,40.0
214171,00411,43.0
214502,00411,35.0
214503,00411,34.0
214684,00411,38.0
214815,00411,134.0
214824,00411,30.0
214909,00411,130.0
214912,00411,148.0
214913,00411,156.0
214914,00411,68.0
215281,00411,52.0
21538,00411,80.0
21541,00411,72.0
215995,00411,169.0
216389,00411,34.0
216390,00411,30.0
216914,00411,48.0
216915,00411,68.0
21855,00411,32.0
218557,00411,1532.0
218637,00411,60.0
218870,00411,68.0
219181,00411,85.0
219836,00411,57.0
219876,00411,90.0
21995,00411,30.0
219959,00411,35.0
220234,00411,1065.0
22088,00411,60.0
220884,00411,128.0
221116,00411,47.0
221122,00411,43.0
2213,00411,30.0
221383,00411,30.0
221686,00411,34.0
223156,00411,38.0
223389,00411,59.0
223491,00411,34.0
22450,00411,60.0
22560,00411,79.0
225701,00411,329.0
225783,00411,39.0
226050,00411,91.0
226074,00411,30.0
226075,00411,30.0
226076,00411,30.0
226397,00411,30.0
226398,00411,34.0
226706,00411,56.0
226791,00411,52.0
226812,00411,64.0
227127,00411,30.0
227528,00411,31.0
227866,00411,94.0
227868,00411,67.0
227873,00411,30.0
22794,00411,97.0
228083,00411,30.0
228084,00411,30.0
228685,00411,60.0
228969,00411,89.0
228983,00411,42.0
2292,00411,133.0
229229,00411,34.0
229230,00411,30.0
229475,00411,60.0
229605,00411,126.0
229679,00411,30.0
230468,00411,111.0
2316,00411,41.0
23164,00411,42.0
2322,00411,3944.0
232548,00411,30.0
233016,00411,30.0
233072,00411,50.0
233172,00411,161.0
233434,00411,33.0
233540,00411,30.0
233541,00411,30.0
233542,00411,31.0
234317,00411,30.0
234319,00411,34.0
234321,00411,30.0
234323,00411,30.0
234325,00411,30.0
234326,00411,30.0
234328,00411,30.0
234336,00411,30.0
234394,00411,60.0
234395,00411,68.0
234569,00411,60.0
234590,00411,52.0
234923,00411,73.0
234924,00411,57.0
234967,00411,68.0
235121,00411,306.0
235134,00411,30.0
235135,00411,39.0
235136,00411,31.0
235137,00411,32.0
235800,00411,107.0
236252,00411,60.0
2363,00411,30.0
236476,00411,58.0
236492,00411,123.0
236641,00411,45.0
236642,00411,30.0
236643,00411,30.0
236659,00411,68.0
237065,00411,60.0
237267,00411,48.0
237276,00411,156.0
237284,00411,30.0
23735,00411,34.0
2374,00411,35.0
237428,00411,60.0
237429,00411,30.0
237495,00411,52.0
237656,00411,30.0
237688,00411,35.0
23817,00411,65.0
238523,00411,44.0
238695,00411,267.0
239663,00411,60.0
240,00411,76.0
240649,00411,30.0
240833,00411,38.0
240836,00411,34.0
241570,00411,33.0
241751,00411,34.0
242327,00411,34.0
24256,00411,30.0
242772,00411,65.0
242773,00411,43.0
243146,00411,30.0
243386,00411,30.0
243619,00411,30.0
243836,00411,34.0
243857,00411,59.0
243858,00411,61.0
243859,00411,50.0
2441,00411,64.0
244336,00411,38.0
2444,00411,37.0
245448,00411,30.0
245449,00411,39.0
245785,00411,59.0
245803,00411,97.0
245804,00411,117.0
245805,00411,138.0
246097,00411,139.0
246137,00411,45.0
246508,00411,34.0
2466,00411,79.0
246997,00411,90.0
247568,00411,30.0
248472,00411,30.0
248491,00411,64.0
248503,00411,30.0
248830,00411,30.0
248996,00411,30.0
249288,00411,59.0
249407,00411,60.0
249453,00411,72.0
249868,00411,60.0
249881,00411,42.0
250075,00411,40.0
250076,00411,38.0
250123,00411,39.0
2503,00411,34.0
25079,00411,1615.0
250971,00411,30.0
2510,00411,30.0
251173,00411,30.0
251175,00411,30.0
2514,00411,30.0
252778,00411,30.0
254164,00411,58.0
254167,00411,60.0
254168,00411,39.0
254170,00411,94.0
254174,00411,60.0
254175,00411,94.0
254425,00411,38.0
254426,00411,33.0
254646,00411,60.0
254692,00411,30.0
254693,00411,30.0
2556,00411,30.0
257669,00411,94.0
2578,00411,60.0
257921,00411,94.0
258290,00411,34.0
259279,00411,30.0
25928,00411,64.0
259754,00411,35.0
259855,00411,30.0
259856,00411,30.0
260381,00411,30.0
260388,00411,30.0
260389,00411,60.0
260396,00411,30.0
260888,00411,60.0
260889,00411,34.0
260890,00411,30.0
261298,00411,180.0
261592,00411,76.0
262191,00411,30.0
262194,00411,38.0
262842,00411,34.0
262966,00411,30.0
262970,00411,34.0
262985,00411,90.0
263073,00411,30.0
263074,00411,30.0
263794,00411,30.0
263987,00411,70.0
263988,00411,34.0
263989,00411,61.0
263990,00411,60.0
264159,00411,102.0
264175,00411,30.0
264176,00411,34.0
264177,00411,30.0
264178,00411,30.0
264180,00411,30.0
264181,00411,30.0
264182,00411,30.0
26423,00411,30.0
264664,00411,30.0
264665,00411,30.0
264666,00411,30.0
264674,00411,34.0
264678,00411,30.0
2648,00411,66.0
264960,00411,57.0
265450,00411,38.0
266729,00411,35.0
267302,00411,30.0
267693,00411,72.0
268041,00411,39.0
268042,00411,84.0
268264,00411,30.0
268265,00411,33.0
268266,00411,30.0
268267,00411,30.0
26839,00411,61.0
268717,00411,222.0
26934,00411,42.0
269632,00411,30.0
269745,00411,103.0
271398,00411,60.0
271399,00411,52.0
272006,00411,37.0
272010,00411,39.0
27245,00411,65.0
272460,00411,30.0
272461,00411,34.0
272462,00411,30.0
272869,00411,49.0
272871,00411,30.0
272872,00411,30.0
272873,00411,30.0
273079,00411,30.0
273613,00411,30.0
2738,00411,30.0
274083,00411,47.0
274084,00411,60.0
274300,00411,30.0
274301,00411,30.0
274302,00411,49.0
274388,00411,30.0
274417,00411,30.0
274418,00411,30.0
274983,00411,30.0
274988,00411,30.0
274990,00411,36.0
275028,00411,62.0
275154,00411,56.0
275318,00411,39.0
275319,00411,40.0
275568,00411,85.0
275718,00411,30.0
275720,00411,34.0
276610,00411,48.0
276678,00411,64.0
277009,00411,30.0
277302,00411,51.0
277844,00411,30.0
277845,00411,30.0
277848,00411,34.0
277849,00411,30.0
278117,00411,108.0
278120,00411,124.0
278622,00411,34.0
278623,00411,119.0
278625,00411,60.0
278627,00411,53.0
278631,00411,30.0
278632,00411,30.0
278716,00411,56.0
278719,00411,34.0
278724,00411,51.0
278754,00411,60.0
278970,00411,60.0
2790,00411,64.0
27901,00411,30.0
279153,00411,57.0
279427,00411,30.0
279556,00411,64.0
280020,00411,52.0
280138,00411,65.0
280210,00411,30.0
280211,00411,30.0
280212,00411,68.0
280213,00411,56.0
280214,00411,394.0
280217,00411,60.0
280236,00411,64.0
280237,00411,53.0
280238,00411,101.0
280239,00411,60.0
280240,00411,42.0
280372,00411,30.0
28105,00411,30.0
28121,00411,30.0
28122,00411,30.0
28126,00411,34.0
281432,00411,60.0
281474,00411,60.0
281565,00411,321.0
282898,00411,30.0
284165,00411,42.0
28425,00411,145.0
285075,00411,99.0
285411,00411,30.0
285412,00411,30.0
285413,00411,34.0
285418,00411,30.0
285490,00411,30.0
285491,00411,30.0
285500,00411,30.0
285501,00411,43.0
285504,00411,30.0
285644,00411,30.0
28610,00411,982.0
286163,00411,30.0
286875,00411,34.0
286995,00411,37.0
2879,00411,34.0
288097,00411,30.0
288865,00411,35.0
288867,00411,56.0
289483,00411,30.0
28959,00411,178.0
289647,00411,142.0
289648,00411,176.0
289649,00411,98.0
289650,00411,150.0
290037,00411,30.0
290526,00411,30.0
290528,00411,30.0
290530,00411,30.0
290531,00411,30.0
290532,00411,34.0
29100,00411,60.0
291395,00411,57.0
2914,00411,34.0
291704,00411,30.0
291705,00411,43.0
2945,00411,30.0
295109,00411,34.0
295650,00411,31.0
296065,00411,38.0
296176,00411,53.0
296179,00411,55.0
296182,00411,52.0
296529,00411,125.0
296590,00411,30.0
297040,00411,43.0
297041,00411,59.0
2976,00411,99.0
297726,00411,60.0
2978,00411,79.0
297984,00411,36.0
297985,00411,38.0
29820,00411,92.0
298259,00411,30.0
298389,00411,30.0
29856,00411,105.0
298916,00411,30.0
298992,00411,30.0
298993,00411,53.0
299130,00411,30.0
299478,00411,504.0
299497,00411,52.0
299700,00411,38.0
29979,00411,42.0
299930,00411,118.0
299993,00411,185.0
299994,00411,255.0
300030,00411,63.0
300039,00411,30.0
300040,00411,30.0
300044,00411,60.0
301255,00411,101.0
301257,00411,89.0
301258,00411,106.0
301259,00411,126.0
301260,00411,338.0
301382,00411,56.0
301758,00411,30.0
301763,00411,30.0
3023,00411,39.0
302621,00411,56.0
3028,00411,60.0
30360,00411,95.0
303608,00411,30.0
30365,00411,30.0
303967,00411,44.0
303969,00411,60.0
303971,00411,41.0
303975,00411,60.0
303976,00411,30.0
303977,00411,55.0
303978,00411,48.0
304133,00411,54.0
304139,00411,74.0
3047,00411,30.0
304932,00411,39.0
304935,00411,30.0
304970,00411,34.0
305065,00411,38.0
305233,00411,258.0
30617,00411,72.0
307229,00411,121.0
307256,00411,52.0
307303,00411,60.0
30760,00411,30.0
30761,00411,30.0
30762,00411,38.0
30763,00411,56.0
308265,00411,58.0
308500,00411,44.0
308501,00411,55.0
308607,00411,44.0
308858,00411,30.0
309351,00411,34.0
310182,00411,55.0
3102,00411,60.0
310569,00411,30.0
310970,00411,30.0
311020,00411,34.0
311373,00411,30.0
311806,00411,44.0
312070,00411,56.0
3124,00411,90.0
313916,00411,63.0
313917,00411,64.0
313919,00411,34.0
31393,00411,60.0
31396,00411,97.0
31398,00411,91.0
314486,00411,60.0
3148,00411,271.0
314822,00411,104.0
315018,00411,38.0
315022,00411,40.0
315023,00411,41.0
315052,00411,68.0
315796,00411,61.0
315797,00411,48.0
315956,00411,34.0
315957,00411,30.0
315958,00411,30.0
3160,00411,30.0
316080,00411,307.0
316097,00411,45.0
316349,00411,63.0
316363,00411,38.0
317097,00411,30.0
317099,00411,30.0
31733,00411,38.0
3179,00411,48.0
318329,00411,38.0
31894,00411,1803.0
320839,00411,30.0
321176,00411,30.0
321539,00411,49.0
321718,00411,240.0
321766,00411,60.0
322153,00411,240.0
322154,00411,191.0
322155,00411,142.0
32247,00411,41.0
32322,00411,46.0
324412,00411,35.0
32445,00411,60.0
32573,00411,34.0
325833,00411,105.0
326437,00411,30.0
326623,00411,59.0
326735,00411,60.0
327640,00411,45.0
327641,00411,39.0
327703,00411,45.0
3283,00411,30.0
3289,00411,51.0
329043,00411,39.0
329157,00411,31.0
3292,00411,100.0
32934,00411,68.0
3296,00411,56.0
330384,00411,60.0
330659,00411,43.0
330662,00411,35.0
330663,00411,39.0
330664,00411,37.0
330666,00411,39.0
330677,00411,42.0
33105,00411,41.0
331118,00411,47.0
331151,00411,58.0
331155,00411,66.0
331164,00411,30.0
332284,00411,30.0
332406,00411,69.0
332528,00411,60.0
332817,00411,125.0
333278,00411,60.0
333414,00411,96.0
333428,00411,30.0
333486,00411,30.0
333568,00411,30.0
333569,00411,30.0
333573,00411,30.0
333828,00411,138.0
333894,00411,98.0
333897,00411,130.0
333898,00411,64.0
333899,00411,40.0
33392,00411,30.0
334445,00411,30.0
3348,00411,60.0
335094,00411,52.0
335638,00411,232.0
335643,00411,60.0
335667,00411,158.0
3357,00411,40.0
33628,00411,61.0
33664,00411,390.0
336643,00411,32.0
336644,00411,30.0
336646,00411,68.0
3368,00411,127.0
336981,00411,91.0
337132,00411,30.0
337463,00411,30.0
337464,00411,42.0
337465,00411,30.0
338421,00411,60.0
338553,00411,117.0
338564,00411,33.0
3386,00411,30.0
339239,00411,120.0
33927,00411,52.0
340019,00411,55.0
340132,00411,30.0
340955,00411,212.0
34102,00411,43.0
341214,00411,30.0
3414,00411,30.0
342409,00411,30.0
342410,00411,30.0
342411,00411,30.0
343660,00411,94.0
343764,00411,30.0
343766,00411,30.0
343815,00411,55.0
343816,00411,60.0
343817,00411,71.0
343818,00411,55.0
344569,00411,30.0
34462,00411,35.0
345024,00411,196.0
345255,00411,30.0
345256,00411,30.0
345257,00411,35.0
345340,00411,34.0
345355,00411,35.0
345356,00411,43.0
345357,00411,52.0
345749,00411,55.0
345750,00411,60.0
346668,00411,34.0
346848,00411,34.0
3474,00411,30.0
34820,00411,30.0
34821,00411,30.0
348718,00411,90.0
348719,00411,42.0
34888,00411,3973.0
34899,00411,191.0
3490,00411,38.0
349625,00411,137.0
350831,00411,226.0
350978,00411,109.0
351952,00411,56.0
35291,00411,30.0
353077,00411,30.0
353080,00411,30.0
35318,00411,30.0
35323,00411,30.0
353357,00411,30.0
353358,00411,38.0
353421,00411,30.0
353596,00411,52.0
354050,00411,60.0
3542,00411,35.0
354225,00411,60.0
354257,00411,57.0
354615,00411,56.0
354786,00411,34.0
355015,00411,37.0
355019,00411,34.0
355020,00411,30.0
355457,00411,70.0
355649,00411,40.0
355909,00411,60.0
3562,00411,30.0
356502,00411,43.0
357175,00411,63.0
357226,00411,30.0
357237,00411,30.0
357499,00411,42.0
3575,00411,30.0
357694,00411,30.0
357697,00411,52.0
358212,00411,68.0
358232,00411,52.0
358234,00411,47.0
358235,00411,50.0
358247,00411,30.0
358249,00411,30.0
358257,00411,30.0
358258,00411,30.0
358261,00411,30.0
358336,00411,70.0
358819,00411,56.0
359349,00411,35.0
359518,00411,184.0
36042,00411,34.0
36043,00411,62.0
36044,00411,56.0
36045,00411,60.0
360703,00411,30.0
36075,00411,120.0
36076,00411,74.0
360843,00411,30.0
36118,00411,112.0
361202,00411,30.0
361280,00411,51.0
361281,00411,64.0
361282,00411,30.0
361286,00411,30.0
361289,00411,30.0
361475,00411,30.0
361532,00411,46.0
361534,00411,30.0
362022,00411,66.0
362515,00411,133.0
363141,00411,48.0
363142,00411,36.0
364235,00411,30.0
364446,00411,81.0
364447,00411,78.0
364448,00411,63.0
364451,00411,95.0
364853,00411,30.0
36486,00411,88.0
365449,00411,30.0
365450,00411,47.0
365451,00411,30.0
365452,00411,30.0
365888,00411,30.0
366354,00411,30.0
366610,00411,30.0
366612,00411,30.0
36715,00411,30.0
3672,00411,30.0
367412,00411,61.0
368139,00411,30.0
368140,00411,30.0
368159,00411,30.0
368172,00411,30.0
368196,00411,34.0
3683,00411,58.0
368383,00411,64.0
368598,00411,32.0
3689,00411,37.0
369400,00411,142.0
369645,00411,30.0
369646,00411,34.0
36986,00411,30.0
370375,00411,30.0
371123,00411,60.0
371128,00411,34.0
371132,00411,34.0
371133,00411,30.0
371134,00411,60.0
371135,00411,30.0
371328,00411,52.0
371519,00411,37.0
372435,00411,30.0
372469,00411,123.0
3726,00411,35.0
373695,00411,92.0
373696,00411,60.0
373782,00411,88.0
373795,00411,44.0
373799,00411,104.0
3740,00411,30.0
3746,00411,31.0
375414,00411,60.0
375569,00411,34.0
375941,00411,134.0
375942,00411,60.0
3760,00411,30.0
376401,00411,30.0
377303,00411,117.0
378685,00411,869.0
378766,00411,37.0
378829,00411,30.0
379145,00411,3858.0
379146,00411,86.0
379148,00411,66.0
379538,00411,30.0
379541,00411,31.0
379684,00411,126.0
379685,00411,41.0
379944,00411,60.0
379945,00411,45.0
380312,00411,90.0
380408,00411,59.0
380413,00411,30.0
380535,00411,56.0
38066,00411,113.0
38072,00411,200.0
380931,00411,115.0
381,00411,55.0
381264,00411,102.0
381265,00411,88.0
381357,00411,61.0
381796,00411,30.0
381852,00411,30.0
381890,00411,85.0
381896,00411,64.0
381906,00411,30.0
381908,00411,30.0
381909,00411,34.0
382446,00411,38.0
382505,00411,62.0
382685,00411,30.0
382839,00411,34.0
382855,00411,30.0
382904,00411,30.0
382914,00411,30.0
382950,00411,30.0
382951,00411,55.0
382952,00411,60.0
383039,00411,94.0
383110,00411,57.0
38333,00411,35.0
383505,00411,43.0
384028,00411,78.0
3841,00411,30.0
384307,00411,63.0
384695,00411,53.0
385845,00411,88.0
385982,00411,49.0
386150,00411,58.0
386363,00411,42.0
386418,00411,60.0
386419,00411,60.0
38649,00411,64.0
386635,00411,41.0
386637,00411,30.0
386638,00411,30.0
386669,00411,59.0
386763,00411,40.0
386822,00411,30.0
386848,00411,152.0
386849,00411,138.0
386850,00411,52.0
386976,00411,31.0
387072,00411,38.0
387158,00411,49.0
387874,00411,93.0
388700,00411,223.0
388728,00411,60.0
388729,00411,30.0
388991,00411,56.0
388993,00411,30.0
389244,00411,322.0
389274,00411,40.0
389478,00411,63.0
389479,00411,60.0
389480,00411,60.0
389481,00411,56.0
389484,00411,30.0
389588,00411,403.0
389721,00411,34.0
389736,00411,38.0
389737,00411,30.0
389842,00411,57.0
389876,00411,30.0
390392,00411,60.0
390399,00411,42.0
390402,00411,34.0
390427,00411,30.0
390615,00411,149.0
390633,00411,166.0
390634,00411,68.0
390636,00411,35.0
390637,00411,30.0
390638,00411,56.0
390639,00411,60.0
390640,00411,106.0
390663,00411,32.0
390669,00411,34.0
390671,00411,34.0
390672,00411,51.0
390683,00411,30.0
390965,00411,30.0
390966,00411,30.0
391004,00411,60.0
391159,00411,60.0
391237,00411,30.0
391244,00411,64.0
391245,00411,52.0
391253,00411,110.0
392344,00411,60.0
392385,00411,56.0
392406,00411,53.0
392407,00411,34.0
392463,00411,30.0
392465,00411,34.0
392467,00411,30.0
392609,00411,48.0
392719,00411,557.0
39285,00411,30.0
393063,00411,59.0
393214,00411,94.0
393215,00411,77.0
393400,00411,56.0
393455,00411,30.0
393487,00411,31.0
393490,00411,37.0
393491,00411,38.0
393540,00411,60.0
393541,00411,60.0
393561,00411,74.0
393567,00411,93.0
393776,00411,104.0
394055,00411,285.0
394188,00411,30.0
394478,00411,47.0
394499,00411,118.0
394500,00411,162.0
394501,00411,109.0
394509,00411,61.0
394511,00411,60.0
394533,00411,53.0
394534,00411,34.0
394709,00411,30.0
39472,00411,10800.0
394910,00411,30.0
394929,00411,34.0
395002,00411,39.0
395005,00411,35.0
395008,00411,30.0
395009,00411,30.0
39591,00411,82.0
39593,00411,67.0
39595,00411,32.0
396062,00411,41.0
396381,00411,34.0
396547,00411,30.0
396548,00411,30.0
396549,00411,30.0
396694,00411,30.0
396722,00411,64.0
39704,00411,30.0
39706,00411,30.0
397262,00411,30.0
397264,00411,30.0
397347,00411,30.0
397348,00411,30.0
397349,00411,30.0
397350,00411,38.0
397351,00411,30.0
397358,00411,54.0
397394,00411,40.0
397622,00411,60.0
397630,00411,68.0
397631,00411,60.0
397710,00411,60.0
397795,00411,34.0
397797,00411,30.0
397798,00411,34.0
398171,00411,59.0
398385,00411,111.0
398508,00411,30.0
398511,00411,30.0
398907,00411,69.0
399089,00411,60.0
3995,00411,34.0
399842,00411,274.0
400075,00411,34.0
400077,00411,44.0
400516,00411,34.0
400527,00411,30.0
400742,00411,34.0
400743,00411,38.0
400744,00411,30.0
400759,00411,30.0
400762,00411,30.0
400767,00411,60.0
400768,00411,61.0
400790,00411,64.0
4008,00411,67.0
400825,00411,57.0
400930,00411,30.0
401006,00411,30.0
401556,00411,60.0
40159,00411,45.0
401640,00411,60.0
402044,00411,30.0
402255,00411,242.0
402924,00411,30.0
402925,00411,39.0
402926,00411,30.0
402928,00411,30.0
402935,00411,30.0
402936,00411,43.0
402937,00411,30.0
402938,00411,44.0
403251,00411,30.0
403252,00411,30.0
403254,00411,30.0
403392,00411,30.0
403510,00411,74.0
403511,00411,88.0
403611,00411,140.0
403612,00411,82.0
403760,00411,50.0
403841,00411,30.0
403842,00411,30.0
403940,00411,30.0
403942,00411,30.0
403943,00411,30.0
403944,00411,30.0
403948,00411,30.0
403950,00411,34.0
403951,00411,30.0
403952,00411,30.0
403953,00411,34.0
403954,00411,30.0
403957,00411,30.0
403958,00411,30.0
403959,00411,60.0
403987,00411,54.0
40399,00411,73.0
404,00411,56.0
40400,00411,92.0
40401,00411,47.0
40403,00411,74.0
404135,00411,30.0
404296,00411,39.0
404297,00411,69.0
404343,00411,34.0
404457,00411,30.0
404458,00411,45.0
404521,00411,30.0
404523,00411,30.0
404525,00411,48.0
404526,00411,61.0
404528,00411,61.0
404530,00411,60.0
404531,00411,57.0
404801,00411,98.0
404803,00411,165.0
404804,00411,61.0
404805,00411,60.0
404806,00411,82.0
404807,00411,90.0
405082,00411,90.0
405159,00411,39.0
405161,00411,30.0
405165,00411,56.0
405191,00411,34.0
405626,00411,146.0
405628,00411,112.0
405631,00411,82.0
405679,00411,30.0
405733,00411,46.0
405734,00411,30.0
405735,00411,65.0
405736,00411,46.0
405796,00411,30.0
405800,00411,39.0
405801,00411,30.0
405964,00411,30.0
406018,00411,644.0
406023,00411,30.0
406166,00411,38.0
406167,00411,34.0
406341,00411,30.0
406342,00411,30.0
406344,00411,93.0
406355,00411,60.0
406588,00411,30.0
406612,00411,70.0
406614,00411,58.0
406639,00411,30.0
406640,00411,30.0
406642,00411,30.0
406651,00411,30.0
406652,00411,30.0
406653,00411,30.0
406664,00411,30.0
406665,00411,34.0
406831,00411,30.0
406908,00411,118.0
407191,00411,56.0
407311,00411,35.0
407312,00411,56.0
407345,00411,30.0
407346,00411,30.0
407347,00411,30.0
407448,00411,60.0
407475,00411,30.0
407518,00411,30.0
407583,00411,34.0
407620,00411,30.0
407622,00411,56.0
407790,00411,52.0
407794,00411,30.0
407889,00411,31.0
407931,00411,52.0
407938,00411,30.0
407940,00411,30.0
407941,00411,34.0
407966,00411,61.0
408,00411,588.0
408032,00411,49.0
408033,00411,45.0
408034,00411,35.0
408035,00411,42.0
408057,00411,30.0
408062,00411,30.0
408125,00411,30.0
408127,00411,60.0
408128,00411,40.0
408206,00411,60.0
408304,00411,53.0
408517,00411,30.0
408550,00411,30.0
408551,00411,34.0
408552,00411,30.0
408554,00411,30.0
408555,00411,30.0
408556,00411,30.0
408640,00411,37.0
408664,00411,30.0
408730,00411,30.0
408731,00411,30.0
409183,00411,52.0
409184,00411,34.0
409186,00411,30.0
409187,00411,61.0
409191,00411,49.0
409194,00411,60.0
409357,00411,34.0
409445,00411,30.0
409503,00411,60.0
409504,00411,92.0
409505,00411,30.0
409512,00411,37.0
409810,00411,30.0
409911,00411,34.0
409981,00411,43.0
409986,00411,56.0
410592,00411,78.0
410863,00411,60.0
410864,00411,44.0
410865,00411,31.0
410866,00411,30.0
410867,00411,30.0
411074,00411,30.0
411076,00411,34.0
411262,00411,60.0
411405,00411,38.0
411412,00411,30.0
4118,00411,60.0
411891,00411,60.0
411893,00411,30.0
411896,00411,38.0
411897,00411,30.0
412859,00411,5118.0
413062,00411,61.0
413063,00411,60.0
413064,00411,49.0
413082,00411,34.0
413180,00411,30.0
413552,00411,34.0
413555,00411,38.0
413557,00411,57.0
413558,00411,34.0
413560,00411,60.0
413562,00411,88.0
413926,00411,60.0
414179,00411,30.0
414222,00411,76.0
414224,00411,268.0
414225,00411,251.0
414229,00411,213.0
414519,00411,57.0
414617,00411,56.0
414736,00411,42.0
414759,00411,35.0
414762,00411,30.0
414788,00411,67.0
414870,00411,56.0
415023,00411,42.0
4152,00411,58.0
415227,00411,68.0
415234,00411,33.0
415237,00411,69.0
415238,00411,57.0
415399,00411,56.0
41542,00411,202.0
416806,00411,66.0
41709,00411,43.0
417273,00411,48.0
417275,00411,64.0
417276,00411,46.0
417277,00411,71.0
417783,00411,30.0
417784,00411,30.0
417785,00411,30.0
41796,00411,472.0
41801,00411,64.0
418046,00411,30.0
418235,00411,34.0
418236,00411,30.0
418246,00411,56.0
418247,00411,60.0
418248,00411,35.0
418249,00411,48.0
418250,00411,30.0
418306,00411,30.0
418307,00411,94.0
418308,00411,30.0
418310,00411,30.0
418311,00411,33.0
418313,00411,30.0
418345,00411,30.0
418346,00411,38.0
418347,00411,30.0
418414,00411,41.0
418415,00411,66.0
418416,00411,61.0
418417,00411,30.0
418418,00411,30.0
418419,00411,30.0
418420,00411,30.0
418425,00411,30.0
418447,00411,30.0
418448,00411,30.0
418463,00411,30.0
418467,00411,30.0
418468,00411,30.0
418672,00411,48.0
418726,00411,30.0
418830,00411,94.0
418832,00411,60.0
418944,00411,30.0
418945,00411,30.0
418946,00411,95.0
418982,00411,35.0
419007,00411,48.0
419008,00411,60.0
419009,00411,140.0
419011,00411,47.0
419093,00411,34.0
419094,00411,30.0
419095,00411,43.0
419096,00411,56.0
419097,00411,47.0
419098,00411,31.0
419099,00411,34.0
419519,00411,34.0
419643,00411,60.0
420518,00411,66.0
420519,00411,33.0
420520,00411,48.0
420834,00411,74.0
420986,00411,60.0
421155,00411,35.0
42120,00411,233.0
42135,00411,60.0
42231,00411,828.0
422427,00411,30.0
422430,00411,30.0
422432,00411,30.0
422450,00411,74.0
422455,00411,30.0
422456,00411,54.0
422458,00411,50.0
422518,00411,30.0
422845,00411,30.0
424165,00411,34.0
424175,00411,30.0
424176,00411,30.0
424179,00411,30.0
424180,00411,36.0
424190,00411,60.0
42450,00411,47.0
424605,00411,34.0
424641,00411,78.0
42466,00411,30.0
42472,00411,38.0
42476,00411,33.0
424971,00411,51.0
424976,00411,34.0
424977,00411,32.0
425424,00411,223.0
425425,00411,109.0
4255,00411,66.0
425544,00411,34.0
426638,00411,30.0
426640,00411,30.0
426641,00411,30.0
426656,00411,30.0
427394,00411,113.0
427395,00411,132.0
427396,00411,294.0
427397,00411,169.0
4282,00411,90.0
42940,00411,184.0
430565,00411,30.0
430566,00411,33.0
430577,00411,42.0
430693,00411,31.0
430738,00411,60.0
430976,00411,30.0
430983,00411,30.0
431598,00411,30.0
431602,00411,41.0
432380,00411,64.0
43422,00411,71.0
43447,00411,34.0
43448,00411,58.0
43475,00411,34.0
43549,00411,119.0
43550,00411,115.0
438569,00411,34.0
438570,00411,46.0
438571,00411,30.0
438574,00411,68.0
438576,00411,34.0
438578,00411,30.0
43859,00411,33.0
438590,00411,30.0
438592,00411,31.0
438593,00411,31.0
43860,00411,34.0
43861,00411,60.0
439877,00411,42.0
440034,00411,52.0
440036,00411,30.0
440548,00411,30.0
440622,00411,185.0
440623,00411,307.0
440625,00411,220.0
440649,00411,122.0
4408,00411,30.0
440990,00411,90.0
441115,00411,61.0
441118,00411,63.0
441119,00411,30.0
441497,00411,34.0
4415,00411,30.0
441516,00411,38.0
441518,00411,64.0
44239,00411,30.0
446615,00411,30.0
446618,00411,30.0
446619,00411,30.0
446624,00411,47.0
44705,00411,30.0
44706,00411,52.0
44707,00411,60.0
447627,00411,78.0
447684,00411,164.0
447685,00411,272.0
447761,00411,30.0
447829,00411,42.0
448253,00411,51.0
448431,00411,30.0
448519,00411,88.0
44870,00411,39.0
448952,00411,30.0
449141,00411,30.0
449191,00411,38.0
449194,00411,38.0
449196,00411,30.0
449198,00411,45.0
449233,00411,52.0
449236,00411,86.0
449302,00411,30.0
449361,00411,30.0
449391,00411,30.0
449398,00411,30.0
449421,00411,30.0
449426,00411,60.0
449450,00411,30.0
449526,00411,60.0
449636,00411,31.0
449637,00411,30.0
4497,00411,36.0
449726,00411,34.0
449728,00411,43.0
449782,00411,30.0
449785,00411,30.0
449790,00411,43.0
449794,00411,30.0
449951,00411,60.0
449974,00411,30.0
449975,00411,30.0
450122,00411,81.0
450169,00411,97.0
450170,00411,43.0
450201,00411,30.0
450317,00411,30.0
450344,00411,59.0
450345,00411,61.0
450346,00411,60.0
450347,00411,45.0
450348,00411,49.0
450349,00411,43.0
450350,00411,30.0
450351,00411,60.0
450399,00411,54.0
450782,00411,30.0
451003,00411,34.0
451008,00411,47.0
451231,00411,30.0
451233,00411,30.0
451234,00411,30.0
451235,00411,30.0
451236,00411,45.0
451237,00411,34.0
451423,00411,59.0
451445,00411,38.0
451477,00411,30.0
451479,00411,46.0
451481,00411,55.0
451482,00411,63.0
451611,00411,60.0
451678,00411,30.0
451729,00411,35.0
451730,00411,59.0
451731,00411,79.0
451846,00411,30.0
451847,00411,30.0
451848,00411,30.0
451851,00411,30.0
452331,00411,60.0
452369,00411,128.0
452382,00411,30.0
45245,00411,34.0
452652,00411,46.0
453244,00411,33.0
453426,00411,60.0
453440,00411,297.0
453738,00411,51.0
453827,00411,64.0
453829,00411,82.0
453830,00411,102.0
453861,00411,30.0
453873,00411,36.0
453876,00411,56.0
454030,00411,30.0
454140,00411,49.0
454174,00411,30.0
454175,00411,30.0
454176,00411,30.0
454203,00411,30.0
454354,00411,60.0
454361,00411,60.0
454387,00411,30.0
454520,00411,82.0
454522,00411,34.0
454548,00411,30.0
454828,00411,30.0
454829,00411,129.0
454846,00411,51.0
454881,00411,30.0
454982,00411,30.0
4550,00411,69.0
45500,00411,41.0
455321,00411,94.0
455430,00411,39.0
455436,00411,47.0
455535,00411,55.0
455585,00411,30.0
455616,00411,82.0
455784,00411,30.0
456401,00411,35.0
456593,00411,43.0
456685,00411,48.0
4567,00411,31.0
456852,00411,54.0
456854,00411,177.0
456967,00411,52.0
456970,00411,30.0
456973,00411,31.0
456976,00411,30.0
457040,00411,37.0
457044,00411,31.0
457133,00411,30.0
457138,00411,49.0
457283,00411,30.0
457425,00411,30.0
457443,00411,30.0
457562,00411,66.0
457680,00411,30.0
457860,00411,30.0
4580,00411,34.0
45804,00411,30.0
458076,00411,47.0
458272,00411,34.0
458273,00411,42.0
458975,00411,30.0
459655,00411,60.0
459755,00411,977.0
459897,00411,30.0
459950,00411,62.0
459977,00411,581.0
460450,00411,30.0
460543,00411,60.0
460774,00411,30.0
460775,00411,52.0
460831,00411,39.0
460833,00411,61.0
460835,00411,57.0
460840,00411,49.0
460841,00411,60.0
460842,00411,53.0
460844,00411,38.0
460851,00411,63.0
461075,00411,30.0
461077,00411,39.0
461253,00411,52.0
461255,00411,30.0
461258,00411,61.0
461357,00411,30.0
461360,00411,30.0
461689,00411,35.0
461697,00411,38.0
461701,00411,30.0
461704,00411,30.0
461760,00411,38.0
462231,00411,30.0
462232,00411,34.0
462238,00411,38.0
462738,00411,61.0
462742,00411,76.0
462744,00411,106.0
462745,00411,101.0
462746,00411,65.0
462747,00411,63.0
462748,00411,69.0
463139,00411,30.0
463149,00411,36.0
463161,00411,30.0
463229,00411,56.0
463264,00411,30.0
463265,00411,30.0
463275,00411,60.0
463278,00411,61.0
463283,00411,60.0
463358,00411,30.0
463375,00411,30.0
463376,00411,30.0
463377,00411,30.0
463378,00411,30.0
463379,00411,30.0
463381,00411,30.0
463385,00411,30.0
463386,00411,34.0
463387,00411,30.0
463388,00411,30.0
463389,00411,30.0
463400,00411,30.0
463498,00411,73.0
463580,00411,30.0
463581,00411,48.0
4637,00411,35.0
464180,00411,30.0
464198,00411,70.0
46479,00411,60.0
46499,00411,459.0
46503,00411,160.0
46713,00411,1538.0
4680,00411,51.0
468395,00411,44.0
468515,00411,34.0
46853,00411,2288.0
468844,00411,30.0
469158,00411,55.0
469196,00411,95.0
469231,00411,44.0
469298,00411,34.0
469701,00411,34.0
469709,00411,30.0
469710,00411,30.0
469934,00411,182.0
470176,00411,30.0
470178,00411,34.0
470180,00411,60.0
470501,00411,39.0
47071,00411,141.0
47072,00411,148.0
470814,00411,50.0
471189,00411,39.0
471297,00411,55.0
471447,00411,46.0
471448,00411,30.0
471451,00411,56.0
471462,00411,33.0
471465,00411,30.0
47160,00411,30.0
471646,00411,59.0
47168,00411,57.0
47173,00411,30.0
471755,00411,30.0
471770,00411,30.0
471771,00411,30.0
471947,00411,35.0
471948,00411,30.0
471949,00411,60.0
47195,00411,34.0
472193,00411,106.0
47261,00411,77.0
472921,00411,61.0
473159,00411,60.0
473181,00411,34.0
473232,00411,30.0
473657,00411,33.0
47368,00411,30.0
473875,00411,44.0
47388,00411,86.0
473918,00411,30.0
473919,00411,55.0
473920,00411,35.0
473921,00411,30.0
473928,00411,30.0
473929,00411,30.0
473932,00411,150.0
474154,00411,30.0
474351,00411,57.0
474717,00411,38.0
474986,00411,60.0
475193,00411,34.0
475194,00411,38.0
475212,00411,38.0
475215,00411,30.0
475894,00411,30.0
475895,00411,42.0
475940,00411,72.0
475944,00411,90.0
476124,00411,46.0
476148,00411,48.0
476155,00411,83.0
476206,00411,30.0
476219,00411,30.0
476235,00411,30.0
476250,00411,30.0
476642,00411,58.0
476648,00411,30.0
477205,00411,30.0
477206,00411,30.0
477207,00411,30.0
477208,00411,31.0
477209,00411,34.0
477210,00411,34.0
477265,00411,96.0
477266,00411,35.0
477574,00411,198.0
477575,00411,86.0
477732,00411,34.0
477733,00411,34.0
477876,00411,30.0
478160,00411,252.0
478347,00411,64.0
478348,00411,43.0
478352,00411,656.0
478353,00411,1254.0
478382,00411,34.0
478512,00411,60.0
478513,00411,56.0
4790,00411,33.0
479663,00411,84.0
479664,00411,104.0
479800,00411,68.0
480077,00411,30.0
480418,00411,30.0
480492,00411,35.0
48051,00411,30.0
481164,00411,30.0
481168,00411,30.0
481177,00411,35.0
481178,00411,38.0
481592,00411,60.0
481596,00411,48.0
481597,00411,59.0
481767,00411,117.0
481768,00411,30.0
48180,00411,89.0
481826,00411,59.0
482160,00411,44.0
482161,00411,30.0
482162,00411,68.0
482163,00411,34.0
482165,00411,30.0
482170,00411,34.0
482171,00411,30.0
482172,00411,30.0
482182,00411,30.0
482183,00411,30.0
483046,00411,3968.0
483801,00411,30.0
48402,00411,102.0
484228,00411,60.0
484229,00411,232.0
484230,00411,241.0
484231,00411,184.0
484232,00411,196.0
484234,00411,34.0
484236,00411,32.0
484238,00411,30.0
484239,00411,30.0
484361,00411,88.0
484534,00411,523.0
485109,00411,30.0
485529,00411,34.0
485588,00411,104.0
485840,00411,30.0
485867,00411,60.0
4860,00411,30.0
48608,00411,53.0
486436,00411,30.0
4873,00411,56.0
487406,00411,30.0
487754,00411,30.0
488101,00411,30.0
488170,00411,30.0
488175,00411,30.0
488177,00411,30.0
488286,00411,87.0
488626,00411,173.0
4888,00411,48.0
489178,00411,60.0
489193,00411,55.0
489194,00411,30.0
489453,00411,34.0
48949,00411,53.0
489601,00411,64.0
491470,00411,30.0
491498,00411,30.0
491516,00411,83.0
491517,00411,66.0
4916,00411,89.0
491669,00411,227.0
491697,00411,30.0
491768,00411,30.0
491774,00411,221.0
491839,00411,60.0
491841,00411,35.0
491842,00411,64.0
491970,00411,30.0
491994,00411,30.0
492075,00411,2164.0
492154,00411,53.0
492155,00411,49.0
492162,00411,30.0
492256,00411,62.0
492257,00411,30.0
492261,00411,164.0
492264,00411,30.0
492265,00411,30.0
492266,00411,30.0
492267,00411,30.0
492268,00411,30.0
492269,00411,30.0
492270,00411,30.0
492271,00411,30.0
492272,00411,30.0
492279,00411,75.0
492280,00411,30.0
492281,00411,59.0
492398,00411,60.0
492403,00411,34.0
492638,00411,30.0
492640,00411,30.0
492641,00411,34.0
492705,00411,53.0
493066,00411,30.0
493197,00411,34.0
493198,00411,48.0
493225,00411,30.0
493461,00411,30.0
493976,00411,30.0
494081,00411,95.0
494083,00411,39.0
494084,00411,30.0
494249,00411,232.0
494254,00411,308.0
494265,00411,711.0
494267,00411,382.0
494270,00411,154.0
494279,00411,374.0
494550,00411,30.0
494943,00411,192.0
494947,00411,569.0
494948,00411,111.0
494949,00411,94.0
495178,00411,30.0
495179,00411,30.0
495182,00411,43.0
495183,00411,34.0
495217,00411,30.0
495221,00411,30.0
495224,00411,30.0
495225,00411,30.0
495228,00411,30.0
495340,00411,42.0
495511,00411,30.0
495536,00411,34.0
495767,00411,94.0
495867,00411,54.0
495868,00411,63.0
495906,00411,78.0
495909,00411,57.0
495933,00411,175.0
495934,00411,2207.0
496031,00411,50.0
496042,00411,37.0
496352,00411,77.0
496486,00411,30.0
496493,00411,30.0
496497,00411,64.0
496498,00411,92.0
496703,00411,30.0
496704,00411,30.0
496705,00411,30.0
496709,00411,34.0
496711,00411,30.0
496712,00411,30.0
497121,00411,45.0
497122,00411,98.0
497152,00411,38.0
497153,00411,30.0
497154,00411,30.0
497155,00411,30.0
498530,00411,30.0
498678,00411,30.0
498679,00411,30.0
498681,00411,30.0
498708,00411,30.0
498940,00411,34.0
498942,00411,68.0
498943,00411,34.0
498944,00411,64.0
498949,00411,56.0
498950,00411,70.0
499015,00411,30.0
499085,00411,56.0
49910,00411,62.0
499119,00411,30.0
499723,00411,30.0
499897,00411,30.0
499993,00411,78.0
499995,00411,30.0
500482,00411,30.0
500770,00411,1723.0
501033,00411,64.0
501567,00411,113.0
501568,00411,34.0
501571,00411,34.0
501572,00411,30.0
502097,00411,42.0
502109,00411,34.0
502156,00411,30.0
502163,00411,30.0
502431,00411,30.0
502490,00411,52.0
502491,00411,30.0
502532,00411,30.0
502533,00411,30.0
502598,00411,90.0
502599,00411,174.0
502786,00411,45.0
502787,00411,60.0
502788,00411,60.0
502789,00411,87.0
502841,00411,60.0
502903,00411,60.0
502926,00411,124.0
502927,00411,69.0
502928,00411,69.0
502929,00411,60.0
502930,00411,60.0
502931,00411,92.0
502932,00411,110.0
502933,00411,80.0
502934,00411,64.0
502935,00411,83.0
502936,00411,71.0
502937,00411,64.0
502940,00411,60.0
50297,00411,30.0
502978,00411,87.0
503180,00411,30.0
503182,00411,55.0
503184,00411,52.0
503189,00411,34.0
503203,00411,30.0
5034,00411,30.0
503479,00411,60.0
503480,00411,30.0
504248,00411,61.0
504249,00411,69.0
504251,00411,76.0
504255,00411,68.0
504269,00411,121.0
504272,00411,90.0
504273,00411,94.0
504278,00411,172.0
504279,00411,120.0
5043,00411,34.0
504344,00411,49.0
504559,00411,30.0
504562,00411,34.0
504564,00411,30.0
504565,00411,30.0
50473,00411,69.0
505109,00411,38.0
505115,00411,73.0
505116,00411,60.0
505117,00411,34.0
505163,00411,30.0
505235,00411,30.0
505356,00411,30.0
505571,00411,41.0
505612,00411,139.0
505613,00411,62.0
505614,00411,62.0
505615,00411,88.0
505857,00411,30.0
505872,00411,47.0
505873,00411,30.0
505875,00411,60.0
506033,00411,30.0
506490,00411,42.0
506491,00411,30.0
506492,00411,34.0
506493,00411,30.0
506494,00411,34.0
506511,00411,30.0
506512,00411,30.0
506787,00411,60.0
506788,00411,49.0
506789,00411,60.0
506790,00411,30.0
506798,00411,38.0
507,00411,48.0
507259,00411,30.0
507335,00411,72.0
507611,00411,39.0
507612,00411,58.0
507661,00411,30.0
507917,00411,30.0
508,00411,132.0
508007,00411,289.0
508008,00411,337.0
508233,00411,30.0
508237,00411,35.0
508327,00411,30.0
508328,00411,30.0
508329,00411,30.0
508334,00411,30.0
508500,00411,41.0
508504,00411,30.0
508508,00411,55.0
508535,00411,30.0
508539,00411,30.0
508554,00411,30.0
508569,00411,30.0
508570,00411,30.0
508581,00411,30.0
508583,00411,31.0
508625,00411,30.0
508979,00411,90.0
509221,00411,34.0
509427,00411,30.0
509428,00411,34.0
50944,00411,64.0
50946,00411,71.0
510510,00411,61.0
510511,00411,88.0
510512,00411,55.0
510513,00411,60.0
510514,00411,46.0
510606,00411,30.0
510673,00411,34.0
510674,00411,60.0
510675,00411,42.0
510676,00411,30.0
510677,00411,35.0
510678,00411,47.0
510694,00411,30.0
510715,00411,30.0
510720,00411,34.0
510722,00411,34.0
510723,00411,34.0
510724,00411,30.0
51082,00411,63.0
511003,00411,65.0
511004,00411,63.0
511036,00411,86.0
511041,00411,58.0
511042,00411,120.0
511043,00411,67.0
511336,00411,57.0
511337,00411,64.0
511338,00411,42.0
511339,00411,57.0
511340,00411,57.0
511341,00411,60.0
511713,00411,38.0
511716,00411,30.0
511735,00411,30.0
511736,00411,30.0
511737,00411,30.0
511739,00411,30.0
511741,00411,34.0
511743,00411,30.0
511814,00411,30.0
511816,00411,34.0
511818,00411,30.0
511820,00411,30.0
511822,00411,33.0
511830,00411,56.0
511831,00411,30.0
511832,00411,30.0
511837,00411,36.0
511839,00411,34.0
511840,00411,30.0
511874,00411,30.0
511876,00411,60.0
511878,00411,32.0
511879,00411,56.0
511880,00411,64.0
511886,00411,42.0
511887,00411,30.0
511888,00411,30.0
511891,00411,30.0
511897,00411,90.0
511904,00411,56.0
511907,00411,52.0
511913,00411,30.0
511914,00411,56.0
511916,00411,30.0
511918,00411,86.0
511921,00411,35.0
511928,00411,30.0
511954,00411,60.0
511956,00411,60.0
512215,00411,172.0
512229,00411,34.0
512231,00411,30.0
512240,00411,35.0
512301,00411,60.0
512302,00411,68.0
512303,00411,65.0
51239,00411,30.0
51240,00411,49.0
512418,00411,60.0
512419,00411,85.0
512422,00411,85.0
512460,00411,30.0
512649,00411,34.0
512977,00411,45.0
513097,00411,30.0
513150,00411,56.0
513268,00411,38.0
513515,00411,60.0
513568,00411,30.0
513585,00411,34.0
513606,00411,43.0
513608,00411,30.0
513636,00411,30.0
513761,00411,55.0
513766,00411,38.0
513767,00411,30.0
513864,00411,30.0
513866,00411,34.0
514040,00411,30.0
514046,00411,55.0
514070,00411,32.0
514071,00411,34.0
514072,00411,30.0
514295,00411,30.0
514296,00411,51.0
514310,00411,30.0
514412,00411,35.0
514413,00411,107.0
514418,00411,35.0
514421,00411,34.0
514510,00411,30.0
514653,00411,30.0
514746,00411,30.0
514811,00411,30.0
514812,00411,49.0
515146,00411,34.0
515241,00411,30.0
515242,00411,30.0
515243,00411,30.0
515244,00411,30.0
515245,00411,30.0
515246,00411,30.0
515247,00411,30.0
515613,00411,30.0
515781,00411,51.0
515784,00411,43.0
515908,00411,30.0
515909,00411,33.0
515915,00411,30.0
515920,00411,34.0
515921,00411,56.0
515922,00411,34.0
515928,00411,30.0
515981,00411,47.0
515982,00411,30.0
515983,00411,30.0
515985,00411,30.0
515990,00411,30.0
515992,00411,30.0
515993,00411,30.0
515994,00411,30.0
516028,00411,2087.0
516029,00411,38.0
516229,00411,30.0
516359,00411,34.0
517448,00411,70.0
51767,00411,34.0
51782,00411,134.0
518454,00411,101.0
518456,00411,61.0
518691,00411,30.0
5191,00411,34.0
519209,00411,114.0
519229,00411,90.0
519525,00411,88.0
519528,00411,60.0
519530,00411,113.0
519531,00411,153.0
519533,00411,96.0
519590,00411,30.0
519591,00411,41.0
519592,00411,30.0
519598,00411,30.0
519599,00411,53.0
519687,00411,50.0
519796,00411,34.0
519797,00411,52.0
519798,00411,30.0
519799,00411,30.0
519801,00411,30.0
519805,00411,30.0
519806,00411,30.0
519807,00411,30.0
519934,00411,66.0
519935,00411,91.0
519937,00411,64.0
520777,00411,31.0
520819,00411,35.0
521010,00411,34.0
521011,00411,30.0
521012,00411,30.0
521082,00411,57.0
521083,00411,31.0
521084,00411,30.0
521086,00411,30.0
521095,00411,30.0
521099,00411,44.0
521201,00411,93.0
522734,00411,56.0
522736,00411,154.0
522737,00411,51.0
522738,00411,105.0
523002,00411,34.0
523006,00411,30.0
523472,00411,37.0
523473,00411,56.0
523479,00411,30.0
523921,00411,30.0
523922,00411,34.0
523923,00411,38.0
523984,00411,61.0
523985,00411,52.0
523986,00411,38.0
523987,00411,52.0
523989,00411,30.0
523990,00411,38.0
523995,00411,56.0
524094,00411,64.0
524116,00411,244.0
524117,00411,145.0
524119,00411,35.0
524121,00411,136.0
524135,00411,34.0
52425,00411,108.0
5244,00411,35.0
524556,00411,30.0
52483,00411,59.0
525066,00411,30.0
525067,00411,56.0
525201,00411,235.0
525203,00411,30.0
52582,00411,38.0
526307,00411,60.0
526308,00411,30.0
526309,00411,30.0
526310,00411,39.0
526311,00411,34.0
526312,00411,57.0
526804,00411,85.0
526805,00411,45.0
526806,00411,90.0
527126,00411,208.0
527489,00411,30.0
528532,00411,58.0
5289,00411,60.0
52924,00411,62.0
529733,00411,34.0
529739,00411,30.0
531222,00411,830.0
531446,00411,30.0
531447,00411,57.0
531789,00411,30.0
531790,00411,30.0
531791,00411,69.0
531793,00411,30.0
531794,00411,53.0
531795,00411,31.0
531796,00411,60.0
531797,00411,54.0
531798,00411,31.0
531799,00411,30.0
531800,00411,30.0
531801,00411,64.0
531802,00411,30.0
532718,00411,30.0
532719,00411,81.0
532722,00411,61.0
532723,00411,60.0
532724,00411,110.0
532725,00411,75.0
533462,00411,188.0
533468,00411,30.0
533573,00411,30.0
533673,00411,30.0
533674,00411,52.0
533675,00411,58.0
533676,00411,60.0
533677,00411,30.0
533678,00411,38.0
533679,00411,42.0
533680,00411,64.0
533681,00411,44.0
533682,00411,30.0
533706,00411,71.0
533735,00411,30.0
533821,00411,162.0
533823,00411,60.0
533824,00411,42.0
533848,00411,787.0
533849,00411,108.0
5344,00411,60.0
534580,00411,60.0
5346,00411,30.0
534603,00411,38.0
534678,00411,60.0
534679,00411,55.0
534753,00411,30.0
535121,00411,97.0
535303,00411,89.0
535308,00411,31.0
535927,00411,40.0
535929,00411,30.0
5371,00411,60.0
537104,00411,64.0
537105,00411,60.0
537106,00411,38.0
537169,00411,40.0
537170,00411,30.0
537171,00411,45.0
537173,00411,30.0
537174,00411,60.0
537175,00411,57.0
537176,00411,60.0
537177,00411,30.0
537198,00411,30.0
537442,00411,30.0
538044,00411,30.0
538204,00411,60.0
538560,00411,60.0
538603,00411,60.0
538870,00411,97.0
53905,00411,60.0
539190,00411,71.0
539684,00411,34.0
539685,00411,39.0
539686,00411,38.0
53978,00411,50.0
54107,00411,37.0
541426,00411,98.0
541427,00411,87.0
541517,00411,57.0
541518,00411,48.0
541571,00411,64.0
541619,00411,30.0
541620,00411,30.0
541621,00411,30.0
541622,00411,30.0
541623,00411,30.0
541624,00411,30.0
541625,00411,34.0
542935,00411,60.0
542936,00411,34.0
543028,00411,98.0
543078,00411,34.0
545,00411,102.0
545042,00411,31.0
545125,00411,34.0
545587,00411,30.0
545588,00411,68.0
545589,00411,56.0
545590,00411,87.0
545628,00411,35.0
545629,00411,30.0
546080,00411,67.0
546206,00411,60.0
546209,00411,38.0
54623,00411,61.0
54626,00411,118.0
546510,00411,49.0
54662,00411,60.0
54678,00411,60.0
547849,00411,103.0
547852,00411,34.0
547853,00411,57.0
547854,00411,60.0
547855,00411,30.0
54794,00411,162.0
5489,00411,60.0
5496,00411,44.0
550879,00411,84.0
550887,00411,128.0
550888,00411,118.0
55118,00411,32.0
551494,00411,85.0
551526,00411,61.0
551783,00411,30.0
552105,00411,46.0
552106,00411,57.0
552108,00411,66.0
552109,00411,57.0
552110,00411,61.0
552165,00411,34.0
552166,00411,30.0
552168,00411,55.0
552169,00411,30.0
552170,00411,60.0
552317,00411,1113.0
5535,00411,30.0
55357,00411,64.0
553876,00411,45.0
554137,00411,60.0
554158,00411,45.0
554169,00411,30.0
555269,00411,43.0
555270,00411,64.0
555271,00411,92.0
555272,00411,30.0
555727,00411,99.0
555768,00411,30.0
555893,00411,33.0
555904,00411,30.0
555933,00411,48.0
556178,00411,30.0
55633,00411,34.0
5566,00411,60.0
556685,00411,34.0
556686,00411,49.0
556791,00411,34.0
556792,00411,30.0
557116,00411,33.0
557117,00411,44.0
557580,00411,38.0
557838,00411,34.0
557839,00411,34.0
558,00411,491.0
558131,00411,30.0
558133,00411,30.0
55899,00411,84.0
559041,00411,34.0
559053,00411,70.0
559061,00411,30.0
559062,00411,38.0
55921,00411,329.0
5595,00411,30.0
559792,00411,60.0
560386,00411,63.0
560387,00411,50.0
560573,00411,30.0
5609,00411,30.0
561565,00411,76.0
561568,00411,49.0
562007,00411,34.0
562026,00411,60.0
562145,00411,88.0
562146,00411,88.0
562147,00411,83.0
562484,00411,79.0
562519,00411,30.0
562523,00411,35.0
562527,00411,52.0
562528,00411,30.0
562529,00411,60.0
562710,00411,60.0
562711,00411,116.0
562785,00411,30.0
562786,00411,30.0
562787,00411,55.0
562788,00411,60.0
562791,00411,64.0
562792,00411,60.0
562793,00411,90.0
562794,00411,137.0
563153,00411,30.0
563156,00411,60.0
563160,00411,30.0
563163,00411,30.0
563165,00411,30.0
563306,00411,52.0
563468,00411,67.0
563469,00411,60.0
563534,00411,60.0
564048,00411,34.0
564063,00411,34.0
564202,00411,53.0
564558,00411,30.0
564566,00411,34.0
564587,00411,56.0
565117,00411,73.0
565118,00411,66.0
565119,00411,83.0
565120,00411,88.0
565121,00411,46.0
565122,00411,48.0
565123,00411,74.0
565124,00411,67.0
565125,00411,43.0
565126,00411,56.0
565127,00411,73.0
565255,00411,34.0
565871,00411,625.0
566557,00411,30.0
566567,00411,88.0
566568,00411,99.0
566752,00411,92.0
567317,00411,135.0
567332,00411,545.0
567440,00411,84.0
567473,00411,34.0
567475,00411,56.0
567784,00411,30.0
567812,00411,30.0
568160,00411,334.0
568346,00411,30.0
569768,00411,56.0
569769,00411,30.0
569770,00411,30.0
569771,00411,34.0
569772,00411,77.0
569773,00411,60.0
569774,00411,30.0
569775,00411,61.0
569776,00411,31.0
569921,00411,31.0
569924,00411,30.0
569927,00411,30.0
569929,00411,30.0
570001,00411,92.0
570524,00411,51.0
570525,00411,34.0
570526,00411,58.0
570527,00411,49.0
570583,00411,30.0
570710,00411,30.0
570711,00411,30.0
570713,00411,51.0
570739,00411,86.0
570745,00411,185.0
570746,00411,129.0
571038,00411,30.0
571102,00411,30.0
571457,00411,68.0
571534,00411,30.0
571535,00411,30.0
571563,00411,693.0
571564,00411,429.0
571890,00411,30.0
571891,00411,30.0
572715,00411,30.0
574806,00411,74.0
57486,00411,118.0
57487,00411,93.0
57488,00411,165.0
574988,00411,33.0
576226,00411,64.0
576227,00411,30.0
576228,00411,30.0
576821,00411,42.0
57683,00411,38.0
578306,00411,528.0
578707,00411,53.0
578743,00411,78.0
579025,00411,30.0
579026,00411,38.0
579027,00411,37.0
579028,00411,30.0
579240,00411,60.0
579241,00411,47.0
579242,00411,45.0
579243,00411,88.0
579258,00411,60.0
579259,00411,135.0
579700,00411,30.0
579713,00411,1273.0
580058,00411,30.0
580651,00411,56.0
580661,00411,1403.0
580718,00411,59.0
580719,00411,94.0
580731,00411,30.0
580733,00411,35.0
580766,00411,60.0
580767,00411,30.0
580768,00411,31.0
580769,00411,68.0
580851,00411,34.0
580852,00411,30.0
581012,00411,30.0
581014,00411,30.0
581015,00411,42.0
581133,00411,30.0
581142,00411,30.0
581151,00411,251.0
581294,00411,30.0
581300,00411,53.0
581302,00411,30.0
581304,00411,45.0
581305,00411,32.0
581307,00411,34.0
581308,00411,38.0
581309,00411,34.0
581599,00411,39.0
581600,00411,34.0
581601,00411,30.0
581606,00411,68.0
581609,00411,30.0
581623,00411,68.0
581627,00411,76.0
581629,00411,144.0
581631,00411,34.0
581632,00411,30.0
581634,00411,64.0
581636,00411,60.0
581638,00411,99.0
581640,00411,102.0
581779,00411,68.0
581781,00411,34.0
581783,00411,233.0
581784,00411,41.0
581786,00411,30.0
581788,00411,89.0
581790,00411,38.0
581792,00411,62.0
581969,00411,322.0
582807,00411,43.0
582816,00411,85.0
582817,00411,79.0
582818,00411,34.0
58301,00411,60.0
583078,00411,59.0
583079,00411,135.0
583200,00411,56.0
583201,00411,47.0
583203,00411,30.0
583467,00411,122.0
583653,00411,30.0
583772,00411,30.0
583773,00411,30.0
583774,00411,30.0
583826,00411,42.0
583827,00411,60.0
583828,00411,34.0
583832,00411,30.0
584281,00411,30.0
584282,00411,35.0
584286,00411,955.0
584833,00411,30.0
584834,00411,31.0
584835,00411,60.0
584921,00411,54.0
585220,00411,69.0
585223,00411,60.0
585234,00411,85.0
585327,00411,90.0
585328,00411,63.0
585479,00411,52.0
585486,00411,30.0
585489,00411,30.0
585491,00411,30.0
585541,00411,62.0
585542,00411,60.0
586896,00411,140.0
586897,00411,124.0
586898,00411,120.0
586899,00411,74.0
587282,00411,59.0
58767,00411,31.0
587689,00411,56.0
587732,00411,209.0
587833,00411,84.0
587999,00411,31.0
588035,00411,73.0
588036,00411,69.0
588037,00411,60.0
5882,00411,84.0
588387,00411,30.0
588443,00411,34.0
588514,00411,30.0
588672,00411,42.0
588673,00411,30.0
588674,00411,68.0
588675,00411,44.0
588676,00411,37.0
588677,00411,71.0
588718,00411,58.0
588719,00411,47.0
588740,00411,82.0
588772,00411,871.0
58883,00411,60.0
589007,00411,30.0
589008,00411,30.0
589010,00411,34.0
589011,00411,30.0
589015,00411,54.0
589016,00411,30.0
58905,00411,1988.0
589287,00411,64.0
589288,00411,42.0
589289,00411,64.0
589290,00411,60.0
589297,00411,81.0
589298,00411,60.0
589299,00411,60.0
589414,00411,30.0
589416,00411,30.0
589417,00411,30.0
589419,00411,30.0
589420,00411,64.0
589459,00411,60.0
589460,00411,58.0
589488,00411,30.0
589495,00411,30.0
589505,00411,30.0
589507,00411,30.0
589508,00411,30.0
589674,00411,927.0
589675,00411,247.0
590006,00411,52.0
590083,00411,389.0
590084,00411,334.0
590415,00411,57.0
590667,00411,42.0
590668,00411,48.0
590669,00411,43.0
590670,00411,70.0
590671,00411,44.0
590739,00411,30.0
590801,00411,59.0
590865,00411,87.0
591539,00411,60.0
592529,00411,56.0
59262,00411,34.0
593838,00411,174.0
593839,00411,272.0
593840,00411,158.0
594125,00411,30.0
594127,00411,51.0
594128,00411,35.0
594130,00411,40.0
594131,00411,33.0
594132,00411,67.0
594133,00411,30.0
594134,00411,33.0
594135,00411,51.0
594136,00411,103.0
594137,00411,59.0
594214,00411,60.0
594507,00411,43.0
594871,00411,52.0
594879,00411,238.0
594880,00411,252.0
594881,00411,354.0
594882,00411,120.0
594883,00411,118.0
594885,00411,42.0
594886,00411,220.0
594887,00411,94.0
595019,00411,39.0
595071,00411,89.0
595229,00411,30.0
595316,00411,30.0
595318,00411,38.0
595320,00411,83.0
595322,00411,125.0
595324,00411,60.0
595361,00411,86.0
595365,00411,38.0
595367,00411,76.0
595390,00411,56.0
595392,00411,56.0
595394,00411,43.0
595396,00411,64.0
595398,00411,60.0
595437,00411,30.0
595453,00411,30.0
595459,00411,30.0
595463,00411,30.0
595474,00411,30.0
595670,00411,42.0
595748,00411,43.0
595757,00411,38.0
595958,00411,30.0
595960,00411,30.0
595961,00411,30.0
59620,00411,55.0
59621,00411,35.0
596262,00411,30.0
596263,00411,30.0
596264,00411,51.0
596665,00411,73.0
597828,00411,30.0
597913,00411,30.0
597914,00411,42.0
597917,00411,60.0
597931,00411,30.0
598041,00411,102.0
598240,00411,30.0
598243,00411,30.0
598247,00411,39.0
598311,00411,38.0
598312,00411,60.0
598313,00411,30.0
598314,00411,47.0
598333,00411,60.0
598334,00411,70.0
598335,00411,91.0
598336,00411,78.0
598337,00411,43.0
598338,00411,56.0
598339,00411,60.0
598340,00411,149.0
598341,00411,171.0
599007,00411,111.0
599009,00411,34.0
599039,00411,132.0
599040,00411,64.0
599041,00411,47.0
599042,00411,56.0
599044,00411,30.0
599045,00411,30.0
599047,00411,34.0
599048,00411,64.0
599049,00411,76.0
599068,00411,77.0
599288,00411,38.0
599289,00411,35.0
600052,00411,30.0
600055,00411,51.0
60055,00411,37.0
60056,00411,33.0
600589,00411,98.0
600594,00411,750.0
600595,00411,1259.0
600596,00411,60.0
600598,00411,106.0
601161,00411,38.0
601166,00411,60.0
601167,00411,55.0
601168,00411,60.0
601169,00411,34.0
601170,00411,34.0
60151,00411,47.0
60152,00411,59.0
601684,00411,34.0
601920,00411,42.0
602803,00411,30.0
602804,00411,34.0
603732,00411,60.0
603733,00411,60.0
603736,00411,60.0
6079,00411,114.0
6095,00411,54.0
615,00411,40.0
61722,00411,58.0
6189,00411,33.0
6191,00411,30.0
62074,00411,114.0
62075,00411,60.0
62077,00411,112.0
62078,00411,104.0
62673,00411,60.0
62729,00411,64.0
63322,00411,30.0
63371,00411,49.0
63453,00411,86.0
63455,00411,30.0
6361,00411,44.0
63733,00411,75.0
63734,00411,60.0
63735,00411,30.0
63854,00411,30.0
63856,00411,30.0
63858,00411,30.0
6391,00411,60.0
64048,00411,527.0
64808,00411,59.0
65111,00411,32.0
65223,00411,30.0
6542,00411,180.0
65816,00411,30.0
66365,00411,30.0
66369,00411,30.0
6654,00411,30.0
66554,00411,34.0
6656,00411,756.0
66728,00411,98.0
66802,00411,47.0
66803,00411,39.0
66925,00411,77.0
66932,00411,140.0
66938,00411,100.0
6719,00411,30.0
6772,00411,38.0
6802,00411,30.0
68085,00411,30.0
68192,00411,30.0
685,00411,1755.0
68716,00411,75.0
68987,00411,60.0
691,00411,298.0
70167,00411,124.0
70599,00411,47.0
71045,00411,30.0
71442,00411,34.0
7194,00411,52.0
72240,00411,69.0
72443,00411,43.0
72526,00411,186.0
72527,00411,34.0
74093,00411,30.0
74095,00411,30.0
74318,00411,52.0
74330,00411,30.0
74478,00411,34.0
75048,00411,321.0
7566,00411,145.0
76360,00411,128.0
76572,00411,46.0
76699,00411,60.0
77057,00411,48.0
77702,00411,61.0
77989,00411,65.0
78366,00411,72.0
78816,00411,38.0
7922,00411,30.0
79342,00411,30.0
79541,00411,30.0
7959,00411,55.0
79638,00411,568.0
80341,00411,63.0
80817,00411,30.0
80864,00411,73.0
80867,00411,59.0
80941,00411,46.0
8097,00411,30.0
81276,00411,56.0
817,00411,89.0
81830,00411,66.0
81883,00411,56.0
81884,00411,42.0
820,00411,81.0
82909,00411,34.0
83062,00411,56.0
83079,00411,38.0
83116,00411,38.0
83140,00411,30.0
83354,00411,35.0
83356,00411,30.0
83358,00411,31.0
83552,00411,64.0
83554,00411,57.0
83558,00411,53.0
83560,00411,60.0
83561,00411,60.0
84752,00411,101.0
84754,00411,60.0
84757,00411,30.0
8483,00411,369.0
84853,00411,56.0
85449,00411,51.0
85860,00411,555.0
85982,00411,30.0
85984,00411,30.0
85985,00411,30.0
86020,00411,30.0
86458,00411,57.0
86556,00411,34.0
86767,00411,48.0
86992,00411,30.0
87000,00411,83.0
87001,00411,60.0
87054,00411,38.0
87067,00411,30.0
87246,00411,30.0
87442,00411,30.0
875,00411,460.0
88266,00411,86.0
888,00411,129.0
88861,00411,34.0
88983,00411,67.0
89405,00411,150.0
90141,00411,52.0
90163,00411,252.0
905,00411,60.0
9070,00411,30.0
9090,00411,215.0
91214,00411,200.0
92894,00411,30.0
92895,00411,30.0
92899,00411,30.0
92900,00411,30.0
92977,00411,35.0
92982,00411,30.0
92983,00411,30.0
93223,00411,60.0
943,00411,60.0
94331,00411,30.0
944,00411,30.0
94510,00411,96.0
94547,00411,60.0
94642,00411,43.0
94643,00411,34.0
9496,00411,51.0
952,00411,30.0
95392,00411,125.0
9553,00411,33.0
95770,00411,130.0
96146,00411,30.0
96147,00411,33.0
96294,00411,202.0
97146,00411,31.0
972,00411,30.0
97240,00411,34.0
98261,00411,68.0
98467,00411,57.0
98560,00411,392.0
98616,00411,55.0
99015,00411,60.0
99381,00411,30.0
99741,00411,59.0
99744,00411,60.0
