SKU,Local,Forecast sumarizado
10019,00005,687.0
10091,00005,658.0
100933,00005,112.0
10112,00005,56.0
101161,00005,120.0
102,00005,93.0
102024,00005,135.0
102878,00005,104.0
102879,00005,122.0
103690,00005,706.0
103814,00005,80.0
103816,00005,111.0
103986,00005,3424.0
104824,00005,56.0
10523,00005,123.0
10524,00005,286.0
105314,00005,175.0
10547,00005,124.0
10714,00005,176.0
10735,00005,12829.0
10736,00005,1374.0
10737,00005,293.0
10796,00005,407.0
10887,00005,388.0
10888,00005,64.0
10949,00005,56.0
10952,00005,101.0
109602,00005,444.0
11017,00005,56.0
110363,00005,154.0
110499,00005,72.0
110558,00005,216.0
110559,00005,120.0
110560,00005,107.0
111179,00005,80.0
11266,00005,80.0
113487,00005,69.0
113618,00005,40485.0
113928,00005,56.0
114007,00005,466.0
115511,00005,112.0
116558,00005,72.0
116731,00005,56.0
116768,00005,1482.0
116769,00005,636.0
117046,00005,120.0
11776,00005,113.0
118087,00005,108.0
118771,00005,112.0
119367,00005,120.0
119595,00005,56.0
119779,00005,125.0
119986,00005,120.0
120004,00005,535.0
120006,00005,216.0
120990,00005,256.0
120991,00005,88.0
121868,00005,112.0
121872,00005,217.0
122178,00005,10201.0
122807,00005,120.0
125550,00005,234.0
125669,00005,1074.0
125671,00005,738.0
126180,00005,100.0
126192,00005,2372.0
126196,00005,5450.0
126244,00005,228.0
1283,00005,205.0
12837,00005,83.0
130184,00005,248.0
131131,00005,2713.0
13121,00005,194.0
131281,00005,168.0
131674,00005,56.0
131904,00005,238.0
13285,00005,112.0
134156,00005,104.0
135286,00005,761.0
135711,00005,361.0
135712,00005,460.0
136398,00005,56.0
136718,00005,38883.0
13673,00005,56.0
137741,00005,116.0
137748,00005,102.0
1392,00005,162.0
1393,00005,278.0
14006,00005,56.0
140643,00005,223.0
140816,00005,128.0
140900,00005,145.0
140901,00005,4745.0
140965,00005,181.0
141,00005,179.0
141139,00005,88.0
1414,00005,56.0
144061,00005,120.0
145882,00005,56.0
146409,00005,56.0
148051,00005,73.0
14814,00005,64.0
148177,00005,553.0
149096,00005,115.0
149652,00005,72.0
150419,00005,89.0
150420,00005,80.0
150866,00005,192.0
151530,00005,60.0
151682,00005,109.0
151683,00005,112.0
152036,00005,712.0
15257,00005,112.0
153396,00005,56.0
153671,00005,303.0
1537,00005,151.0
153730,00005,225.0
153733,00005,218.0
15434,00005,255.0
156174,00005,56.0
157653,00005,112.0
158119,00005,96.0
160552,00005,56.0
165,00005,3381.0
1656,00005,111.0
168477,00005,145.0
168942,00005,56.0
168973,00005,64.0
170290,00005,56.0
1703,00005,1538.0
170323,00005,140.0
170327,00005,440.0
1717,00005,112.0
172029,00005,2395.0
172403,00005,120.0
17245,00005,461.0
172968,00005,526.0
17422,00005,368.0
17426,00005,983.0
17428,00005,56.0
17437,00005,2276.0
174923,00005,104.0
175066,00005,80.0
175067,00005,64.0
175598,00005,112.0
175600,00005,64.0
17665,00005,1572.0
17680,00005,1462.0
17684,00005,1089.0
1788,00005,322.0
180738,00005,175.0
181470,00005,56.0
181501,00005,461.0
181503,00005,96.0
181886,00005,56.0
182940,00005,215.0
182941,00005,208.0
182943,00005,239.0
183158,00005,64.0
183398,00005,116.0
185,00005,1366.0
186096,00005,168.0
186097,00005,128.0
186615,00005,112.0
18869,00005,248.0
18873,00005,56.0
18874,00005,184.0
18892,00005,57.0
18896,00005,77.0
190,00005,2278.0
190996,00005,65.0
192620,00005,6924.0
192774,00005,56.0
192833,00005,232.0
192835,00005,159.0
193031,00005,64.0
19312,00005,56.0
193926,00005,56.0
194662,00005,72.0
194665,00005,159.0
194667,00005,65.0
194669,00005,132.0
195295,00005,1337.0
195296,00005,688.0
196549,00005,66.0
19702,00005,56.0
197305,00005,4528.0
197803,00005,60.0
198107,00005,72.0
198138,00005,121.0
19922,00005,133.0
19923,00005,105.0
201199,00005,729.0
201233,00005,56.0
204107,00005,56.0
204795,00005,224.0
207528,00005,60.0
208101,00005,90.0
208556,00005,112.0
210517,00005,164.0
21117,00005,117.0
211797,00005,15473.0
2136,00005,56.0
214740,00005,64.0
216538,00005,354.0
216599,00005,117.0
216601,00005,72.0
216604,00005,142.0
21759,00005,264.0
217756,00005,56.0
217757,00005,56.0
218058,00005,8115.0
21814,00005,542.0
219321,00005,169.0
219322,00005,85.0
219966,00005,919.0
219973,00005,188.0
219991,00005,701.0
220077,00005,56.0
220080,00005,56.0
220085,00005,79.0
220264,00005,166.0
220266,00005,119.0
220344,00005,96.0
220573,00005,120.0
220574,00005,177.0
221258,00005,12911.0
22362,00005,77.0
22364,00005,106.0
225277,00005,70.0
225649,00005,125.0
225650,00005,81.0
225651,00005,112.0
226190,00005,160.0
226292,00005,56.0
226679,00005,56.0
226892,00005,159.0
22787,00005,56.0
22802,00005,120.0
22867,00005,15317.0
230318,00005,56.0
230319,00005,56.0
233,00005,753.0
236617,00005,213.0
2378,00005,133.0
238501,00005,101.0
238503,00005,103.0
24233,00005,317.0
24238,00005,208.0
244439,00005,64.0
2494,00005,565.0
249503,00005,139.0
249801,00005,171.0
251225,00005,112.0
252436,00005,105.0
252441,00005,64.0
252994,00005,65.0
253498,00005,334.0
256756,00005,150.0
25879,00005,5600.0
259719,00005,56.0
2617,00005,380.0
261900,00005,104.0
26220,00005,56.0
262437,00005,56.0
262438,00005,112.0
262811,00005,335.0
264068,00005,56.0
264363,00005,88.0
2644,00005,145.0
264904,00005,207.0
265034,00005,121.0
265174,00005,56.0
266334,00005,80.0
266335,00005,204.0
266336,00005,112.0
266407,00005,152.0
267335,00005,722.0
267336,00005,582.0
267561,00005,56.0
272016,00005,120.0
27343,00005,175.0
274088,00005,271.0
274129,00005,204.0
274130,00005,80.0
274131,00005,184.0
274132,00005,168.0
274587,00005,56.0
274594,00005,56.0
274801,00005,544.0
275049,00005,56.0
275701,00005,833.0
275892,00005,172.0
275893,00005,166.0
278255,00005,64.0
279557,00005,94.0
281387,00005,112.0
281389,00005,56.0
28303,00005,12034.0
285375,00005,205.0
285381,00005,174.0
285389,00005,482.0
285929,00005,56.0
286550,00005,96.0
286646,00005,112.0
286647,00005,82.0
287459,00005,60.0
287475,00005,2298.0
287629,00005,78.0
287638,00005,56.0
288718,00005,418.0
288731,00005,112.0
288733,00005,112.0
288747,00005,240.0
288749,00005,362.0
288758,00005,655.0
288909,00005,109.0
288910,00005,112.0
289879,00005,56.0
289964,00005,205.0
29034,00005,119.0
290523,00005,192.0
291029,00005,181.0
291248,00005,204.0
291708,00005,104.0
292819,00005,468.0
292973,00005,104.0
294852,00005,199.0
294908,00005,60.0
295341,00005,559.0
296046,00005,120.0
296047,00005,120.0
296048,00005,130.0
3,00005,64.0
300269,00005,136.0
301147,00005,432.0
301806,00005,325.0
30316,00005,424.0
305178,00005,96.0
305220,00005,128.0
306915,00005,4517.0
306918,00005,295.0
307039,00005,56.0
307040,00005,112.0
307761,00005,103.0
307762,00005,217.0
308933,00005,114.0
309000,00005,1160.0
309091,00005,352.0
309249,00005,480.0
31025,00005,258.0
31026,00005,156.0
310806,00005,217.0
31135,00005,225.0
312229,00005,142.0
312230,00005,344.0
312285,00005,69.0
312550,00005,56.0
313137,00005,56.0
315490,00005,176.0
315870,00005,168.0
315871,00005,112.0
316218,00005,80.0
320256,00005,789.0
320262,00005,104.0
320282,00005,730.0
321965,00005,97.0
321966,00005,578.0
322105,00005,109.0
322314,00005,56.0
324183,00005,397.0
325807,00005,56.0
326464,00005,56.0
32654,00005,96.0
32661,00005,214.0
32692,00005,7431.0
32746,00005,6097.0
32757,00005,5048.0
3276,00005,112.0
329403,00005,167.0
330173,00005,108.0
330287,00005,1954.0
330826,00005,56.0
332370,00005,56.0
332816,00005,198.0
333109,00005,244.0
333110,00005,162.0
333111,00005,147.0
333112,00005,846.0
333113,00005,974.0
333903,00005,216.0
334253,00005,56.0
334296,00005,203.0
334439,00005,56.0
335462,00005,315.0
335511,00005,480.0
335512,00005,503.0
338270,00005,72.0
339030,00005,174.0
339031,00005,184.0
339192,00005,167.0
339585,00005,71.0
345280,00005,144.0
345481,00005,414.0
346736,00005,112.0
346737,00005,145.0
346738,00005,149.0
34708,00005,578.0
347140,00005,126.0
34726,00005,232.0
347439,00005,194.0
34808,00005,56.0
34809,00005,56.0
34810,00005,120.0
34812,00005,168.0
34813,00005,112.0
350274,00005,56.0
350713,00005,98.0
351576,00005,310.0
352018,00005,40975.0
353169,00005,1685.0
354150,00005,2003.0
354327,00005,72.0
355029,00005,112.0
355350,00005,355.0
35652,00005,103.0
357486,00005,348.0
357550,00005,56.0
35873,00005,144.0
359766,00005,121.0
360128,00005,56.0
360323,00005,134.0
360938,00005,4724.0
3610,00005,56.0
361027,00005,56.0
36124,00005,295.0
361268,00005,164.0
361957,00005,82.0
362032,00005,56.0
362129,00005,104.0
36418,00005,200.0
365658,00005,286.0
365958,00005,504.0
366927,00005,112.0
367471,00005,1115.0
367482,00005,56.0
368517,00005,529.0
368732,00005,390.0
368923,00005,56.0
369247,00005,323.0
369249,00005,325.0
369250,00005,95.0
369251,00005,104.0
36948,00005,185.0
370187,00005,241.0
370589,00005,72.0
371670,00005,348.0
371679,00005,335.0
371681,00005,720.0
371689,00005,64.0
373988,00005,117.0
373989,00005,64.0
3742,00005,72.0
375056,00005,56.0
376109,00005,56.0
376110,00005,104.0
376111,00005,82.0
37661,00005,319.0
378890,00005,230.0
379514,00005,143.0
379688,00005,56.0
379745,00005,56.0
380952,00005,172.0
380953,00005,123.0
380954,00005,206.0
380955,00005,115.0
380957,00005,109.0
383019,00005,56.0
383387,00005,238.0
383415,00005,203.0
383416,00005,617.0
383504,00005,251.0
384836,00005,81.0
384842,00005,112.0
384958,00005,179.0
385301,00005,17257.0
387628,00005,738.0
38827,00005,144.0
38828,00005,142.0
388723,00005,168.0
388724,00005,64.0
388770,00005,112.0
388771,00005,176.0
38889,00005,889.0
389772,00005,282.0
391044,00005,72.0
391517,00005,163.0
391602,00005,168.0
391603,00005,172.0
39176,00005,82.0
392418,00005,88.0
392555,00005,56.0
392613,00005,490.0
392614,00005,182.0
392615,00005,2439.0
393207,00005,56.0
394198,00005,73.0
395257,00005,4391.0
395258,00005,4190.0
395300,00005,1104.0
395636,00005,104.0
395672,00005,447.0
396569,00005,72.0
396570,00005,113.0
396583,00005,61.0
396585,00005,112.0
398380,00005,111.0
398381,00005,124.0
398514,00005,216.0
398596,00005,392.0
399331,00005,81.0
399637,00005,187.0
399638,00005,179.0
400124,00005,72.0
400125,00005,526.0
400931,00005,128.0
402587,00005,267.0
402588,00005,1796.0
402589,00005,266.0
402590,00005,263.0
402591,00005,547.0
402994,00005,56.0
405687,00005,104.0
406704,00005,104.0
406705,00005,214.0
406708,00005,112.0
406768,00005,96.0
406771,00005,128.0
406910,00005,71.0
406914,00005,307.0
407022,00005,112.0
407046,00005,72.0
407570,00005,64.0
408238,00005,248.0
408442,00005,303.0
408510,00005,6271.0
408671,00005,170.0
408672,00005,209.0
4088,00005,91.0
40973,00005,451.0
409902,00005,192.0
409905,00005,1122.0
409908,00005,592.0
409909,00005,368.0
411545,00005,823.0
411600,00005,275.0
412161,00005,18680.0
412592,00005,56.0
41287,00005,621.0
414490,00005,520.0
414887,00005,64.0
414888,00005,64.0
415372,00005,162.0
415408,00005,258.0
415410,00005,88.0
415753,00005,6837.0
416860,00005,338.0
417143,00005,64.0
418273,00005,460.0
418943,00005,104.0
419072,00005,231.0
419073,00005,367.0
419163,00005,128.0
419164,00005,64.0
419464,00005,9635.0
419559,00005,121.0
419840,00005,671.0
421273,00005,593.0
421274,00005,1342.0
422480,00005,116.0
422610,00005,85.0
422611,00005,104.0
423953,00005,104.0
423980,00005,72.0
424195,00005,65.0
424207,00005,120.0
424210,00005,112.0
424559,00005,104.0
424560,00005,112.0
424610,00005,176.0
424670,00005,207.0
424672,00005,112.0
424739,00005,16199.0
424783,00005,152.0
424784,00005,143.0
424827,00005,264.0
42864,00005,139.0
430506,00005,850.0
430574,00005,679.0
430969,00005,11887.0
431265,00005,499.0
431267,00005,1295.0
43988,00005,56.0
440269,00005,72.0
440270,00005,56.0
440642,00005,96.0
440643,00005,72.0
440645,00005,56.0
441012,00005,228.0
441121,00005,113.0
441125,00005,129.0
441126,00005,72.0
441131,00005,96.0
441132,00005,61.0
441151,00005,56.0
441388,00005,56.0
441394,00005,104.0
441395,00005,64.0
447545,00005,112.0
447594,00005,747.0
447601,00005,112.0
448547,00005,136.0
448552,00005,80.0
448634,00005,354.0
448848,00005,244.0
448849,00005,914.0
448850,00005,4003.0
449064,00005,679.0
449299,00005,1194.0
449300,00005,305.0
449316,00005,56.0
449486,00005,216.0
449850,00005,56.0
449968,00005,133.0
449969,00005,117.0
450061,00005,64.0
450298,00005,42268.0
450573,00005,120.0
450575,00005,124.0
450583,00005,185.0
450584,00005,375.0
450596,00005,6289.0
450970,00005,189.0
451029,00005,184.0
451132,00005,6288.0
451148,00005,813.0
451163,00005,11608.0
451337,00005,4612.0
451338,00005,1127.0
451397,00005,112.0
452371,00005,112.0
453094,00005,4358.0
453329,00005,188.0
453573,00005,104.0
453575,00005,157.0
454019,00005,111.0
454020,00005,56.0
454125,00005,211.0
454131,00005,430.0
454525,00005,112.0
454796,00005,56.0
454854,00005,74.0
455105,00005,78.0
455106,00005,124.0
455107,00005,112.0
455108,00005,66.0
455109,00005,122.0
455112,00005,160.0
455113,00005,112.0
455462,00005,116.0
455463,00005,87.0
455464,00005,96.0
455467,00005,125.0
455468,00005,96.0
455469,00005,112.0
455520,00005,168.0
455522,00005,74.0
455523,00005,85.0
455524,00005,118.0
455525,00005,72.0
45642,00005,9922.0
45643,00005,12042.0
45644,00005,959.0
45645,00005,910.0
456564,00005,72.0
457052,00005,260.0
457059,00005,2500.0
457060,00005,784.0
457330,00005,80.0
457683,00005,1415.0
458187,00005,127.0
458189,00005,154.0
458235,00005,311.0
458236,00005,513.0
4589,00005,59.0
4596,00005,72.0
459765,00005,70.0
460589,00005,56.0
462618,00005,2086.0
46282,00005,175.0
462965,00005,1241.0
462990,00005,290.0
463053,00005,112.0
463448,00005,183.0
463450,00005,376.0
463451,00005,431.0
463452,00005,228.0
464114,00005,250.0
464118,00005,335.0
466270,00005,2180.0
466271,00005,2875.0
46691,00005,56.0
467540,00005,199.0
468054,00005,122.0
469084,00005,120.0
469174,00005,96.0
469311,00005,96.0
469339,00005,120.0
469371,00005,99.0
4697,00005,56.0
469833,00005,260.0
469902,00005,112.0
469933,00005,136.0
470119,00005,104.0
470121,00005,113.0
470122,00005,133.0
470123,00005,71.0
470459,00005,64.0
471326,00005,57.0
471613,00005,1333.0
471614,00005,565.0
471965,00005,187.0
47230,00005,141.0
472991,00005,109.0
474063,00005,119.0
474664,00005,196.0
474665,00005,1651.0
475037,00005,337.0
475592,00005,128.0
475593,00005,334.0
475594,00005,359.0
476159,00005,112.0
476161,00005,99.0
476173,00005,62.0
476175,00005,56.0
476210,00005,56.0
476668,00005,120.0
476698,00005,425.0
476799,00005,56.0
476829,00005,56.0
477120,00005,56.0
477218,00005,1054.0
477219,00005,230.0
477222,00005,246.0
477224,00005,296.0
477225,00005,120.0
477226,00005,489.0
477227,00005,240.0
477229,00005,135.0
477658,00005,105.0
477661,00005,72.0
477662,00005,112.0
477894,00005,587.0
477895,00005,1843.0
477896,00005,1801.0
477897,00005,116.0
477899,00005,112.0
477959,00005,64.0
477966,00005,56.0
478042,00005,64.0
478043,00005,120.0
478044,00005,112.0
478045,00005,64.0
478046,00005,64.0
478535,00005,56.0
478537,00005,112.0
478539,00005,56.0
478542,00005,104.0
478543,00005,64.0
478544,00005,153.0
478655,00005,475.0
479254,00005,103.0
479677,00005,177.0
480358,00005,112.0
480359,00005,88.0
480360,00005,64.0
480829,00005,56.0
480988,00005,112.0
480989,00005,64.0
480990,00005,56.0
480992,00005,104.0
481068,00005,112.0
481087,00005,60.0
481705,00005,58.0
481706,00005,56.0
481928,00005,169.0
482395,00005,56.0
482713,00005,4852.0
483593,00005,287.0
484791,00005,184.0
484821,00005,119.0
485480,00005,1395.0
485485,00005,274.0
4886,00005,56.0
489180,00005,685.0
490870,00005,2619.0
491349,00005,152.0
491844,00005,66.0
491845,00005,105.0
491990,00005,98.0
492030,00005,97.0
492053,00005,112.0
492084,00005,64.0
492099,00005,56.0
492341,00005,64.0
492616,00005,56.0
492617,00005,56.0
492618,00005,59.0
493548,00005,88.0
493601,00005,264.0
493765,00005,56.0
495679,00005,65.0
495680,00005,80.0
495682,00005,160.0
496326,00005,89.0
496569,00005,120.0
496586,00005,56.0
496743,00005,113.0
496972,00005,177.0
496973,00005,258.0
497103,00005,381.0
497250,00005,1044.0
497581,00005,62.0
499114,00005,456.0
499194,00005,203.0
499195,00005,114.0
499548,00005,112.0
499761,00005,80.0
499762,00005,104.0
50,00005,112.0
500196,00005,160.0
500486,00005,103.0
500487,00005,56.0
500682,00005,980.0
500684,00005,102.0
500831,00005,452.0
501237,00005,12495.0
501238,00005,208.0
501239,00005,147.0
501541,00005,592.0
501587,00005,96.0
501588,00005,112.0
501664,00005,451.0
501961,00005,923.0
501962,00005,1613.0
502011,00005,1058.0
502023,00005,11397.0
502027,00005,1427.0
502160,00005,131.0
502165,00005,402.0
502166,00005,171.0
502379,00005,96.0
502382,00005,121.0
502517,00005,427.0
502526,00005,816.0
502528,00005,144.0
502566,00005,216.0
502567,00005,160.0
502647,00005,3256.0
502790,00005,173.0
503000,00005,64.0
503001,00005,96.0
503002,00005,56.0
503598,00005,112.0
503604,00005,72.0
503605,00005,107.0
504349,00005,56.0
505118,00005,112.0
505120,00005,56.0
505474,00005,231.0
505728,00005,96.0
506016,00005,208.0
506020,00005,128.0
506021,00005,184.0
506032,00005,743.0
506339,00005,56.0
506715,00005,117.0
506828,00005,34194.0
506829,00005,217.0
506830,00005,211.0
506831,00005,259.0
506867,00005,1195.0
507101,00005,220.0
507486,00005,190.0
507487,00005,72.0
507945,00005,120.0
508388,00005,112.0
508396,00005,64.0
508421,00005,111.0
508864,00005,56.0
508996,00005,112.0
508998,00005,104.0
509316,00005,64.0
510810,00005,459.0
510898,00005,56.0
511495,00005,108.0
511997,00005,65.0
512102,00005,538.0
512103,00005,165.0
512241,00005,383.0
512242,00005,147.0
512531,00005,112.0
512983,00005,174.0
513147,00005,112.0
513148,00005,56.0
513149,00005,64.0
513231,00005,72.0
513490,00005,273.0
513957,00005,116.0
513958,00005,64.0
513960,00005,127.0
513962,00005,112.0
514080,00005,1158.0
514081,00005,282.0
514117,00005,56.0
514454,00005,571.0
514455,00005,105.0
514456,00005,143.0
514457,00005,170.0
514754,00005,391.0
515000,00005,1237.0
515002,00005,537.0
515003,00005,211.0
515438,00005,108.0
515619,00005,177.0
515621,00005,138.0
515622,00005,112.0
515640,00005,408.0
515902,00005,710.0
516026,00005,129.0
517748,00005,56.0
517784,00005,232.0
517826,00005,56.0
518211,00005,80.0
518212,00005,72.0
518213,00005,56.0
518361,00005,64.0
518362,00005,56.0
518375,00005,120.0
518457,00005,502.0
518596,00005,91.0
519542,00005,56.0
519543,00005,56.0
519544,00005,56.0
519600,00005,1600.0
519632,00005,214.0
519642,00005,104.0
519645,00005,556.0
51965,00005,544.0
519903,00005,56.0
520019,00005,56.0
520078,00005,48320.0
520377,00005,367.0
520379,00005,189.0
520812,00005,128.0
520813,00005,130.0
520881,00005,96.0
521063,00005,112.0
521066,00005,72.0
521067,00005,56.0
523590,00005,109.0
523591,00005,164.0
523593,00005,112.0
523612,00005,275.0
523646,00005,203.0
523647,00005,230.0
523884,00005,307.0
524010,00005,231.0
524212,00005,136.0
524213,00005,120.0
524486,00005,80.0
524488,00005,56.0
524493,00005,136.0
524494,00005,300.0
524501,00005,353.0
525055,00005,64.0
525056,00005,56.0
525057,00005,56.0
525771,00005,112.0
526068,00005,56.0
526070,00005,56.0
526443,00005,392.0
526486,00005,8321.0
527161,00005,117.0
527164,00005,116.0
527165,00005,219.0
527778,00005,138.0
527781,00005,120.0
527786,00005,185.0
527787,00005,104.0
529522,00005,64.0
529668,00005,267.0
529671,00005,794.0
529675,00005,313.0
530475,00005,2405.0
53214,00005,56.0
532695,00005,3323.0
532696,00005,1033.0
53405,00005,56.0
534518,00005,528.0
534519,00005,117.0
534596,00005,56.0
534597,00005,56.0
534709,00005,56.0
534758,00005,259.0
535442,00005,605.0
535443,00005,305.0
535444,00005,300.0
535445,00005,340.0
535642,00005,186.0
535643,00005,64.0
535681,00005,93.0
536959,00005,120.0
537183,00005,288.0
537184,00005,369.0
541579,00005,89.0
541602,00005,72.0
541867,00005,56.0
541868,00005,56.0
541870,00005,56.0
542455,00005,56.0
542692,00005,736.0
542693,00005,687.0
542695,00005,56.0
542696,00005,211.0
542697,00005,294.0
542698,00005,56.0
542699,00005,103.0
542726,00005,122.0
542727,00005,232.0
542728,00005,1161.0
542729,00005,903.0
543027,00005,113.0
543148,00005,3846.0
543149,00005,614.0
54358,00005,201.0
54359,00005,261.0
544808,00005,468.0
544987,00005,125.0
544991,00005,214.0
545002,00005,489.0
545840,00005,1254.0
546019,00005,195.0
546020,00005,636.0
546109,00005,104.0
546245,00005,707.0
546676,00005,104.0
5478,00005,112.0
549011,00005,56.0
549229,00005,136.0
549230,00005,146.0
549393,00005,112.0
549395,00005,84.0
550003,00005,96.0
550422,00005,204.0
550423,00005,510.0
550424,00005,284.0
550702,00005,730.0
550974,00005,112.0
551925,00005,225.0
552733,00005,118.0
553033,00005,183.0
553034,00005,8021.0
553592,00005,1107.0
553994,00005,231.0
553995,00005,146.0
554806,00005,56.0
555585,00005,56.0
555595,00005,320.0
555596,00005,104.0
555597,00005,251.0
555639,00005,136.0
555677,00005,56.0
555679,00005,549.0
555825,00005,1912.0
555939,00005,639.0
556935,00005,2905.0
557103,00005,198.0
557104,00005,128.0
5574,00005,345.0
557578,00005,218.0
558769,00005,96.0
558771,00005,5896.0
558803,00005,305.0
559386,00005,93.0
559387,00005,56.0
559389,00005,90.0
559396,00005,68.0
559397,00005,56.0
559398,00005,104.0
559402,00005,56.0
560039,00005,192.0
56069,00005,82.0
561099,00005,113.0
561101,00005,154.0
561448,00005,107.0
561670,00005,251.0
562044,00005,208.0
562562,00005,1913.0
562893,00005,88.0
562947,00005,264.0
563180,00005,113.0
563181,00005,76.0
563191,00005,71.0
563203,00005,354.0
563204,00005,340.0
563221,00005,292.0
563657,00005,104.0
564465,00005,176.0
564466,00005,175.0
565186,00005,112.0
565854,00005,2888.0
565855,00005,312.0
565904,00005,129.0
566249,00005,56.0
566250,00005,76.0
566325,00005,2180.0
567255,00005,321.0
567303,00005,120.0
567764,00005,384.0
567765,00005,232.0
567901,00005,876.0
568326,00005,116.0
568330,00005,136.0
568332,00005,96.0
568333,00005,56.0
568334,00005,104.0
568341,00005,66.0
568342,00005,869.0
568629,00005,132.0
569701,00005,4710.0
570089,00005,56.0
570296,00005,64.0
570564,00005,95.0
570729,00005,356.0
571452,00005,56.0
571453,00005,64.0
571455,00005,592.0
571469,00005,290.0
571555,00005,64.0
571559,00005,111.0
571719,00005,69.0
571720,00005,270.0
574903,00005,64.0
574979,00005,88.0
575103,00005,88.0
575104,00005,170.0
575726,00005,168.0
575731,00005,128.0
576205,00005,97.0
576207,00005,362.0
576692,00005,56.0
577406,00005,112.0
578219,00005,336.0
578220,00005,872.0
578305,00005,132.0
578410,00005,329.0
578411,00005,172.0
578412,00005,180.0
578679,00005,58.0
578769,00005,61.0
578813,00005,3955.0
578865,00005,136.0
578866,00005,121.0
579039,00005,207.0
579040,00005,189.0
579041,00005,185.0
579042,00005,165.0
579077,00005,70.0
57951,00005,353.0
57956,00005,444.0
579653,00005,195.0
579972,00005,188.0
580803,00005,1515.0
581143,00005,1715.0
58178,00005,56.0
582288,00005,56.0
582289,00005,97.0
582341,00005,3384.0
582615,00005,478.0
582620,00005,172.0
582677,00005,120.0
582682,00005,79.0
582945,00005,5108.0
582946,00005,351.0
582947,00005,4569.0
582948,00005,5148.0
582949,00005,812.0
583122,00005,56.0
583271,00005,1881.0
583272,00005,247.0
583316,00005,112.0
584926,00005,56.0
584976,00005,84.0
585262,00005,112.0
585347,00005,56.0
586104,00005,643.0
587044,00005,56.0
587045,00005,88.0
587121,00005,108.0
587130,00005,6716.0
587381,00005,112.0
587382,00005,104.0
587383,00005,56.0
587385,00005,56.0
587386,00005,64.0
587397,00005,96.0
587398,00005,239.0
587762,00005,129.0
587764,00005,56.0
587765,00005,56.0
588768,00005,210.0
588769,00005,112.0
588829,00005,438.0
589254,00005,56.0
589273,00005,56.0
589274,00005,56.0
589418,00005,72.0
5897,00005,638.0
5898,00005,760.0
590005,00005,111.0
590177,00005,136.0
590178,00005,136.0
590253,00005,1120.0
590255,00005,441.0
590457,00005,96.0
590798,00005,80.0
590799,00005,289.0
591060,00005,56.0
592599,00005,56.0
593461,00005,432.0
593462,00005,112.0
593463,00005,104.0
593464,00005,520.0
593465,00005,400.0
593466,00005,120.0
593548,00005,112.0
594486,00005,464.0
594761,00005,56.0
594762,00005,64.0
595500,00005,264.0
595672,00005,160.0
595815,00005,152.0
598285,00005,544.0
598286,00005,112.0
598287,00005,192.0
598288,00005,160.0
598547,00005,17208.0
599369,00005,816.0
599393,00005,544.0
599394,00005,192.0
599395,00005,144.0
600096,00005,136.0
600291,00005,208.0
600984,00005,120.0
601127,00005,128.0
6071,00005,56.0
61735,00005,340.0
6232,00005,124.0
6259,00005,64.0
6262,00005,60.0
63009,00005,6058.0
63861,00005,196.0
63862,00005,104.0
6394,00005,80.0
64104,00005,236.0
6431,00005,65.0
651,00005,389.0
65576,00005,1023.0
65724,00005,249.0
6720,00005,107.0
67216,00005,485.0
67225,00005,4574.0
68618,00005,278.0
68786,00005,112.0
68909,00005,778.0
69183,00005,120.0
71765,00005,10910.0
71770,00005,586.0
71773,00005,225.0
71799,00005,64.0
71800,00005,112.0
73022,00005,112.0
73144,00005,56.0
7388,00005,203.0
7390,00005,264.0
7502,00005,56.0
75862,00005,69.0
75952,00005,144.0
77153,00005,112.0
77213,00005,110.0
77215,00005,112.0
77731,00005,64.0
78005,00005,774.0
78864,00005,128.0
78865,00005,139.0
79223,00005,56.0
79448,00005,268.0
79559,00005,297.0
80510,00005,3371.0
80703,00005,150.0
81135,00005,128.0
81136,00005,167.0
8119,00005,165.0
81199,00005,225.0
8135,00005,421.0
81991,00005,64.0
81992,00005,56.0
82411,00005,1124.0
83137,00005,142.0
83309,00005,103.0
85416,00005,120.0
85436,00005,123.0
8576,00005,834.0
85808,00005,56.0
86884,00005,160.0
86886,00005,169.0
86911,00005,112.0
86913,00005,91.0
86914,00005,112.0
87012,00005,160.0
8737,00005,82.0
88,00005,111.0
88567,00005,165.0
88572,00005,136.0
8870,00005,110.0
8871,00005,159.0
89179,00005,112.0
89975,00005,215.0
90052,00005,5951.0
90421,00005,80.0
90447,00005,378.0
90646,00005,141.0
92047,00005,112.0
92912,00005,56.0
92913,00005,56.0
94600,00005,176.0
94601,00005,140.0
94602,00005,224.0
9470,00005,60.0
94931,00005,176.0
94963,00005,615.0
95731,00005,56.0
95732,00005,96.0
95912,00005,56.0
95918,00005,69.0
96377,00005,351.0
96726,00005,137.0
96728,00005,202.0
96729,00005,313.0
96731,00005,108.0
96741,00005,112.0
96909,00005,123.0
96910,00005,56.0
97558,00005,56.0
98865,00005,56.0
98866,00005,91.0
98869,00005,108.0
99008,00005,168.0
99039,00005,2187.0
9935,00005,56.0
99369,00005,70.0
99775,00005,1569.0
9995,00005,56.0
10011,00006,56.0
10019,00006,642.0
10091,00006,893.0
100933,00006,112.0
10112,00006,56.0
101161,00006,342.0
102,00006,108.0
102024,00006,173.0
102034,00006,120.0
102595,00006,90.0
102596,00006,88.0
102844,00006,112.0
102845,00006,96.0
102878,00006,112.0
102879,00006,125.0
103690,00006,1005.0
103814,00006,64.0
103986,00006,1324.0
104823,00006,56.0
104824,00006,96.0
10523,00006,417.0
10524,00006,1943.0
105314,00006,140.0
105426,00006,90.0
105427,00006,90.0
10547,00006,172.0
10691,00006,128.0
10714,00006,509.0
10735,00006,73389.0
10736,00006,8228.0
10737,00006,791.0
10738,00006,3372.0
10796,00006,5696.0
10834,00006,84.0
10882,00006,440.0
10887,00006,2827.0
10888,00006,67.0
10949,00006,56.0
10952,00006,56.0
109602,00006,1006.0
10977,00006,128.0
110363,00006,184.0
110499,00006,56.0
110558,00006,611.0
110559,00006,199.0
110560,00006,273.0
11060,00006,129.0
111179,00006,407.0
11266,00006,151.0
113487,00006,56.0
113618,00006,215327.0
113928,00006,56.0
114007,00006,5302.0
114829,00006,688.0
115511,00006,293.0
116558,00006,136.0
116731,00006,93.0
116735,00006,120.0
116756,00006,56.0
116768,00006,1581.0
116769,00006,1157.0
117046,00006,615.0
11776,00006,222.0
118087,00006,707.0
118771,00006,355.0
119367,00006,307.0
119368,00006,176.0
119391,00006,80.0
119595,00006,148.0
119776,00006,145.0
119779,00006,249.0
119985,00006,56.0
119986,00006,455.0
119990,00006,374.0
119993,00006,563.0
119998,00006,207.0
120004,00006,11817.0
120006,00006,1956.0
120114,00006,95.0
120990,00006,1637.0
120991,00006,468.0
121868,00006,488.0
121869,00006,296.0
121872,00006,799.0
122178,00006,4625.0
123210,00006,112.0
123874,00006,136.0
125529,00006,56.0
125550,00006,293.0
125669,00006,88.0
125671,00006,6448.0
126180,00006,273.0
126192,00006,13639.0
126196,00006,61007.0
126244,00006,488.0
126690,00006,80.0
1283,00006,163.0
12837,00006,56.0
129603,00006,178.0
130184,00006,430.0
131131,00006,10927.0
13121,00006,779.0
131281,00006,508.0
131904,00006,165.0
13285,00006,160.0
133070,00006,72.0
134156,00006,115.0
135286,00006,6097.0
135711,00006,1490.0
135712,00006,2764.0
136398,00006,56.0
136608,00006,128.0
136718,00006,197427.0
13673,00006,56.0
137741,00006,152.0
137748,00006,163.0
1392,00006,210.0
1393,00006,310.0
14006,00006,64.0
140643,00006,763.0
140816,00006,241.0
140900,00006,376.0
140901,00006,9558.0
140965,00006,413.0
141,00006,408.0
141001,00006,117.0
141139,00006,118.0
1414,00006,59.0
144061,00006,415.0
145881,00006,94.0
145882,00006,117.0
148051,00006,120.0
14814,00006,172.0
149096,00006,149.0
149097,00006,209.0
149652,00006,112.0
149653,00006,112.0
150419,00006,64.0
150420,00006,112.0
150866,00006,264.0
151530,00006,271.0
151682,00006,206.0
151683,00006,312.0
152036,00006,590.0
15257,00006,285.0
153396,00006,65.0
153671,00006,2635.0
1537,00006,496.0
153730,00006,1197.0
153733,00006,1954.0
153960,00006,56.0
15434,00006,185.0
154572,00006,56.0
156174,00006,98.0
157653,00006,113.0
158119,00006,168.0
158121,00006,168.0
160552,00006,72.0
160965,00006,56.0
162725,00006,56.0
165,00006,1428.0
1656,00006,352.0
166001,00006,128.0
168477,00006,205.0
168942,00006,112.0
168973,00006,176.0
169814,00006,850.0
170290,00006,56.0
170293,00006,80.0
1703,00006,12327.0
170323,00006,206.0
170327,00006,2023.0
1717,00006,167.0
172029,00006,6233.0
172403,00006,295.0
17245,00006,435.0
172968,00006,1481.0
173245,00006,64.0
17422,00006,360.0
17426,00006,2824.0
17428,00006,56.0
17437,00006,6876.0
174923,00006,476.0
175066,00006,192.0
175067,00006,168.0
175599,00006,104.0
175600,00006,112.0
17665,00006,7575.0
17680,00006,1816.0
17684,00006,803.0
1788,00006,320.0
180738,00006,272.0
181433,00006,161.0
181501,00006,973.0
181503,00006,80.0
181886,00006,177.0
181891,00006,56.0
182565,00006,167.0
182940,00006,298.0
182941,00006,419.0
182943,00006,376.0
183158,00006,120.0
183398,00006,349.0
185,00006,431.0
186096,00006,321.0
186097,00006,191.0
186612,00006,207.0
186615,00006,208.0
18869,00006,281.0
18872,00006,112.0
18873,00006,97.0
18874,00006,428.0
18892,00006,155.0
18896,00006,168.0
189174,00006,56.0
190,00006,2931.0
190729,00006,112.0
190996,00006,157.0
192620,00006,11127.0
192774,00006,56.0
192833,00006,743.0
192835,00006,231.0
193031,00006,120.0
19312,00006,112.0
193926,00006,56.0
194662,00006,239.0
194664,00006,96.0
194665,00006,301.0
194667,00006,79.0
194669,00006,94.0
195295,00006,8990.0
195296,00006,619.0
196549,00006,236.0
19702,00006,88.0
197305,00006,33801.0
197803,00006,64.0
198107,00006,251.0
19922,00006,252.0
19923,00006,128.0
201199,00006,2365.0
201233,00006,56.0
203983,00006,208.0
204107,00006,56.0
204795,00006,261.0
207522,00006,103.0
207528,00006,97.0
208101,00006,181.0
208158,00006,80.0
208556,00006,177.0
210517,00006,354.0
21117,00006,160.0
211797,00006,53565.0
2136,00006,56.0
214323,00006,152.0
216538,00006,455.0
216543,00006,64.0
216599,00006,176.0
216601,00006,112.0
216604,00006,120.0
217435,00006,117.0
21759,00006,2436.0
217756,00006,171.0
217757,00006,85.0
21790,00006,72.0
218058,00006,43357.0
21814,00006,1036.0
219321,00006,252.0
219322,00006,112.0
219966,00006,3331.0
219973,00006,1207.0
219991,00006,2851.0
220077,00006,198.0
220080,00006,66.0
220082,00006,168.0
220085,00006,144.0
220264,00006,330.0
220266,00006,133.0
220343,00006,152.0
220344,00006,224.0
220495,00006,245.0
220573,00006,189.0
220574,00006,234.0
221258,00006,54692.0
221652,00006,56.0
221809,00006,56.0
222210,00006,113.0
22362,00006,114.0
225647,00006,99.0
225649,00006,294.0
225650,00006,152.0
225651,00006,154.0
226190,00006,532.0
226292,00006,144.0
226679,00006,103.0
22787,00006,56.0
22802,00006,248.0
22867,00006,41462.0
230318,00006,56.0
230319,00006,88.0
23122,00006,85.0
231777,00006,96.0
233,00006,506.0
236617,00006,193.0
237231,00006,120.0
237309,00006,300.0
2378,00006,317.0
238501,00006,252.0
238503,00006,310.0
238529,00006,114.0
24015,00006,64.0
240506,00006,158.0
24233,00006,775.0
24238,00006,445.0
243974,00006,160.0
243977,00006,160.0
244439,00006,128.0
248686,00006,56.0
248800,00006,360.0
249157,00006,72.0
249159,00006,88.0
2494,00006,917.0
249503,00006,208.0
249800,00006,186.0
249801,00006,226.0
252436,00006,275.0
252440,00006,129.0
252441,00006,390.0
252994,00006,113.0
253498,00006,688.0
25663,00006,785.0
256756,00006,1118.0
25835,00006,120.0
25836,00006,224.0
25839,00006,136.0
25879,00006,70620.0
259431,00006,209.0
259433,00006,112.0
259719,00006,64.0
2617,00006,1114.0
261900,00006,233.0
26220,00006,65.0
262437,00006,112.0
262438,00006,125.0
262459,00006,178.0
262811,00006,118.0
263213,00006,101.0
26330,00006,104.0
263750,00006,56.0
263751,00006,56.0
263825,00006,189.0
264068,00006,64.0
264337,00006,128.0
264341,00006,311.0
264347,00006,112.0
264353,00006,145.0
264363,00006,168.0
264364,00006,128.0
264365,00006,168.0
2644,00006,237.0
264904,00006,226.0
265034,00006,778.0
265174,00006,112.0
266334,00006,457.0
266335,00006,1356.0
266336,00006,810.0
266407,00006,192.0
267335,00006,872.0
267336,00006,669.0
267384,00006,176.0
267561,00006,144.0
267923,00006,120.0
271088,00006,56.0
272016,00006,819.0
272466,00006,120.0
272468,00006,112.0
27343,00006,251.0
273741,00006,176.0
274088,00006,323.0
274129,00006,383.0
274130,00006,291.0
274131,00006,487.0
274132,00006,271.0
274594,00006,56.0
274801,00006,3936.0
275701,00006,1070.0
275892,00006,475.0
275893,00006,759.0
275894,00006,168.0
278255,00006,119.0
27837,00006,102.0
279557,00006,69.0
280426,00006,56.0
280495,00006,56.0
28091,00006,56.0
28303,00006,120348.0
283297,00006,168.0
285375,00006,212.0
285381,00006,457.0
285389,00006,979.0
285929,00006,68.0
285931,00006,56.0
286550,00006,128.0
286646,00006,60.0
286647,00006,107.0
287459,00006,89.0
287475,00006,3834.0
287629,00006,112.0
287638,00006,115.0
288718,00006,549.0
288731,00006,184.0
288733,00006,504.0
288747,00006,1311.0
288749,00006,867.0
288750,00006,180.0
288758,00006,794.0
288909,00006,263.0
288910,00006,368.0
289573,00006,84.0
289840,00006,121.0
289879,00006,94.0
289964,00006,199.0
29034,00006,180.0
290523,00006,1580.0
291029,00006,168.0
291248,00006,594.0
291708,00006,219.0
292443,00006,344.0
292819,00006,677.0
292973,00006,86.0
294852,00006,3472.0
294908,00006,99.0
295341,00006,415.0
296046,00006,167.0
296047,00006,385.0
296048,00006,350.0
298931,00006,152.0
299327,00006,124.0
3,00006,69.0
300269,00006,168.0
301147,00006,363.0
301806,00006,314.0
30316,00006,1408.0
305178,00006,97.0
305220,00006,248.0
306915,00006,4291.0
306918,00006,4196.0
307039,00006,213.0
307040,00006,428.0
307761,00006,186.0
307762,00006,891.0
308933,00006,122.0
309000,00006,1223.0
309091,00006,928.0
309249,00006,787.0
31025,00006,172.0
31026,00006,489.0
310806,00006,223.0
311186,00006,120.0
31135,00006,1395.0
312229,00006,239.0
312230,00006,253.0
312285,00006,115.0
312550,00006,88.0
312758,00006,140.0
313137,00006,97.0
314481,00006,226.0
314515,00006,168.0
314877,00006,112.0
315378,00006,56.0
31546,00006,120.0
315490,00006,472.0
315870,00006,540.0
315871,00006,250.0
316218,00006,152.0
319871,00006,72.0
320256,00006,1663.0
320262,00006,184.0
320282,00006,497.0
321704,00006,64.0
321965,00006,286.0
321966,00006,939.0
322105,00006,195.0
322132,00006,128.0
322314,00006,56.0
32269,00006,112.0
324183,00006,1057.0
325807,00006,112.0
32650,00006,98.0
32654,00006,56.0
32661,00006,112.0
32692,00006,5128.0
32746,00006,311.0
32757,00006,1697.0
3276,00006,203.0
329403,00006,405.0
330173,00006,142.0
330287,00006,12460.0
330825,00006,64.0
330826,00006,64.0
330827,00006,104.0
331696,00006,56.0
332816,00006,178.0
33299,00006,120.0
333109,00006,553.0
333110,00006,221.0
333111,00006,200.0
333112,00006,744.0
333113,00006,1060.0
333989,00006,56.0
334253,00006,64.0
334296,00006,223.0
334438,00006,64.0
334439,00006,56.0
335334,00006,60.0
335462,00006,1505.0
335511,00006,763.0
335512,00006,881.0
337937,00006,184.0
338270,00006,226.0
338408,00006,160.0
338410,00006,112.0
338411,00006,136.0
338412,00006,56.0
339030,00006,490.0
339031,00006,176.0
339192,00006,1623.0
339585,00006,183.0
339836,00006,88.0
342258,00006,64.0
344336,00006,153.0
345280,00006,451.0
345481,00006,690.0
34644,00006,120.0
346736,00006,262.0
346737,00006,232.0
346738,00006,256.0
34708,00006,1063.0
347140,00006,237.0
34726,00006,708.0
347438,00006,1062.0
347439,00006,421.0
347440,00006,494.0
34808,00006,151.0
34809,00006,100.0
34810,00006,144.0
34812,00006,203.0
34813,00006,341.0
349159,00006,145.0
349358,00006,72.0
350274,00006,56.0
350405,00006,96.0
350572,00006,56.0
350713,00006,137.0
351576,00006,698.0
352018,00006,15160.0
353169,00006,1563.0
353600,00006,85.0
353710,00006,56.0
353865,00006,107.0
353866,00006,104.0
353906,00006,83.0
354150,00006,7040.0
354325,00006,109.0
354326,00006,175.0
354327,00006,141.0
355029,00006,250.0
355350,00006,144.0
35652,00006,61.0
357485,00006,112.0
357486,00006,682.0
357550,00006,56.0
35873,00006,149.0
359766,00006,345.0
360323,00006,252.0
360351,00006,136.0
360415,00006,72.0
360701,00006,88.0
360938,00006,24193.0
3610,00006,146.0
361027,00006,56.0
361218,00006,125.0
36124,00006,741.0
361268,00006,208.0
361957,00006,232.0
362032,00006,56.0
362129,00006,113.0
36418,00006,264.0
365658,00006,1881.0
365958,00006,368.0
366927,00006,188.0
367471,00006,2883.0
367482,00006,56.0
368517,00006,785.0
368732,00006,491.0
368923,00006,151.0
369247,00006,6107.0
369249,00006,2186.0
369250,00006,201.0
369251,00006,129.0
36948,00006,766.0
370187,00006,678.0
370589,00006,188.0
370590,00006,56.0
371670,00006,649.0
371679,00006,737.0
371681,00006,2001.0
371689,00006,136.0
371690,00006,89.0
373988,00006,172.0
373989,00006,112.0
3742,00006,194.0
375056,00006,93.0
376109,00006,112.0
376110,00006,154.0
376111,00006,311.0
37661,00006,424.0
378890,00006,257.0
379672,00006,117.0
379674,00006,112.0
379688,00006,228.0
379689,00006,103.0
379745,00006,176.0
380952,00006,179.0
380953,00006,121.0
380954,00006,194.0
380955,00006,154.0
380957,00006,89.0
381619,00006,73.0
383387,00006,1847.0
383415,00006,573.0
383416,00006,3303.0
383504,00006,1104.0
384836,00006,112.0
384842,00006,120.0
384958,00006,223.0
385301,00006,54568.0
386528,00006,64.0
386681,00006,192.0
3874,00006,438.0
387628,00006,3411.0
38827,00006,310.0
38828,00006,266.0
388723,00006,799.0
388724,00006,187.0
388770,00006,345.0
388771,00006,496.0
38889,00006,1155.0
388957,00006,56.0
389488,00006,200.0
389695,00006,56.0
389772,00006,1055.0
391044,00006,77.0
391517,00006,347.0
391602,00006,388.0
391603,00006,245.0
39176,00006,144.0
392418,00006,248.0
392555,00006,57.0
392613,00006,1417.0
392614,00006,1159.0
392615,00006,10057.0
393207,00006,56.0
394180,00006,64.0
394196,00006,172.0
394197,00006,56.0
394198,00006,213.0
394975,00006,64.0
395130,00006,112.0
395257,00006,26924.0
395258,00006,5843.0
395300,00006,3857.0
395301,00006,103.0
395636,00006,334.0
395672,00006,1825.0
396569,00006,109.0
396570,00006,112.0
398234,00006,112.0
398380,00006,296.0
398381,00006,304.0
398514,00006,270.0
398596,00006,746.0
399331,00006,164.0
399637,00006,648.0
399638,00006,1338.0
400124,00006,127.0
400125,00006,2051.0
400931,00006,1075.0
400932,00006,184.0
400957,00006,56.0
40253,00006,433.0
402587,00006,330.0
402588,00006,13883.0
402589,00006,236.0
402590,00006,1913.0
402591,00006,717.0
402994,00006,130.0
404959,00006,56.0
405527,00006,254.0
405528,00006,273.0
405529,00006,351.0
405530,00006,267.0
405543,00006,104.0
405685,00006,251.0
405686,00006,214.0
405687,00006,356.0
406702,00006,87.0
406704,00006,304.0
406705,00006,587.0
406708,00006,215.0
406768,00006,169.0
406771,00006,154.0
406828,00006,128.0
406882,00006,72.0
406910,00006,143.0
406914,00006,343.0
407022,00006,606.0
407046,00006,128.0
407059,00006,280.0
407570,00006,112.0
407579,00006,72.0
407665,00006,96.0
408238,00006,315.0
408442,00006,1314.0
408510,00006,7500.0
408671,00006,308.0
408672,00006,370.0
4088,00006,135.0
40973,00006,2713.0
409825,00006,112.0
409902,00006,1193.0
409905,00006,11240.0
409908,00006,2896.0
409909,00006,2040.0
411600,00006,1292.0
412161,00006,43546.0
412592,00006,85.0
412594,00006,56.0
41287,00006,2730.0
414073,00006,56.0
414490,00006,2444.0
414553,00006,81.0
414886,00006,77.0
414887,00006,237.0
414888,00006,175.0
414959,00006,112.0
414960,00006,160.0
415372,00006,421.0
415410,00006,183.0
415586,00006,56.0
415753,00006,1148.0
416860,00006,319.0
417143,00006,163.0
418273,00006,1117.0
418943,00006,566.0
41902,00006,137.0
419041,00006,232.0
419072,00006,179.0
419073,00006,1302.0
419143,00006,104.0
419163,00006,557.0
419164,00006,173.0
419464,00006,16561.0
419559,00006,843.0
419840,00006,7105.0
421273,00006,2413.0
421274,00006,1714.0
422610,00006,137.0
422611,00006,58.0
423953,00006,145.0
423960,00006,104.0
423961,00006,128.0
423979,00006,88.0
423980,00006,136.0
424010,00006,64.0
424011,00006,112.0
424100,00006,112.0
424195,00006,254.0
424198,00006,334.0
424207,00006,362.0
424210,00006,200.0
424245,00006,152.0
424446,00006,471.0
424448,00006,710.0
424559,00006,189.0
424560,00006,271.0
424567,00006,136.0
424569,00006,120.0
424571,00006,109.0
424610,00006,462.0
424669,00006,96.0
424670,00006,365.0
424672,00006,185.0
424716,00006,152.0
424719,00006,200.0
424739,00006,28004.0
424783,00006,641.0
424784,00006,528.0
424827,00006,670.0
42864,00006,190.0
430506,00006,4698.0
430574,00006,6088.0
430969,00006,63621.0
431265,00006,283.0
431267,00006,1277.0
4380,00006,128.0
43988,00006,152.0
440269,00006,159.0
440270,00006,128.0
440276,00006,112.0
440641,00006,112.0
440642,00006,449.0
440643,00006,286.0
440644,00006,121.0
440645,00006,158.0
440646,00006,104.0
441012,00006,600.0
441121,00006,229.0
441125,00006,287.0
441126,00006,152.0
441131,00006,236.0
441132,00006,225.0
441151,00006,72.0
441388,00006,72.0
441394,00006,208.0
441395,00006,96.0
441462,00006,111.0
4430,00006,56.0
447545,00006,287.0
447594,00006,1011.0
447601,00006,144.0
448547,00006,184.0
448552,00006,226.0
448634,00006,1575.0
448704,00006,64.0
448705,00006,120.0
448848,00006,1456.0
448849,00006,4252.0
448850,00006,5013.0
448963,00006,112.0
449064,00006,419.0
449285,00006,112.0
449292,00006,136.0
449299,00006,4453.0
449300,00006,1664.0
449316,00006,79.0
449374,00006,112.0
449486,00006,263.0
449850,00006,82.0
449968,00006,312.0
449969,00006,155.0
450061,00006,218.0
450298,00006,83761.0
450573,00006,167.0
450575,00006,199.0
450582,00006,133.0
450583,00006,277.0
450584,00006,656.0
450587,00006,290.0
450596,00006,6102.0
450970,00006,968.0
451029,00006,112.0
451132,00006,9627.0
451148,00006,1678.0
451156,00006,119.0
451157,00006,125.0
451163,00006,10638.0
451337,00006,7522.0
451338,00006,1331.0
451397,00006,394.0
452371,00006,415.0
453094,00006,26002.0
453329,00006,418.0
453454,00006,232.0
453458,00006,72.0
453573,00006,226.0
453575,00006,156.0
454019,00006,64.0
454020,00006,57.0
454125,00006,280.0
454131,00006,2358.0
454525,00006,83.0
454796,00006,64.0
454820,00006,358.0
454854,00006,88.0
455105,00006,104.0
455106,00006,112.0
455107,00006,239.0
455108,00006,134.0
455109,00006,116.0
455112,00006,238.0
455113,00006,115.0
455452,00006,78.0
455453,00006,93.0
455454,00006,59.0
455458,00006,72.0
455462,00006,127.0
455463,00006,56.0
455464,00006,56.0
455467,00006,184.0
455468,00006,56.0
455469,00006,112.0
455520,00006,244.0
455522,00006,64.0
455523,00006,87.0
455524,00006,174.0
455525,00006,121.0
45642,00006,22005.0
45643,00006,15411.0
45644,00006,1674.0
45645,00006,7915.0
456473,00006,56.0
457052,00006,180.0
457059,00006,6588.0
457060,00006,4264.0
457330,00006,112.0
457592,00006,56.0
457593,00006,56.0
457683,00006,5754.0
458172,00006,56.0
458174,00006,126.0
458180,00006,81.0
458187,00006,120.0
458189,00006,80.0
458235,00006,323.0
458236,00006,334.0
459300,00006,104.0
459391,00006,176.0
459392,00006,218.0
4596,00006,136.0
459765,00006,149.0
462098,00006,88.0
462099,00006,112.0
462100,00006,128.0
462101,00006,136.0
462618,00006,869.0
46282,00006,273.0
462965,00006,2712.0
462990,00006,834.0
463053,00006,261.0
463417,00006,112.0
463448,00006,1196.0
463450,00006,1597.0
463451,00006,1180.0
463452,00006,797.0
463649,00006,72.0
463650,00006,114.0
464114,00006,590.0
464118,00006,966.0
464664,00006,80.0
466270,00006,4297.0
466271,00006,10674.0
46691,00006,114.0
466939,00006,56.0
467540,00006,222.0
467831,00006,277.0
467832,00006,311.0
467833,00006,492.0
468054,00006,283.0
469062,00006,168.0
469084,00006,280.0
469174,00006,308.0
469311,00006,447.0
469328,00006,112.0
469329,00006,223.0
469339,00006,257.0
469355,00006,128.0
469369,00006,210.0
469371,00006,851.0
4697,00006,128.0
469833,00006,981.0
469902,00006,120.0
469903,00006,120.0
469933,00006,432.0
469937,00006,144.0
469955,00006,112.0
470119,00006,258.0
470121,00006,327.0
470122,00006,145.0
470123,00006,156.0
470224,00006,128.0
470459,00006,246.0
470927,00006,112.0
471326,00006,192.0
471414,00006,120.0
471613,00006,727.0
471614,00006,5610.0
471965,00006,357.0
471966,00006,85.0
47230,00006,108.0
473931,00006,155.0
474063,00006,392.0
474349,00006,61.0
474350,00006,112.0
474664,00006,874.0
474665,00006,6347.0
475037,00006,1197.0
475592,00006,262.0
475593,00006,815.0
475594,00006,614.0
476075,00006,56.0
476159,00006,88.0
476160,00006,63.0
476161,00006,61.0
476162,00006,89.0
476173,00006,56.0
476174,00006,56.0
476210,00006,56.0
476668,00006,242.0
476698,00006,1347.0
476799,00006,446.0
476829,00006,56.0
477120,00006,305.0
477218,00006,1796.0
477219,00006,750.0
477220,00006,88.0
477222,00006,688.0
477223,00006,136.0
477224,00006,581.0
477225,00006,314.0
477226,00006,994.0
477227,00006,853.0
477228,00006,168.0
477229,00006,382.0
477517,00006,128.0
477518,00006,85.0
477658,00006,168.0
477661,00006,152.0
477662,00006,176.0
477784,00006,120.0
477894,00006,1699.0
477895,00006,2490.0
477896,00006,1165.0
477897,00006,311.0
477899,00006,248.0
477966,00006,56.0
478042,00006,129.0
478043,00006,474.0
478044,00006,383.0
478045,00006,120.0
478046,00006,151.0
478051,00006,352.0
478097,00006,822.0
478116,00006,56.0
478118,00006,56.0
478219,00006,1839.0
478534,00006,203.0
478535,00006,208.0
478537,00006,168.0
478539,00006,112.0
478540,00006,120.0
478542,00006,346.0
478543,00006,417.0
478544,00006,679.0
478550,00006,73.0
478655,00006,9354.0
479254,00006,251.0
479371,00006,90.0
479397,00006,108.0
479677,00006,394.0
479807,00006,56.0
480358,00006,112.0
480359,00006,112.0
480360,00006,94.0
480829,00006,64.0
480990,00006,119.0
481068,00006,64.0
481087,00006,109.0
481499,00006,93.0
481500,00006,71.0
481705,00006,117.0
481706,00006,140.0
481838,00006,56.0
481928,00006,169.0
482395,00006,99.0
482713,00006,9082.0
483593,00006,652.0
483992,00006,56.0
484250,00006,112.0
484791,00006,112.0
484821,00006,113.0
485480,00006,8558.0
485485,00006,1818.0
485627,00006,192.0
486304,00006,218.0
489180,00006,541.0
489455,00006,214.0
490870,00006,1698.0
491349,00006,604.0
491438,00006,104.0
491733,00006,180.0
491735,00006,175.0
491844,00006,381.0
491845,00006,778.0
491855,00006,120.0
491856,00006,184.0
491931,00006,136.0
491932,00006,71.0
491933,00006,128.0
491934,00006,127.0
491939,00006,148.0
491940,00006,120.0
491966,00006,120.0
491969,00006,160.0
491971,00006,120.0
491973,00006,113.0
491990,00006,188.0
492030,00006,168.0
492032,00006,112.0
492053,00006,352.0
492082,00006,72.0
492084,00006,86.0
492088,00006,72.0
492099,00006,56.0
492145,00006,104.0
49215,00006,96.0
492224,00006,56.0
492341,00006,109.0
492616,00006,120.0
492617,00006,99.0
492618,00006,114.0
492668,00006,400.0
493203,00006,201.0
493346,00006,168.0
493548,00006,192.0
493601,00006,273.0
495679,00006,160.0
495680,00006,187.0
495682,00006,240.0
496169,00006,64.0
496323,00006,89.0
496326,00006,173.0
496569,00006,112.0
496570,00006,56.0
496586,00006,173.0
496743,00006,230.0
496970,00006,112.0
496972,00006,312.0
496973,00006,455.0
496993,00006,96.0
497250,00006,2369.0
497581,00006,63.0
497630,00006,57.0
499056,00006,56.0
499114,00006,996.0
499125,00006,112.0
499194,00006,522.0
499195,00006,462.0
499256,00006,77.0
499760,00006,92.0
499761,00006,128.0
499762,00006,159.0
499950,00006,56.0
50,00006,122.0
500195,00006,112.0
500196,00006,120.0
500200,00006,56.0
500212,00006,88.0
500213,00006,112.0
500486,00006,244.0
500487,00006,64.0
500682,00006,3334.0
500684,00006,302.0
500685,00006,169.0
500751,00006,56.0
500831,00006,797.0
501030,00006,346.0
501237,00006,53010.0
501238,00006,1123.0
501239,00006,820.0
501541,00006,1126.0
501587,00006,256.0
501588,00006,232.0
501590,00006,112.0
501592,00006,168.0
501664,00006,570.0
501961,00006,1549.0
501962,00006,2163.0
502011,00006,2167.0
502023,00006,14261.0
502027,00006,1250.0
502165,00006,272.0
502379,00006,211.0
502381,00006,120.0
502382,00006,121.0
502517,00006,2541.0
502526,00006,1444.0
502528,00006,221.0
502566,00006,558.0
502647,00006,4491.0
502790,00006,173.0
503,00006,160.0
503000,00006,154.0
503001,00006,231.0
503002,00006,120.0
503003,00006,131.0
503598,00006,320.0
503604,00006,176.0
503605,00006,183.0
503608,00006,104.0
503611,00006,165.0
503612,00006,159.0
503613,00006,112.0
503614,00006,208.0
503870,00006,64.0
504312,00006,97.0
504349,00006,316.0
504576,00006,56.0
504869,00006,128.0
504871,00006,112.0
505118,00006,60.0
505119,00006,112.0
505120,00006,72.0
505219,00006,162.0
505474,00006,319.0
505517,00006,200.0
505728,00006,295.0
506016,00006,1216.0
506020,00006,320.0
506021,00006,304.0
506032,00006,4926.0
506339,00006,84.0
506691,00006,200.0
506715,00006,236.0
506740,00006,56.0
506828,00006,43571.0
506829,00006,507.0
506830,00006,573.0
506831,00006,545.0
506853,00006,119.0
506867,00006,2377.0
507100,00006,112.0
507101,00006,286.0
507485,00006,224.0
507486,00006,404.0
507487,00006,184.0
507524,00006,152.0
507945,00006,324.0
508101,00006,184.0
508200,00006,174.0
508201,00006,115.0
508366,00006,104.0
508367,00006,136.0
508376,00006,77.0
508388,00006,64.0
508389,00006,104.0
508396,00006,175.0
508397,00006,112.0
508398,00006,128.0
508414,00006,112.0
508415,00006,64.0
508421,00006,260.0
508864,00006,187.0
508976,00006,250.0
508996,00006,714.0
508997,00006,112.0
508998,00006,167.0
509039,00006,64.0
509316,00006,56.0
510106,00006,112.0
510417,00006,113.0
510810,00006,1247.0
510898,00006,57.0
511295,00006,307.0
511494,00006,144.0
511596,00006,56.0
511997,00006,71.0
512101,00006,56.0
512102,00006,777.0
512103,00006,170.0
512241,00006,1097.0
512242,00006,396.0
512531,00006,212.0
512983,00006,213.0
512985,00006,88.0
513147,00006,200.0
513148,00006,121.0
513149,00006,96.0
513211,00006,56.0
513231,00006,112.0
513490,00006,1051.0
513621,00006,119.0
513622,00006,124.0
513957,00006,144.0
513958,00006,82.0
513960,00006,114.0
513962,00006,177.0
514080,00006,1586.0
514081,00006,3783.0
514152,00006,144.0
514191,00006,69.0
514358,00006,113.0
514454,00006,409.0
514455,00006,131.0
514456,00006,213.0
514457,00006,113.0
514754,00006,475.0
515000,00006,1741.0
515001,00006,173.0
515002,00006,828.0
515003,00006,670.0
515077,00006,56.0
515438,00006,209.0
515619,00006,241.0
515621,00006,227.0
515622,00006,99.0
515630,00006,56.0
515640,00006,463.0
515902,00006,5266.0
516025,00006,64.0
516026,00006,1333.0
517748,00006,64.0
517753,00006,135.0
517758,00006,60.0
517759,00006,80.0
517778,00006,81.0
517784,00006,513.0
517826,00006,236.0
517981,00006,144.0
517982,00006,64.0
518361,00006,111.0
518362,00006,83.0
518375,00006,254.0
518384,00006,56.0
518457,00006,1804.0
518596,00006,164.0
519142,00006,136.0
519143,00006,176.0
519184,00006,112.0
519388,00006,184.0
519542,00006,97.0
519543,00006,112.0
519544,00006,56.0
519600,00006,21454.0
519632,00006,658.0
519642,00006,206.0
519645,00006,1694.0
51965,00006,1051.0
519903,00006,125.0
520019,00006,56.0
520078,00006,149628.0
520377,00006,520.0
520379,00006,202.0
520812,00006,128.0
520813,00006,176.0
520881,00006,113.0
521063,00006,175.0
521066,00006,168.0
521067,00006,56.0
521068,00006,104.0
523339,00006,103.0
523482,00006,113.0
523590,00006,189.0
523594,00006,153.0
523596,00006,72.0
523612,00006,208.0
523646,00006,1971.0
523647,00006,624.0
523884,00006,1514.0
524010,00006,1287.0
524212,00006,216.0
524213,00006,256.0
524258,00006,112.0
524259,00006,112.0
524486,00006,139.0
524488,00006,88.0
524489,00006,119.0
524491,00006,206.0
524492,00006,132.0
524493,00006,272.0
524494,00006,530.0
524501,00006,1099.0
524724,00006,280.0
525055,00006,112.0
525056,00006,69.0
525057,00006,129.0
525771,00006,296.0
52591,00006,56.0
526065,00006,56.0
526066,00006,56.0
526067,00006,56.0
526068,00006,56.0
526070,00006,56.0
526443,00006,296.0
526486,00006,11193.0
526800,00006,72.0
527161,00006,250.0
527164,00006,453.0
527165,00006,436.0
527777,00006,128.0
527778,00006,242.0
527779,00006,112.0
527781,00006,225.0
527782,00006,177.0
527784,00006,327.0
527785,00006,368.0
527786,00006,181.0
527787,00006,256.0
529076,00006,208.0
529520,00006,96.0
529522,00006,160.0
529668,00006,483.0
529671,00006,1006.0
529675,00006,309.0
529707,00006,144.0
529742,00006,69.0
52994,00006,72.0
530475,00006,3473.0
53214,00006,120.0
532695,00006,7622.0
532696,00006,1681.0
533460,00006,56.0
533578,00006,305.0
53405,00006,64.0
534518,00006,471.0
534519,00006,194.0
534581,00006,447.0
534582,00006,229.0
534596,00006,81.0
534597,00006,154.0
534709,00006,115.0
534757,00006,242.0
534758,00006,385.0
535127,00006,145.0
535442,00006,1176.0
535443,00006,658.0
535444,00006,472.0
535445,00006,449.0
535642,00006,203.0
535643,00006,80.0
535678,00006,202.0
535679,00006,152.0
535680,00006,253.0
535681,00006,319.0
535739,00006,128.0
536063,00006,56.0
536771,00006,120.0
536772,00006,112.0
536778,00006,112.0
536779,00006,104.0
536780,00006,112.0
536959,00006,131.0
537183,00006,406.0
537184,00006,1480.0
538873,00006,118.0
538879,00006,111.0
54140,00006,193.0
54141,00006,131.0
541579,00006,139.0
541602,00006,112.0
541867,00006,113.0
541868,00006,79.0
541870,00006,93.0
542455,00006,56.0
542456,00006,56.0
542692,00006,3497.0
542693,00006,2715.0
542695,00006,96.0
542696,00006,197.0
542697,00006,448.0
542698,00006,113.0
542699,00006,137.0
542726,00006,457.0
542727,00006,1089.0
542728,00006,4159.0
542729,00006,5813.0
543027,00006,372.0
543029,00006,112.0
543070,00006,104.0
543148,00006,9998.0
543149,00006,7132.0
54358,00006,385.0
54359,00006,778.0
544587,00006,112.0
544808,00006,499.0
544987,00006,189.0
544991,00006,160.0
5454,00006,103.0
545840,00006,1900.0
546019,00006,710.0
546020,00006,1872.0
546109,00006,168.0
546245,00006,1856.0
546675,00006,173.0
546676,00006,184.0
546677,00006,136.0
547768,00006,64.0
5478,00006,103.0
549011,00006,56.0
549012,00006,64.0
549229,00006,615.0
549230,00006,274.0
549393,00006,120.0
549394,00006,109.0
549395,00006,143.0
550003,00006,104.0
550422,00006,250.0
550423,00006,266.0
550424,00006,352.0
550494,00006,112.0
550495,00006,169.0
550616,00006,161.0
550702,00006,1536.0
550974,00006,136.0
551925,00006,547.0
552120,00006,239.0
552121,00006,184.0
552122,00006,224.0
552733,00006,320.0
553033,00006,347.0
553034,00006,29543.0
553592,00006,1196.0
553994,00006,256.0
553995,00006,177.0
554107,00006,192.0
554108,00006,125.0
554109,00006,125.0
554218,00006,177.0
554219,00006,417.0
554331,00006,112.0
554630,00006,72.0
554806,00006,56.0
555193,00006,112.0
555194,00006,56.0
555195,00006,73.0
55556,00006,76.0
555585,00006,144.0
555595,00006,648.0
555596,00006,171.0
555597,00006,347.0
555639,00006,205.0
555646,00006,128.0
555677,00006,153.0
555679,00006,3060.0
5557,00006,144.0
555817,00006,191.0
555825,00006,669.0
555939,00006,2875.0
556432,00006,96.0
556935,00006,11719.0
557038,00006,152.0
557103,00006,397.0
557104,00006,271.0
557107,00006,144.0
557265,00006,96.0
557266,00006,152.0
557269,00006,384.0
5574,00006,862.0
557578,00006,424.0
558023,00006,56.0
558071,00006,221.0
558178,00006,332.0
558769,00006,457.0
558771,00006,3636.0
558803,00006,783.0
559169,00006,56.0
559294,00006,112.0
559295,00006,117.0
559385,00006,120.0
559386,00006,107.0
559387,00006,103.0
559389,00006,108.0
559396,00006,91.0
559397,00006,82.0
559398,00006,129.0
559400,00006,72.0
559402,00006,64.0
559405,00006,112.0
559406,00006,101.0
559416,00006,56.0
559417,00006,120.0
559436,00006,134.0
559572,00006,94.0
559943,00006,120.0
559944,00006,403.0
559966,00006,220.0
559967,00006,336.0
559968,00006,203.0
560039,00006,303.0
56069,00006,81.0
561063,00006,236.0
561064,00006,280.0
561099,00006,120.0
561101,00006,119.0
561448,00006,160.0
561449,00006,116.0
561585,00006,128.0
561586,00006,104.0
561670,00006,120.0
562044,00006,355.0
562562,00006,8655.0
562727,00006,152.0
562728,00006,320.0
562729,00006,127.0
562893,00006,128.0
562903,00006,171.0
562946,00006,220.0
562947,00006,472.0
563179,00006,2235.0
563180,00006,519.0
563181,00006,334.0
563191,00006,152.0
563203,00006,583.0
563204,00006,1203.0
563206,00006,64.0
563209,00006,112.0
563213,00006,56.0
563214,00006,56.0
563221,00006,2787.0
563615,00006,1112.0
563657,00006,128.0
563665,00006,133.0
564465,00006,214.0
564466,00006,314.0
565186,00006,152.0
565844,00006,64.0
565845,00006,112.0
565846,00006,128.0
565847,00006,133.0
565848,00006,99.0
565849,00006,117.0
565852,00006,144.0
565853,00006,176.0
565854,00006,2400.0
565855,00006,383.0
565858,00006,284.0
565904,00006,268.0
566,00006,104.0
566249,00006,218.0
566250,00006,207.0
566252,00006,128.0
566325,00006,34027.0
567255,00006,209.0
567283,00006,64.0
567291,00006,64.0
567300,00006,104.0
567302,00006,120.0
567303,00006,216.0
567624,00006,108.0
567764,00006,324.0
567765,00006,209.0
567801,00006,112.0
567802,00006,128.0
567901,00006,322.0
568198,00006,64.0
568199,00006,96.0
568316,00006,64.0
568325,00006,125.0
568326,00006,127.0
568327,00006,65.0
568328,00006,123.0
568329,00006,112.0
568330,00006,351.0
568331,00006,128.0
568332,00006,184.0
568333,00006,141.0
568334,00006,152.0
568341,00006,219.0
568342,00006,1950.0
568343,00006,72.0
568344,00006,192.0
568390,00006,112.0
568629,00006,198.0
568730,00006,56.0
569701,00006,19069.0
570070,00006,2812.0
570071,00006,2177.0
570072,00006,1496.0
570089,00006,141.0
570090,00006,142.0
570091,00006,162.0
570296,00006,105.0
570564,00006,222.0
570729,00006,482.0
570747,00006,192.0
571385,00006,56.0
571452,00006,127.0
571453,00006,140.0
571454,00006,157.0
571455,00006,653.0
571469,00006,277.0
571547,00006,143.0
571548,00006,104.0
571549,00006,120.0
571553,00006,112.0
571554,00006,64.0
571555,00006,112.0
571559,00006,320.0
571719,00006,112.0
571720,00006,285.0
574903,00006,247.0
574979,00006,397.0
575104,00006,188.0
575726,00006,727.0
575731,00006,675.0
575733,00006,84.0
575735,00006,112.0
575736,00006,394.0
575737,00006,144.0
575857,00006,120.0
575858,00006,161.0
575860,00006,152.0
576203,00006,206.0
576205,00006,138.0
576207,00006,868.0
576692,00006,56.0
577405,00006,104.0
577406,00006,161.0
577658,00006,56.0
578219,00006,296.0
578220,00006,1712.0
578305,00006,519.0
578410,00006,392.0
578411,00006,454.0
578412,00006,211.0
578679,00006,373.0
578769,00006,56.0
578813,00006,6529.0
578864,00006,128.0
578865,00006,136.0
578866,00006,266.0
579039,00006,214.0
579040,00006,337.0
579041,00006,221.0
579042,00006,318.0
579077,00006,102.0
579483,00006,120.0
579484,00006,144.0
579485,00006,88.0
579487,00006,264.0
579488,00006,139.0
579490,00006,152.0
57951,00006,1188.0
57956,00006,264.0
579653,00006,196.0
579972,00006,337.0
580755,00006,177.0
580803,00006,75425.0
581143,00006,12266.0
581616,00006,522.0
581618,00006,306.0
581620,00006,256.0
58178,00006,107.0
581975,00006,112.0
582287,00006,160.0
582288,00006,221.0
582289,00006,185.0
582341,00006,44241.0
582615,00006,505.0
582620,00006,601.0
582636,00006,176.0
582677,00006,168.0
582682,00006,112.0
582945,00006,18436.0
582946,00006,195.0
582947,00006,13228.0
582948,00006,32175.0
582949,00006,1407.0
583094,00006,81.0
583122,00006,81.0
583271,00006,1683.0
583272,00006,295.0
583316,00006,184.0
583370,00006,101.0
583371,00006,159.0
583639,00006,112.0
583645,00006,119.0
584926,00006,57.0
584976,00006,82.0
585261,00006,232.0
585262,00006,318.0
585347,00006,99.0
585439,00006,88.0
585711,00006,488.0
586104,00006,1933.0
586107,00006,102.0
58632,00006,87.0
58633,00006,94.0
586500,00006,424.0
586501,00006,263.0
587044,00006,56.0
587045,00006,105.0
587121,00006,175.0
587130,00006,31546.0
587339,00006,111.0
587381,00006,142.0
587382,00006,167.0
587383,00006,92.0
587384,00006,83.0
587385,00006,105.0
587386,00006,128.0
587387,00006,64.0
587397,00006,88.0
587398,00006,248.0
587429,00006,56.0
587430,00006,123.0
587762,00006,115.0
587763,00006,612.0
587764,00006,56.0
587765,00006,56.0
587766,00006,56.0
587767,00006,56.0
588768,00006,156.0
588769,00006,108.0
588829,00006,311.0
589273,00006,136.0
589274,00006,167.0
589286,00006,56.0
589398,00006,70.0
589418,00006,112.0
5897,00006,1397.0
5898,00006,884.0
590005,00006,120.0
590177,00006,554.0
590178,00006,951.0
590253,00006,11157.0
590255,00006,676.0
590457,00006,208.0
590458,00006,112.0
590459,00006,104.0
590797,00006,96.0
590798,00006,112.0
590799,00006,783.0
591060,00006,56.0
592599,00006,112.0
593437,00006,392.0
593461,00006,1856.0
593462,00006,328.0
593463,00006,272.0
593464,00006,1992.0
593465,00006,320.0
593466,00006,304.0
593837,00006,112.0
594384,00006,56.0
594410,00006,72.0
594486,00006,392.0
594545,00006,112.0
594761,00006,56.0
594762,00006,96.0
595500,00006,3264.0
595639,00006,136.0
595672,00006,392.0
595815,00006,336.0
595892,00006,112.0
595896,00006,128.0
595897,00006,168.0
595899,00006,112.0
596285,00006,120.0
596286,00006,56.0
596584,00006,72.0
596659,00006,192.0
596660,00006,120.0
598285,00006,1312.0
598286,00006,400.0
598287,00006,568.0
598288,00006,384.0
598547,00006,70024.0
599393,00006,576.0
599394,00006,440.0
599395,00006,400.0
599809,00006,112.0
600096,00006,264.0
600291,00006,736.0
600908,00006,224.0
601127,00006,296.0
601128,00006,208.0
601140,00006,704.0
601201,00006,1592.0
60561,00006,65.0
61735,00006,612.0
62051,00006,120.0
6232,00006,212.0
6259,00006,99.0
63009,00006,15402.0
63860,00006,120.0
63861,00006,347.0
63862,00006,256.0
6394,00006,56.0
64104,00006,245.0
6431,00006,112.0
651,00006,1259.0
65576,00006,5355.0
65724,00006,387.0
66593,00006,112.0
6720,00006,125.0
67216,00006,1128.0
67225,00006,10071.0
68618,00006,4122.0
68786,00006,61.0
68909,00006,3843.0
69183,00006,535.0
7003,00006,120.0
71765,00006,20074.0
71770,00006,514.0
71773,00006,266.0
71800,00006,56.0
73022,00006,138.0
73144,00006,127.0
73544,00006,112.0
7388,00006,2869.0
7390,00006,311.0
75181,00006,89.0
75862,00006,112.0
75952,00006,109.0
77153,00006,117.0
77213,00006,239.0
77215,00006,135.0
78005,00006,3932.0
78864,00006,356.0
78865,00006,728.0
78868,00006,216.0
79223,00006,98.0
79448,00006,135.0
79559,00006,925.0
80510,00006,12129.0
80703,00006,204.0
8119,00006,398.0
81199,00006,856.0
8135,00006,337.0
81991,00006,56.0
81992,00006,56.0
82411,00006,5607.0
83137,00006,184.0
85416,00006,254.0
85436,00006,239.0
85547,00006,72.0
8576,00006,1015.0
85808,00006,112.0
86013,00006,56.0
86015,00006,112.0
86884,00006,333.0
86886,00006,514.0
86911,00006,401.0
86913,00006,56.0
86914,00006,211.0
87012,00006,452.0
8737,00006,61.0
88,00006,87.0
88567,00006,836.0
88572,00006,224.0
88579,00006,157.0
8870,00006,179.0
8871,00006,412.0
89179,00006,112.0
89536,00006,120.0
89975,00006,720.0
90052,00006,31723.0
90421,00006,205.0
90447,00006,288.0
90646,00006,241.0
92047,00006,257.0
9250,00006,104.0
92908,00006,68.0
92909,00006,60.0
92910,00006,72.0
93963,00006,56.0
94507,00006,112.0
94508,00006,80.0
94600,00006,285.0
94601,00006,569.0
94602,00006,1041.0
9470,00006,107.0
94931,00006,205.0
94963,00006,461.0
95731,00006,72.0
95732,00006,96.0
95912,00006,56.0
95918,00006,56.0
96377,00006,805.0
96726,00006,114.0
96728,00006,240.0
96729,00006,308.0
96731,00006,143.0
96741,00006,251.0
96909,00006,246.0
96910,00006,56.0
99008,00006,266.0
99039,00006,2616.0
9935,00006,56.0
99775,00006,5267.0
9995,00006,64.0
10019,00012,774.0
10091,00012,1431.0
100933,00012,159.0
10112,00012,56.0
101161,00012,139.0
102,00012,108.0
102024,00012,209.0
102844,00012,56.0
102845,00012,56.0
102878,00012,105.0
102879,00012,169.0
103690,00012,1789.0
103814,00012,65.0
103986,00012,3883.0
104823,00012,56.0
104824,00012,100.0
10523,00012,289.0
10524,00012,548.0
105314,00012,253.0
105426,00012,56.0
105427,00012,126.0
10547,00012,121.0
10691,00012,56.0
10714,00012,194.0
10735,00012,12937.0
10736,00012,946.0
10737,00012,220.0
10738,00012,318.0
10796,00012,1245.0
10834,00012,56.0
10882,00012,152.0
10887,00012,681.0
10888,00012,64.0
10949,00012,56.0
10952,00012,56.0
109602,00012,951.0
10977,00012,56.0
11017,00012,56.0
110363,00012,124.0
110499,00012,56.0
110558,00012,240.0
110559,00012,181.0
110560,00012,112.0
11060,00012,112.0
111179,00012,192.0
11266,00012,57.0
113618,00012,100651.0
113928,00012,56.0
114007,00012,750.0
114829,00012,184.0
115511,00012,112.0
116558,00012,64.0
116731,00012,61.0
116768,00012,1352.0
116769,00012,599.0
117046,00012,226.0
11776,00012,130.0
118087,00012,111.0
118107,00012,64.0
118771,00012,96.0
119367,00012,92.0
119595,00012,88.0
119776,00012,60.0
119779,00012,121.0
119986,00012,174.0
119990,00012,120.0
120004,00012,1025.0
120006,00012,296.0
120990,00012,278.0
120991,00012,120.0
121868,00012,184.0
121869,00012,88.0
121872,00012,252.0
122178,00012,3629.0
122807,00012,104.0
123210,00012,65.0
123313,00012,56.0
123874,00012,64.0
125550,00012,229.0
125669,00012,681.0
125671,00012,1700.0
126180,00012,145.0
126192,00012,3508.0
126196,00012,2602.0
126244,00012,186.0
126690,00012,56.0
127,00012,56.0
1283,00012,311.0
130184,00012,351.0
131131,00012,11214.0
13121,00012,242.0
131281,00012,128.0
131904,00012,377.0
13285,00012,104.0
133070,00012,64.0
134156,00012,96.0
135286,00012,1899.0
135711,00012,465.0
135712,00012,726.0
136398,00012,56.0
136403,00012,56.0
136718,00012,29499.0
13673,00012,56.0
137741,00012,109.0
137748,00012,103.0
1392,00012,195.0
1393,00012,327.0
14006,00012,56.0
140643,00012,410.0
140900,00012,150.0
140901,00012,4652.0
140965,00012,416.0
141,00012,165.0
141139,00012,103.0
1414,00012,56.0
144061,00012,120.0
145881,00012,56.0
145882,00012,56.0
146409,00012,56.0
148051,00012,112.0
14814,00012,115.0
148177,00012,471.0
149096,00012,96.0
149097,00012,119.0
149652,00012,104.0
150419,00012,141.0
150420,00012,112.0
150866,00012,199.0
151530,00012,112.0
151682,00012,104.0
151683,00012,168.0
152036,00012,3402.0
15257,00012,112.0
153396,00012,56.0
153671,00012,387.0
1537,00012,204.0
153730,00012,215.0
153733,00012,276.0
15434,00012,201.0
154572,00012,56.0
156174,00012,84.0
157653,00012,107.0
158119,00012,128.0
158121,00012,120.0
160552,00012,104.0
160965,00012,56.0
161638,00012,56.0
165,00012,692.0
1656,00012,116.0
168477,00012,112.0
168942,00012,70.0
168973,00012,80.0
169814,00012,115.0
170290,00012,56.0
1703,00012,3945.0
170323,00012,176.0
170327,00012,702.0
1717,00012,209.0
172029,00012,10551.0
172403,00012,165.0
17245,00012,326.0
172968,00012,1237.0
173245,00012,56.0
17422,00012,240.0
17426,00012,1507.0
17428,00012,56.0
17437,00012,4832.0
174923,00012,165.0
175066,00012,88.0
175067,00012,88.0
175598,00012,56.0
175599,00012,57.0
175600,00012,61.0
17665,00012,7468.0
17680,00012,1971.0
17684,00012,2652.0
1788,00012,264.0
180738,00012,208.0
181433,00012,72.0
181470,00012,56.0
181501,00012,651.0
181503,00012,56.0
181886,00012,112.0
182940,00012,172.0
182941,00012,244.0
182943,00012,220.0
183158,00012,64.0
183398,00012,254.0
185,00012,2871.0
186096,00012,235.0
186097,00012,117.0
186615,00012,64.0
18869,00012,177.0
18872,00012,130.0
18873,00012,94.0
18874,00012,167.0
18892,00012,94.0
18896,00012,115.0
189174,00012,69.0
190,00012,10966.0
190729,00012,64.0
190996,00012,72.0
192620,00012,22170.0
192833,00012,184.0
192835,00012,200.0
193031,00012,72.0
19312,00012,97.0
193926,00012,56.0
194662,00012,146.0
194665,00012,216.0
194667,00012,77.0
194669,00012,127.0
195295,00012,2990.0
195296,00012,1116.0
196549,00012,56.0
19702,00012,72.0
197305,00012,4814.0
197803,00012,57.0
198107,00012,147.0
198138,00012,128.0
19922,00012,188.0
19923,00012,72.0
201199,00012,1247.0
201233,00012,77.0
203983,00012,122.0
204107,00012,56.0
204795,00012,273.0
206726,00012,56.0
207528,00012,56.0
208101,00012,88.0
208556,00012,112.0
210517,00012,169.0
21117,00012,115.0
211797,00012,10714.0
2136,00012,64.0
213794,00012,56.0
214740,00012,100.0
216538,00012,265.0
216599,00012,128.0
216601,00012,112.0
216604,00012,112.0
21759,00012,2495.0
217756,00012,56.0
21790,00012,64.0
218058,00012,19645.0
21814,00012,1487.0
219321,00012,181.0
219322,00012,65.0
219966,00012,970.0
219973,00012,269.0
219991,00012,475.0
220077,00012,73.0
220080,00012,65.0
220085,00012,64.0
220264,00012,156.0
220266,00012,128.0
220495,00012,104.0
220573,00012,112.0
220574,00012,141.0
221258,00012,10867.0
221809,00012,56.0
22362,00012,73.0
22364,00012,86.0
225277,00012,56.0
225649,00012,149.0
225650,00012,141.0
225651,00012,114.0
226190,00012,224.0
226292,00012,123.0
226679,00012,64.0
226892,00012,64.0
22802,00012,130.0
22867,00012,55023.0
230318,00012,61.0
230319,00012,56.0
23124,00012,109.0
233,00012,3232.0
236617,00012,436.0
237231,00012,56.0
237309,00012,309.0
2378,00012,139.0
238501,00012,113.0
238503,00012,103.0
238529,00012,111.0
240330,00012,64.0
240506,00012,56.0
24233,00012,470.0
24238,00012,319.0
244466,00012,128.0
2494,00012,498.0
249503,00012,84.0
249800,00012,155.0
249801,00012,108.0
251225,00012,120.0
252436,00012,112.0
252440,00012,111.0
252441,00012,128.0
253498,00012,352.0
256756,00012,282.0
25835,00012,56.0
25836,00012,96.0
25879,00012,10920.0
259431,00012,120.0
259719,00012,56.0
2617,00012,1241.0
261900,00012,128.0
26220,00012,56.0
262437,00012,97.0
262438,00012,104.0
262811,00012,248.0
263825,00012,80.0
264068,00012,56.0
264341,00012,112.0
264363,00012,96.0
2644,00012,178.0
264904,00012,386.0
265034,00012,161.0
265174,00012,123.0
266334,00012,135.0
266335,00012,321.0
266336,00012,129.0
266407,00012,112.0
267335,00012,372.0
267336,00012,381.0
267561,00012,104.0
271088,00012,56.0
272016,00012,192.0
27343,00012,253.0
274088,00012,385.0
274129,00012,120.0
274130,00012,128.0
274131,00012,200.0
274132,00012,183.0
274587,00012,60.0
274594,00012,56.0
274801,00012,1129.0
275701,00012,1326.0
275892,00012,162.0
275893,00012,228.0
275894,00012,104.0
278255,00012,56.0
27837,00012,102.0
279557,00012,84.0
280426,00012,56.0
280495,00012,56.0
281387,00012,97.0
281389,00012,56.0
28303,00012,3529.0
285375,00012,143.0
285381,00012,340.0
285389,00012,330.0
285929,00012,112.0
285931,00012,57.0
286550,00012,73.0
286646,00012,58.0
286647,00012,98.0
287459,00012,116.0
287475,00012,15517.0
287629,00012,116.0
287638,00012,61.0
288718,00012,322.0
288731,00012,113.0
288733,00012,302.0
288747,00012,350.0
288749,00012,262.0
288758,00012,383.0
288909,00012,184.0
288910,00012,148.0
289879,00012,68.0
289964,00012,147.0
29034,00012,116.0
290523,00012,319.0
291029,00012,299.0
291248,00012,183.0
291708,00012,104.0
292819,00012,1741.0
292973,00012,107.0
294852,00012,355.0
294908,00012,111.0
295341,00012,779.0
296046,00012,112.0
296047,00012,104.0
296048,00012,160.0
298931,00012,106.0
300269,00012,104.0
301147,00012,270.0
301806,00012,217.0
30316,00012,327.0
305178,00012,96.0
305220,00012,120.0
306915,00012,2425.0
306918,00012,1105.0
307039,00012,112.0
307040,00012,95.0
307761,00012,112.0
307762,00012,208.0
308933,00012,116.0
309000,00012,1283.0
309091,00012,683.0
309249,00012,479.0
31025,00012,155.0
31026,00012,139.0
310806,00012,135.0
31135,00012,287.0
312229,00012,151.0
312230,00012,278.0
312285,00012,69.0
312550,00012,70.0
313137,00012,113.0
314481,00012,82.0
315378,00012,56.0
31546,00012,98.0
315490,00012,118.0
315870,00012,222.0
315871,00012,145.0
316218,00012,83.0
319871,00012,56.0
320256,00012,733.0
320262,00012,64.0
320282,00012,377.0
321965,00012,107.0
321966,00012,776.0
322105,00012,95.0
322314,00012,56.0
324183,00012,357.0
325807,00012,56.0
326464,00012,56.0
32650,00012,93.0
32654,00012,105.0
32661,00012,120.0
32692,00012,832.0
32746,00012,24830.0
32757,00012,1425.0
3276,00012,64.0
329403,00012,168.0
330173,00012,56.0
330287,00012,2237.0
332368,00012,56.0
332369,00012,56.0
332370,00012,56.0
332816,00012,225.0
333109,00012,374.0
333110,00012,156.0
333111,00012,118.0
333112,00012,1246.0
333113,00012,2634.0
333903,00012,256.0
333989,00012,56.0
334253,00012,56.0
334296,00012,148.0
334438,00012,56.0
334439,00012,56.0
335334,00012,56.0
335462,00012,285.0
335511,00012,510.0
335512,00012,361.0
337937,00012,97.0
338270,00012,105.0
338410,00012,112.0
339030,00012,208.0
339192,00012,568.0
339585,00012,74.0
345280,00012,148.0
345481,00012,468.0
34644,00012,72.0
346736,00012,128.0
346737,00012,120.0
346738,00012,137.0
34708,00012,284.0
347140,00012,130.0
34726,00012,241.0
347438,00012,283.0
347439,00012,126.0
347440,00012,160.0
34808,00012,56.0
34809,00012,77.0
34810,00012,113.0
34812,00012,168.0
34813,00012,117.0
349159,00012,157.0
350273,00012,64.0
350274,00012,56.0
350405,00012,120.0
350572,00012,112.0
350573,00012,56.0
350713,00012,120.0
351576,00012,756.0
352018,00012,43649.0
353169,00012,165.0
353600,00012,64.0
354150,00012,1848.0
354325,00012,56.0
354327,00012,160.0
355029,00012,112.0
355350,00012,549.0
356353,00012,112.0
35652,00012,56.0
357486,00012,375.0
357550,00012,64.0
35873,00012,125.0
359766,00012,200.0
360128,00012,56.0
360323,00012,80.0
360351,00012,64.0
360938,00012,2774.0
361027,00012,56.0
36124,00012,327.0
361268,00012,60.0
361957,00012,101.0
362032,00012,56.0
362129,00012,112.0
36418,00012,240.0
365658,00012,372.0
365958,00012,496.0
367471,00012,1186.0
367482,00012,56.0
368517,00012,570.0
368732,00012,425.0
368923,00012,112.0
369247,00012,483.0
369249,00012,307.0
369250,00012,217.0
369251,00012,131.0
36948,00012,169.0
370187,00012,457.0
370589,00012,56.0
370590,00012,80.0
371670,00012,364.0
371679,00012,283.0
371681,00012,542.0
371689,00012,56.0
371690,00012,96.0
373988,00012,107.0
373989,00012,56.0
3742,00012,115.0
375056,00012,68.0
376109,00012,108.0
376110,00012,86.0
376111,00012,142.0
37661,00012,292.0
376734,00012,168.0
378705,00012,112.0
378890,00012,183.0
379093,00012,260.0
379514,00012,275.0
379672,00012,112.0
379688,00012,104.0
379689,00012,56.0
379745,00012,96.0
380952,00012,200.0
380953,00012,113.0
380954,00012,162.0
380955,00012,194.0
380957,00012,119.0
381619,00012,56.0
383019,00012,56.0
383387,00012,654.0
383415,00012,473.0
383416,00012,901.0
383504,00012,353.0
384836,00012,56.0
384842,00012,64.0
384958,00012,234.0
385301,00012,25902.0
386528,00012,56.0
386681,00012,104.0
3874,00012,239.0
387628,00012,1712.0
38827,00012,168.0
38828,00012,176.0
388723,00012,426.0
388724,00012,64.0
388770,00012,112.0
388771,00012,208.0
38889,00012,600.0
388957,00012,76.0
389772,00012,321.0
391044,00012,74.0
391517,00012,171.0
391602,00012,122.0
391603,00012,171.0
39176,00012,112.0
392418,00012,120.0
392555,00012,56.0
392613,00012,1008.0
392614,00012,240.0
392615,00012,4496.0
393207,00012,56.0
394196,00012,112.0
394198,00012,94.0
395257,00012,8415.0
395258,00012,7555.0
395300,00012,2113.0
395301,00012,102.0
395636,00012,73.0
395672,00012,528.0
396569,00012,81.0
396570,00012,69.0
396583,00012,88.0
396584,00012,66.0
396585,00012,80.0
396586,00012,63.0
398234,00012,56.0
398380,00012,117.0
398381,00012,112.0
398514,00012,236.0
398596,00012,640.0
399331,00012,112.0
399637,00012,128.0
399638,00012,226.0
400124,00012,129.0
400125,00012,1795.0
400931,00012,158.0
40253,00012,352.0
402587,00012,244.0
402588,00012,1576.0
402589,00012,156.0
402590,00012,278.0
402591,00012,390.0
402994,00012,130.0
405527,00012,152.0
405528,00012,153.0
405529,00012,162.0
405530,00012,186.0
405685,00012,160.0
405686,00012,56.0
405687,00012,125.0
406704,00012,120.0
406705,00012,380.0
406708,00012,112.0
406768,00012,112.0
406771,00012,133.0
406828,00012,56.0
406882,00012,56.0
406910,00012,80.0
406914,00012,315.0
407022,00012,116.0
407046,00012,60.0
407570,00012,104.0
408238,00012,319.0
408442,00012,385.0
408510,00012,5673.0
408671,00012,160.0
408672,00012,169.0
4088,00012,126.0
40973,00012,717.0
409902,00012,231.0
409905,00012,3222.0
409908,00012,886.0
409909,00012,762.0
411545,00012,227.0
411600,00012,485.0
412161,00012,76197.0
41287,00012,2254.0
414490,00012,647.0
414553,00012,56.0
414887,00012,112.0
414888,00012,151.0
415372,00012,112.0
415408,00012,226.0
415410,00012,95.0
415753,00012,4511.0
416860,00012,679.0
417143,00012,72.0
418273,00012,402.0
418943,00012,158.0
419041,00012,103.0
419072,00012,285.0
419073,00012,1929.0
419163,00012,153.0
419164,00012,118.0
419166,00012,64.0
419464,00012,12427.0
419559,00012,134.0
419840,00012,353.0
421273,00012,980.0
421274,00012,1816.0
422480,00012,200.0
422610,00012,106.0
422611,00012,85.0
423953,00012,112.0
423979,00012,66.0
423980,00012,104.0
424100,00012,104.0
424195,00012,169.0
424198,00012,359.0
424207,00012,143.0
424210,00012,64.0
424446,00012,120.0
424559,00012,112.0
424560,00012,104.0
424610,00012,231.0
424670,00012,273.0
424672,00012,144.0
424716,00012,72.0
424719,00012,64.0
424739,00012,20513.0
424783,00012,292.0
424784,00012,160.0
424827,00012,271.0
42864,00012,125.0
430506,00012,1011.0
430574,00012,1795.0
430969,00012,99963.0
431265,00012,1263.0
431267,00012,2921.0
431601,00012,80.0
43477,00012,56.0
43988,00012,145.0
440269,00012,112.0
440270,00012,112.0
440276,00012,56.0
440641,00012,56.0
440642,00012,196.0
440643,00012,119.0
440644,00012,153.0
440645,00012,130.0
441012,00012,648.0
441121,00012,107.0
441125,00012,116.0
441126,00012,115.0
441131,00012,144.0
441132,00012,113.0
441151,00012,56.0
441388,00012,139.0
441394,00012,120.0
441395,00012,88.0
441462,00012,56.0
4430,00012,56.0
447545,00012,158.0
447594,00012,441.0
447595,00012,72.0
447601,00012,176.0
448462,00012,74.0
448547,00012,128.0
448552,00012,107.0
448634,00012,577.0
448848,00012,291.0
448849,00012,762.0
448850,00012,12133.0
449064,00012,709.0
449299,00012,801.0
449300,00012,410.0
449316,00012,56.0
449486,00012,169.0
449850,00012,72.0
449968,00012,143.0
449969,00012,118.0
450061,00012,112.0
450298,00012,111928.0
450573,00012,96.0
450575,00012,189.0
450582,00012,121.0
450583,00012,129.0
450584,00012,262.0
450587,00012,180.0
450596,00012,17096.0
450970,00012,127.0
451029,00012,112.0
451132,00012,10253.0
451148,00012,811.0
451163,00012,8969.0
451337,00012,10135.0
451338,00012,2850.0
451397,00012,375.0
452371,00012,185.0
453094,00012,5241.0
453329,00012,208.0
453454,00012,65.0
453458,00012,56.0
453573,00012,94.0
453575,00012,120.0
454019,00012,56.0
454020,00012,56.0
454125,00012,830.0
454131,00012,1019.0
454525,00012,96.0
454573,00012,56.0
454729,00012,56.0
454730,00012,56.0
454732,00012,56.0
454796,00012,56.0
454820,00012,360.0
454854,00012,56.0
455105,00012,61.0
455106,00012,112.0
455107,00012,96.0
455109,00012,112.0
455112,00012,120.0
455113,00012,79.0
455452,00012,102.0
455453,00012,112.0
455454,00012,67.0
455458,00012,61.0
455462,00012,134.0
455463,00012,112.0
455464,00012,84.0
455467,00012,118.0
455468,00012,56.0
455469,00012,249.0
455520,00012,125.0
455522,00012,71.0
455523,00012,64.0
455524,00012,112.0
455525,00012,75.0
45642,00012,18678.0
45643,00012,9604.0
45644,00012,949.0
45645,00012,866.0
456473,00012,56.0
457052,00012,593.0
457059,00012,5194.0
457060,00012,1779.0
457330,00012,89.0
457592,00012,79.0
457594,00012,64.0
457683,00012,3656.0
458172,00012,112.0
458174,00012,121.0
458180,00012,92.0
458187,00012,112.0
458189,00012,120.0
458235,00012,683.0
458236,00012,552.0
4589,00012,64.0
4596,00012,112.0
459765,00012,111.0
460589,00012,72.0
462098,00012,112.0
462099,00012,156.0
462100,00012,103.0
462101,00012,112.0
462618,00012,1361.0
46282,00012,156.0
462965,00012,339.0
462990,00012,464.0
463053,00012,104.0
463448,00012,279.0
463450,00012,386.0
463451,00012,364.0
463452,00012,195.0
464114,00012,430.0
464118,00012,1028.0
464664,00012,89.0
466270,00012,3419.0
466271,00012,4821.0
46691,00012,63.0
467540,00012,128.0
467831,00012,179.0
467832,00012,289.0
467833,00012,157.0
468054,00012,128.0
469084,00012,119.0
469174,00012,185.0
469311,00012,108.0
469339,00012,120.0
469369,00012,56.0
469371,00012,136.0
4697,00012,112.0
469833,00012,613.0
4699,00012,56.0
469902,00012,112.0
469933,00012,125.0
469937,00012,111.0
470119,00012,120.0
470121,00012,119.0
470122,00012,122.0
470123,00012,92.0
470459,00012,108.0
471326,00012,113.0
471613,00012,733.0
471614,00012,1151.0
471965,00012,184.0
47230,00012,96.0
472991,00012,56.0
473931,00012,110.0
474063,00012,112.0
474664,00012,144.0
474665,00012,4781.0
475037,00012,1540.0
475592,00012,137.0
475593,00012,522.0
475594,00012,290.0
476075,00012,72.0
476159,00012,98.0
476160,00012,61.0
476161,00012,57.0
476162,00012,77.0
476173,00012,74.0
476174,00012,56.0
476175,00012,56.0
476210,00012,56.0
476668,00012,108.0
476698,00012,715.0
476799,00012,104.0
476829,00012,56.0
477120,00012,80.0
477218,00012,1062.0
477219,00012,263.0
477222,00012,254.0
477224,00012,333.0
477225,00012,108.0
477226,00012,345.0
477227,00012,389.0
477229,00012,198.0
477658,00012,119.0
477661,00012,112.0
477662,00012,107.0
477894,00012,831.0
477895,00012,1447.0
477896,00012,969.0
477897,00012,175.0
477899,00012,96.0
477959,00012,56.0
477966,00012,56.0
478042,00012,120.0
478043,00012,192.0
478044,00012,183.0
478046,00012,112.0
478051,00012,216.0
478097,00012,234.0
478219,00012,999.0
478534,00012,111.0
478535,00012,81.0
478539,00012,96.0
478542,00012,112.0
478543,00012,112.0
478544,00012,242.0
478655,00012,1003.0
479036,00012,56.0
479254,00012,64.0
479677,00012,201.0
479807,00012,56.0
480358,00012,56.0
480359,00012,56.0
480829,00012,56.0
480840,00012,56.0
480988,00012,128.0
480989,00012,138.0
480990,00012,112.0
480992,00012,103.0
481068,00012,104.0
481087,00012,64.0
481499,00012,94.0
481500,00012,106.0
481705,00012,99.0
481706,00012,81.0
481928,00012,146.0
482395,00012,68.0
482713,00012,9076.0
483593,00012,163.0
483992,00012,56.0
484791,00012,113.0
484821,00012,107.0
485480,00012,2002.0
485485,00012,316.0
486304,00012,120.0
4886,00012,56.0
489180,00012,642.0
489455,00012,61.0
490870,00012,2550.0
491349,00012,714.0
491844,00012,113.0
491845,00012,147.0
491856,00012,104.0
491939,00012,105.0
491940,00012,112.0
491990,00012,86.0
492030,00012,64.0
492053,00012,112.0
492084,00012,72.0
492341,00012,56.0
492616,00012,88.0
492617,00012,112.0
492618,00012,96.0
492668,00012,732.0
493203,00012,116.0
493346,00012,113.0
493548,00012,112.0
493601,00012,889.0
493765,00012,56.0
495679,00012,112.0
495680,00012,162.0
495682,00012,134.0
496169,00012,56.0
496326,00012,56.0
496569,00012,100.0
496570,00012,70.0
496586,00012,56.0
496743,00012,142.0
496972,00012,164.0
496973,00012,474.0
496994,00012,462.0
497250,00012,1064.0
497581,00012,56.0
497630,00012,77.0
498804,00012,113.0
498805,00012,112.0
499114,00012,339.0
499194,00012,278.0
499195,00012,131.0
499548,00012,95.0
499760,00012,72.0
499761,00012,112.0
499762,00012,104.0
499950,00012,56.0
50,00012,121.0
500186,00012,56.0
500195,00012,69.0
500196,00012,112.0
500486,00012,95.0
500487,00012,76.0
500682,00012,1422.0
500684,00012,144.0
500685,00012,56.0
500687,00012,56.0
500831,00012,918.0
501237,00012,36646.0
501238,00012,379.0
501239,00012,264.0
501541,00012,197.0
501588,00012,64.0
501664,00012,891.0
501961,00012,2255.0
501962,00012,2309.0
502011,00012,997.0
502023,00012,2743.0
502027,00012,1336.0
502075,00012,56.0
502160,00012,116.0
502165,00012,380.0
502166,00012,184.0
502379,00012,112.0
502381,00012,112.0
502382,00012,112.0
502517,00012,1333.0
502526,00012,169.0
502528,00012,192.0
502566,00012,256.0
502567,00012,175.0
502647,00012,12657.0
502790,00012,113.0
503,00012,135.0
503000,00012,111.0
503001,00012,72.0
503002,00012,56.0
503003,00012,106.0
503462,00012,272.0
503463,00012,195.0
503598,00012,120.0
503604,00012,72.0
503605,00012,69.0
503611,00012,64.0
503612,00012,112.0
503613,00012,88.0
503614,00012,76.0
504312,00012,112.0
504349,00012,128.0
505118,00012,112.0
505119,00012,91.0
505120,00012,97.0
505474,00012,374.0
505517,00012,112.0
505728,00012,112.0
506016,00012,296.0
506020,00012,160.0
506021,00012,152.0
506032,00012,3323.0
506339,00012,62.0
506691,00012,112.0
506715,00012,137.0
506740,00012,56.0
506828,00012,77585.0
506829,00012,340.0
506830,00012,243.0
506831,00012,268.0
506853,00012,73.0
506867,00012,1218.0
507100,00012,56.0
507101,00012,824.0
507485,00012,68.0
507486,00012,153.0
507487,00012,137.0
507524,00012,64.0
507945,00012,122.0
508200,00012,104.0
508396,00012,112.0
508421,00012,118.0
508864,00012,87.0
508976,00012,59.0
508996,00012,104.0
508998,00012,64.0
509039,00012,56.0
509316,00012,56.0
510810,00012,778.0
510898,00012,56.0
511295,00012,137.0
511494,00012,115.0
511495,00012,180.0
511997,00012,83.0
512101,00012,56.0
512102,00012,556.0
512103,00012,130.0
512241,00012,1564.0
512242,00012,114.0
512531,00012,162.0
512983,00012,147.0
513147,00012,112.0
513148,00012,73.0
513149,00012,73.0
513231,00012,112.0
513487,00012,88.0
513490,00012,1327.0
513622,00012,113.0
513957,00012,146.0
513958,00012,64.0
513960,00012,131.0
513962,00012,169.0
514080,00012,1120.0
514081,00012,304.0
514117,00012,81.0
514152,00012,104.0
514454,00012,182.0
514455,00012,70.0
514456,00012,89.0
514457,00012,64.0
514650,00012,56.0
514651,00012,56.0
514754,00012,259.0
515000,00012,1204.0
515001,00012,148.0
515002,00012,276.0
515003,00012,366.0
515438,00012,172.0
515621,00012,183.0
515622,00012,137.0
515630,00012,56.0
515640,00012,779.0
515902,00012,4429.0
516026,00012,120.0
517748,00012,67.0
517753,00012,56.0
517758,00012,64.0
517778,00012,56.0
517784,00012,181.0
517826,00012,64.0
518361,00012,101.0
518375,00012,136.0
518384,00012,56.0
518457,00012,806.0
518596,00012,112.0
519142,00012,56.0
519542,00012,56.0
519543,00012,61.0
519544,00012,56.0
519600,00012,7405.0
519632,00012,646.0
519642,00012,93.0
519645,00012,499.0
51965,00012,1481.0
519903,00012,72.0
520019,00012,56.0
520078,00012,78438.0
520377,00012,729.0
520379,00012,404.0
520812,00012,124.0
520813,00012,128.0
520881,00012,142.0
521063,00012,64.0
521066,00012,89.0
521067,00012,56.0
521068,00012,56.0
523164,00012,104.0
523203,00012,111.0
523590,00012,133.0
523591,00012,118.0
523593,00012,163.0
523594,00012,153.0
523596,00012,82.0
523612,00012,547.0
523646,00012,840.0
523647,00012,342.0
523884,00012,563.0
524010,00012,300.0
524213,00012,104.0
524486,00012,112.0
524488,00012,56.0
524491,00012,112.0
524492,00012,64.0
524493,00012,185.0
524494,00012,484.0
524501,00012,652.0
524724,00012,145.0
525055,00012,120.0
525056,00012,192.0
525057,00012,80.0
525771,00012,464.0
52591,00012,56.0
526065,00012,56.0
526068,00012,56.0
526070,00012,56.0
526443,00012,393.0
526486,00012,4917.0
526800,00012,112.0
527161,00012,143.0
527164,00012,381.0
527165,00012,251.0
527777,00012,73.0
527778,00012,105.0
527781,00012,176.0
527782,00012,136.0
527785,00012,145.0
527786,00012,120.0
527787,00012,120.0
529076,00012,64.0
529522,00012,96.0
529668,00012,288.0
529671,00012,1165.0
529675,00012,371.0
530475,00012,2977.0
53214,00012,96.0
532695,00012,510.0
532696,00012,248.0
53405,00012,56.0
534518,00012,918.0
534519,00012,123.0
534581,00012,290.0
534582,00012,136.0
534596,00012,64.0
534597,00012,112.0
534709,00012,112.0
534757,00012,357.0
534758,00012,429.0
535127,00012,103.0
535442,00012,771.0
535443,00012,375.0
535444,00012,329.0
535445,00012,338.0
535642,00012,147.0
535643,00012,108.0
535678,00012,112.0
535679,00012,101.0
535680,00012,113.0
535681,00012,111.0
536959,00012,143.0
537183,00012,395.0
537184,00012,559.0
538873,00012,84.0
538879,00012,56.0
54140,00012,117.0
54141,00012,116.0
541579,00012,64.0
541601,00012,223.0
541602,00012,107.0
541867,00012,95.0
541868,00012,72.0
541870,00012,56.0
542455,00012,56.0
542692,00012,1135.0
542693,00012,1895.0
542695,00012,81.0
542696,00012,208.0
542697,00012,1186.0
542698,00012,56.0
542699,00012,103.0
542726,00012,235.0
542727,00012,535.0
542728,00012,5737.0
542729,00012,7133.0
543027,00012,161.0
543029,00012,56.0
543070,00012,56.0
543148,00012,7066.0
543149,00012,1309.0
54358,00012,238.0
54359,00012,497.0
544987,00012,209.0
544991,00012,151.0
545002,00012,926.0
5454,00012,56.0
545840,00012,1264.0
546019,00012,950.0
546020,00012,350.0
546109,00012,91.0
546245,00012,1714.0
546675,00012,171.0
546676,00012,104.0
546677,00012,101.0
5478,00012,56.0
549011,00012,56.0
549012,00012,56.0
549229,00012,147.0
549230,00012,172.0
549393,00012,64.0
549395,00012,64.0
550003,00012,88.0
550422,00012,260.0
550423,00012,456.0
550424,00012,409.0
550465,00012,112.0
550494,00012,116.0
550495,00012,184.0
550616,00012,114.0
550702,00012,517.0
551925,00012,275.0
552120,00012,145.0
552121,00012,166.0
552122,00012,153.0
552733,00012,158.0
553033,00012,201.0
553034,00012,20923.0
553592,00012,2801.0
553994,00012,336.0
553995,00012,275.0
554107,00012,107.0
554108,00012,64.0
554219,00012,139.0
554331,00012,64.0
554806,00012,56.0
555193,00012,56.0
555194,00012,56.0
555195,00012,56.0
55556,00012,112.0
555585,00012,112.0
555595,00012,606.0
555596,00012,112.0
555597,00012,747.0
555639,00012,64.0
555677,00012,112.0
555679,00012,1142.0
5557,00012,64.0
555817,00012,120.0
555825,00012,529.0
556935,00012,7486.0
557103,00012,341.0
557104,00012,222.0
5574,00012,254.0
557578,00012,104.0
558023,00012,56.0
558071,00012,205.0
558178,00012,107.0
558769,00012,561.0
558771,00012,6478.0
558803,00012,369.0
559385,00012,62.0
559386,00012,64.0
559387,00012,56.0
559389,00012,80.0
559396,00012,98.0
559397,00012,88.0
559398,00012,92.0
559400,00012,56.0
559402,00012,56.0
559405,00012,71.0
559406,00012,77.0
559416,00012,56.0
559417,00012,63.0
559436,00012,131.0
559780,00012,152.0
559943,00012,112.0
559944,00012,136.0
559966,00012,112.0
559967,00012,112.0
559968,00012,88.0
560039,00012,176.0
561063,00012,112.0
561099,00012,112.0
561101,00012,113.0
561448,00012,112.0
561585,00012,72.0
561586,00012,64.0
561670,00012,133.0
562044,00012,186.0
562562,00012,2085.0
562718,00012,101.0
562727,00012,112.0
562728,00012,104.0
562729,00012,112.0
562893,00012,83.0
562947,00012,232.0
563179,00012,1017.0
563180,00012,196.0
563181,00012,93.0
563191,00012,112.0
563203,00012,280.0
563204,00012,305.0
563206,00012,57.0
563213,00012,56.0
563214,00012,56.0
563215,00012,56.0
563221,00012,186.0
563615,00012,1005.0
563646,00012,160.0
563657,00012,112.0
563665,00012,96.0
564465,00012,226.0
564466,00012,212.0
564676,00012,56.0
565186,00012,144.0
565846,00012,56.0
565852,00012,112.0
565853,00012,104.0
565854,00012,2368.0
565855,00012,409.0
565858,00012,112.0
565904,00012,246.0
566,00012,82.0
566249,00012,56.0
566250,00012,92.0
566325,00012,19910.0
567255,00012,129.0
567283,00012,56.0
567303,00012,96.0
567624,00012,64.0
567764,00012,484.0
567765,00012,177.0
567801,00012,112.0
567802,00012,105.0
567901,00012,1133.0
568198,00012,64.0
568199,00012,72.0
568325,00012,116.0
568326,00012,129.0
568327,00012,114.0
568330,00012,128.0
568331,00012,104.0
568332,00012,72.0
568333,00012,144.0
568334,00012,78.0
568341,00012,112.0
568342,00012,2094.0
568343,00012,64.0
568344,00012,105.0
568390,00012,104.0
568629,00012,126.0
569701,00012,16608.0
570070,00012,540.0
570071,00012,428.0
570072,00012,276.0
570090,00012,112.0
570091,00012,135.0
570296,00012,82.0
570564,00012,114.0
570729,00012,237.0
570747,00012,64.0
571385,00012,77.0
571452,00012,72.0
571453,00012,63.0
571454,00012,120.0
571455,00012,1020.0
571469,00012,318.0
571555,00012,56.0
571559,00012,152.0
571719,00012,99.0
571720,00012,653.0
574903,00012,149.0
574979,00012,116.0
575103,00012,72.0
575104,00012,158.0
575726,00012,240.0
575731,00012,219.0
575733,00012,145.0
575735,00012,66.0
575736,00012,152.0
576203,00012,78.0
576205,00012,120.0
576207,00012,216.0
576692,00012,56.0
577406,00012,104.0
577658,00012,56.0
578219,00012,256.0
578220,00012,608.0
578305,00012,173.0
578410,00012,284.0
578411,00012,170.0
578412,00012,178.0
578679,00012,142.0
578813,00012,7006.0
578865,00012,168.0
578866,00012,176.0
579039,00012,146.0
579040,00012,332.0
579041,00012,119.0
579042,00012,305.0
579077,00012,112.0
579487,00012,119.0
579488,00012,112.0
57951,00012,485.0
57956,00012,192.0
579653,00012,182.0
579972,00012,220.0
580755,00012,56.0
580803,00012,8029.0
581143,00012,3167.0
581616,00012,217.0
581618,00012,360.0
581620,00012,186.0
58178,00012,56.0
582287,00012,88.0
582288,00012,99.0
582289,00012,85.0
582341,00012,16392.0
582615,00012,658.0
582620,00012,151.0
582636,00012,80.0
582677,00012,184.0
582682,00012,72.0
582945,00012,11063.0
582946,00012,325.0
582947,00012,6126.0
582948,00012,3599.0
582949,00012,438.0
583122,00012,61.0
583271,00012,5404.0
583272,00012,140.0
583316,00012,268.0
583371,00012,120.0
583641,00012,104.0
584926,00012,56.0
584976,00012,103.0
585347,00012,56.0
585711,00012,540.0
586104,00012,2606.0
58633,00012,80.0
587044,00012,64.0
587045,00012,92.0
587121,00012,56.0
587130,00012,11901.0
587381,00012,64.0
587382,00012,91.0
587383,00012,56.0
587385,00012,56.0
587386,00012,107.0
587387,00012,56.0
587397,00012,95.0
587398,00012,405.0
587430,00012,56.0
587762,00012,125.0
587764,00012,56.0
587765,00012,64.0
587766,00012,56.0
587767,00012,56.0
588768,00012,160.0
588769,00012,133.0
588829,00012,739.0
589254,00012,64.0
589273,00012,56.0
589274,00012,73.0
589286,00012,56.0
589418,00012,56.0
5897,00012,828.0
5898,00012,3959.0
590005,00012,136.0
590177,00012,168.0
590178,00012,200.0
590253,00012,576.0
590255,00012,453.0
590797,00012,64.0
590798,00012,72.0
590799,00012,912.0
592599,00012,104.0
593437,00012,128.0
593461,00012,408.0
593462,00012,120.0
593463,00012,208.0
593464,00012,424.0
593465,00012,216.0
593466,00012,192.0
593547,00012,88.0
594486,00012,312.0
594762,00012,56.0
595500,00012,600.0
595672,00012,248.0
595815,00012,96.0
596286,00012,64.0
598285,00012,944.0
598286,00012,152.0
598287,00012,280.0
598288,00012,112.0
598547,00012,3448.0
599369,00012,6488.0
599394,00012,344.0
599395,00012,232.0
600096,00012,200.0
600291,00012,256.0
600984,00012,232.0
601140,00012,184.0
60561,00012,65.0
61735,00012,154.0
6232,00012,331.0
6259,00012,64.0
6262,00012,56.0
63009,00012,12506.0
63860,00012,64.0
63861,00012,326.0
63862,00012,104.0
6394,00012,60.0
64104,00012,173.0
6431,00012,64.0
6493,00012,56.0
651,00012,1017.0
6536,00012,56.0
65576,00012,4356.0
65724,00012,140.0
6720,00012,96.0
67216,00012,409.0
67225,00012,4057.0
68618,00012,394.0
68786,00012,56.0
68909,00012,6632.0
69183,00012,175.0
7003,00012,64.0
70124,00012,56.0
71765,00012,7197.0
71770,00012,746.0
71773,00012,296.0
71799,00012,56.0
71800,00012,79.0
73022,00012,168.0
73144,00012,88.0
73544,00012,76.0
7388,00012,172.0
7502,00012,56.0
75181,00012,56.0
75862,00012,63.0
75952,00012,185.0
77153,00012,120.0
77213,00012,192.0
77215,00012,136.0
77731,00012,56.0
78005,00012,3031.0
78864,00012,112.0
78865,00012,270.0
79223,00012,83.0
79448,00012,271.0
79559,00012,430.0
80510,00012,3702.0
80703,00012,140.0
81135,00012,56.0
81136,00012,56.0
8119,00012,217.0
81199,00012,274.0
8135,00012,300.0
81991,00012,56.0
81992,00012,56.0
82411,00012,6091.0
83137,00012,141.0
83309,00012,56.0
85416,00012,105.0
85436,00012,168.0
85547,00012,56.0
8576,00012,718.0
85808,00012,112.0
86884,00012,65.0
86886,00012,123.0
86911,00012,108.0
86913,00012,56.0
86914,00012,115.0
87012,00012,195.0
8737,00012,56.0
88,00012,113.0
88567,00012,197.0
88572,00012,108.0
8870,00012,119.0
8871,00012,221.0
89179,00012,118.0
89975,00012,278.0
90052,00012,4191.0
90421,00012,118.0
90447,00012,175.0
90646,00012,131.0
92047,00012,273.0
92908,00012,72.0
92909,00012,64.0
92913,00012,56.0
94508,00012,56.0
94600,00012,231.0
94601,00012,384.0
94602,00012,668.0
9470,00012,56.0
94931,00012,232.0
94963,00012,425.0
95912,00012,56.0
95918,00012,56.0
96377,00012,295.0
96726,00012,112.0
96728,00012,122.0
96729,00012,227.0
96731,00012,72.0
96741,00012,176.0
96909,00012,174.0
96910,00012,97.0
97558,00012,64.0
98865,00012,56.0
98866,00012,118.0
98869,00012,113.0
99008,00012,112.0
99039,00012,3395.0
9935,00012,56.0
99369,00012,134.0
99775,00012,6042.0
99776,00012,56.0
9995,00012,56.0
10019,00022,149.0
10091,00022,222.0
101161,00022,60.0
103690,00022,311.0
103986,00022,337.0
10523,00022,116.0
10524,00022,120.0
105314,00022,110.0
10714,00022,131.0
10735,00022,7084.0
10736,00022,2513.0
10737,00022,322.0
10738,00022,854.0
10796,00022,782.0
10887,00022,449.0
10888,00022,56.0
109602,00022,64.0
110558,00022,120.0
110559,00022,75.0
111179,00022,101.0
11266,00022,226.0
113618,00022,38124.0
113928,00022,56.0
114007,00022,460.0
11448,00022,74.0
115511,00022,88.0
116731,00022,89.0
116768,00022,142.0
116769,00022,118.0
117046,00022,164.0
11776,00022,125.0
118087,00022,354.0
118771,00022,112.0
119367,00022,178.0
119368,00022,129.0
119776,00022,56.0
119779,00022,112.0
119986,00022,176.0
119990,00022,127.0
119993,00022,164.0
119998,00022,70.0
120004,00022,495.0
120006,00022,209.0
120990,00022,197.0
120991,00022,123.0
121868,00022,152.0
122178,00022,121.0
125669,00022,852.0
125671,00022,193.0
126192,00022,2201.0
126196,00022,4089.0
126244,00022,124.0
1283,00022,68.0
129603,00022,64.0
131131,00022,1717.0
13121,00022,125.0
131281,00022,108.0
13285,00022,176.0
134156,00022,123.0
135286,00022,698.0
135711,00022,176.0
135712,00022,383.0
136718,00022,6780.0
140643,00022,114.0
140900,00022,61.0
140901,00022,378.0
140965,00022,120.0
141,00022,64.0
148177,00022,150.0
149096,00022,56.0
151682,00022,101.0
151683,00022,112.0
152036,00022,252.0
15257,00022,56.0
153396,00022,56.0
153671,00022,359.0
153730,00022,123.0
153733,00022,336.0
15434,00022,176.0
157653,00022,56.0
158121,00022,72.0
165,00022,270.0
166001,00022,112.0
168477,00022,104.0
168942,00022,56.0
169814,00022,217.0
1703,00022,134.0
170323,00022,112.0
170327,00022,110.0
172029,00022,258.0
172403,00022,71.0
17245,00022,214.0
172968,00022,159.0
17422,00022,112.0
17426,00022,110.0
17437,00022,350.0
174923,00022,129.0
17665,00022,879.0
17680,00022,594.0
17684,00022,504.0
1788,00022,104.0
180738,00022,72.0
181501,00022,162.0
181503,00022,56.0
182565,00022,56.0
182936,00022,60.0
182941,00022,154.0
182943,00022,140.0
185,00022,698.0
186096,00022,116.0
186097,00022,112.0
186612,00022,88.0
186615,00022,104.0
18892,00022,163.0
18896,00022,131.0
190,00022,731.0
190996,00022,94.0
192620,00022,1415.0
192774,00022,60.0
192833,00022,112.0
192835,00022,112.0
19312,00022,56.0
194662,00022,72.0
195295,00022,141.0
195296,00022,160.0
197305,00022,4898.0
198107,00022,157.0
19922,00022,56.0
201199,00022,432.0
204795,00022,70.0
208101,00022,138.0
210517,00022,129.0
211797,00022,2645.0
214740,00022,56.0
216538,00022,113.0
216599,00022,120.0
21759,00022,1403.0
217756,00022,72.0
218058,00022,10046.0
21814,00022,139.0
219966,00022,221.0
219973,00022,120.0
219991,00022,191.0
220264,00022,132.0
220266,00022,112.0
220344,00022,111.0
221258,00022,4349.0
225277,00022,60.0
225649,00022,80.0
225650,00022,56.0
225651,00022,76.0
226190,00022,69.0
22867,00022,6261.0
233,00022,528.0
236617,00022,194.0
2378,00022,137.0
24233,00022,144.0
24238,00022,72.0
243974,00022,86.0
248686,00022,60.0
2494,00022,103.0
249801,00022,64.0
252441,00022,72.0
253498,00022,78.0
256756,00022,211.0
25836,00022,64.0
25839,00022,108.0
25879,00022,9749.0
259431,00022,108.0
2617,00022,98.0
262459,00022,107.0
262811,00022,112.0
26334,00022,120.0
264068,00022,56.0
264337,00022,90.0
264347,00022,112.0
264904,00022,121.0
265034,00022,193.0
266334,00022,140.0
266335,00022,113.0
266336,00022,112.0
266407,00022,65.0
267335,00022,129.0
267336,00022,117.0
267384,00022,97.0
267923,00022,172.0
27343,00022,140.0
274088,00022,92.0
274129,00022,56.0
274131,00022,109.0
274132,00022,64.0
274801,00022,297.0
275701,00022,475.0
275892,00022,117.0
275893,00022,134.0
279557,00022,56.0
280495,00022,56.0
28303,00022,327.0
285375,00022,151.0
285381,00022,207.0
285389,00022,144.0
287459,00022,56.0
287475,00022,3644.0
288718,00022,268.0
288731,00022,133.0
288733,00022,211.0
288747,00022,196.0
288749,00022,172.0
288750,00022,91.0
288758,00022,126.0
288910,00022,108.0
289964,00022,117.0
29034,00022,112.0
290523,00022,297.0
291029,00022,128.0
291248,00022,120.0
292819,00022,214.0
294852,00022,90.0
295341,00022,163.0
301147,00022,56.0
30316,00022,182.0
305178,00022,56.0
306915,00022,189.0
306918,00022,485.0
307761,00022,104.0
307762,00022,113.0
308933,00022,115.0
309000,00022,185.0
309249,00022,183.0
31025,00022,113.0
31026,00022,111.0
31135,00022,144.0
312229,00022,111.0
312230,00022,80.0
312285,00022,242.0
312716,00022,64.0
313137,00022,104.0
315870,00022,165.0
316218,00022,113.0
320256,00022,218.0
320262,00022,56.0
320282,00022,56.0
321965,00022,91.0
321966,00022,315.0
322105,00022,113.0
324183,00022,225.0
32692,00022,780.0
32746,00022,1011.0
32757,00022,477.0
330287,00022,104.0
332816,00022,154.0
333109,00022,134.0
333110,00022,101.0
333111,00022,140.0
333112,00022,131.0
333113,00022,171.0
333989,00022,116.0
334296,00022,215.0
335462,00022,165.0
335511,00022,128.0
335512,00022,104.0
339030,00022,113.0
339031,00022,112.0
339192,00022,425.0
339585,00022,72.0
345280,00022,241.0
345481,00022,68.0
346738,00022,88.0
34708,00022,150.0
347140,00022,75.0
34726,00022,105.0
347438,00022,96.0
347439,00022,113.0
350405,00022,111.0
351576,00022,179.0
352018,00022,1500.0
353169,00022,117.0
353600,00022,104.0
354150,00022,740.0
355029,00022,97.0
355350,00022,112.0
357486,00022,234.0
359766,00022,112.0
360938,00022,175.0
36124,00022,143.0
361268,00022,125.0
361957,00022,113.0
362032,00022,56.0
365658,00022,5925.0
365958,00022,129.0
366927,00022,109.0
367471,00022,267.0
368517,00022,175.0
368732,00022,120.0
368923,00022,56.0
369247,00022,1351.0
369249,00022,300.0
369250,00022,176.0
369251,00022,72.0
370187,00022,304.0
370589,00022,100.0
371670,00022,116.0
371679,00022,112.0
371681,00022,165.0
373989,00022,112.0
3742,00022,72.0
37661,00022,106.0
379514,00022,60.0
379688,00022,109.0
379689,00022,64.0
379745,00022,64.0
380952,00022,112.0
380953,00022,80.0
380954,00022,56.0
380955,00022,56.0
383387,00022,875.0
383415,00022,106.0
383416,00022,105.0
383504,00022,159.0
384842,00022,64.0
384958,00022,137.0
385301,00022,18148.0
386681,00022,64.0
3874,00022,107.0
387628,00022,175.0
38827,00022,88.0
38828,00022,56.0
388723,00022,202.0
388724,00022,90.0
388770,00022,97.0
388771,00022,169.0
38889,00022,211.0
389488,00022,56.0
389772,00022,154.0
391517,00022,72.0
391602,00022,108.0
391603,00022,65.0
392555,00022,56.0
392613,00022,113.0
392614,00022,218.0
392615,00022,2233.0
394198,00022,77.0
395257,00022,1926.0
395258,00022,359.0
395300,00022,216.0
395636,00022,60.0
395672,00022,251.0
396569,00022,70.0
396570,00022,64.0
396585,00022,66.0
398380,00022,155.0
398596,00022,281.0
399637,00022,404.0
399638,00022,1315.0
400125,00022,112.0
400931,00022,301.0
40253,00022,120.0
402587,00022,136.0
402588,00022,389.0
402589,00022,104.0
402590,00022,112.0
402591,00022,116.0
402994,00022,56.0
405686,00022,64.0
405687,00022,122.0
406704,00022,64.0
406705,00022,112.0
406708,00022,80.0
406914,00022,72.0
407022,00022,102.0
407059,00022,56.0
408238,00022,88.0
408442,00022,144.0
408510,00022,884.0
408671,00022,112.0
408672,00022,113.0
40973,00022,60.0
409902,00022,217.0
409905,00022,1502.0
409908,00022,340.0
411600,00022,103.0
412161,00022,11881.0
412592,00022,80.0
41287,00022,753.0
414490,00022,208.0
414887,00022,87.0
415372,00022,188.0
415408,00022,104.0
415753,00022,672.0
416860,00022,361.0
418273,00022,104.0
418943,00022,111.0
419072,00022,90.0
419073,00022,211.0
419143,00022,195.0
419464,00022,2668.0
419559,00022,317.0
419840,00022,249.0
421273,00022,132.0
421274,00022,169.0
422480,00022,56.0
422610,00022,56.0
424207,00022,78.0
424446,00022,143.0
424610,00022,56.0
424670,00022,88.0
424672,00022,56.0
424716,00022,64.0
424719,00022,111.0
424739,00022,6710.0
424783,00022,80.0
42864,00022,56.0
430506,00022,669.0
430574,00022,138.0
430969,00022,5375.0
431265,00022,122.0
431267,00022,193.0
441012,00022,135.0
441125,00022,94.0
441126,00022,108.0
441131,00022,122.0
441132,00022,104.0
441151,00022,72.0
441394,00022,112.0
441462,00022,57.0
447545,00022,138.0
447594,00022,146.0
448547,00022,115.0
448552,00022,89.0
448634,00022,86.0
448705,00022,56.0
448848,00022,221.0
448850,00022,319.0
449064,00022,214.0
449299,00022,384.0
449300,00022,192.0
449486,00022,64.0
449969,00022,56.0
450298,00022,7598.0
450584,00022,116.0
450596,00022,318.0
450970,00022,117.0
451132,00022,993.0
451148,00022,309.0
451156,00022,104.0
451157,00022,121.0
451163,00022,309.0
451337,00022,353.0
451338,00022,174.0
451397,00022,166.0
452371,00022,86.0
453094,00022,156.0
453329,00022,196.0
45350,00022,168.0
453571,00022,56.0
453573,00022,108.0
453575,00022,112.0
454019,00022,63.0
454125,00022,93.0
454131,00022,123.0
454525,00022,56.0
45642,00022,12735.0
45643,00022,22403.0
45644,00022,5374.0
45645,00022,12404.0
457052,00022,96.0
457059,00022,240.0
457060,00022,206.0
457683,00022,3618.0
458235,00022,56.0
458236,00022,112.0
462618,00022,176.0
46282,00022,109.0
462990,00022,147.0
463417,00022,56.0
463448,00022,112.0
463450,00022,211.0
463451,00022,104.0
463452,00022,112.0
463649,00022,64.0
464114,00022,143.0
464118,00022,293.0
466270,00022,180.0
466271,00022,131.0
46691,00022,56.0
467540,00022,126.0
467831,00022,108.0
467832,00022,112.0
467833,00022,108.0
469084,00022,142.0
469174,00022,128.0
469311,00022,56.0
469355,00022,72.0
469371,00022,144.0
469833,00022,237.0
469902,00022,72.0
470119,00022,119.0
470121,00022,112.0
470122,00022,108.0
470123,00022,56.0
470459,00022,181.0
470927,00022,56.0
471326,00022,112.0
471613,00022,115.0
471614,00022,265.0
471965,00022,112.0
474664,00022,221.0
474665,00022,783.0
475037,00022,155.0
475593,00022,158.0
475594,00022,120.0
476698,00022,173.0
476799,00022,235.0
477120,00022,112.0
477218,00022,192.0
477219,00022,112.0
477222,00022,142.0
477224,00022,137.0
477225,00022,101.0
477226,00022,145.0
477227,00022,310.0
477229,00022,122.0
477658,00022,56.0
477661,00022,56.0
477662,00022,95.0
477894,00022,169.0
477895,00022,135.0
477896,00022,145.0
477897,00022,113.0
477899,00022,121.0
478219,00022,199.0
478544,00022,72.0
478549,00022,152.0
478550,00022,116.0
478655,00022,418.0
479254,00022,68.0
479677,00022,105.0
481705,00022,105.0
481706,00022,56.0
481928,00022,120.0
482395,00022,152.0
482713,00022,967.0
483593,00022,159.0
483992,00022,83.0
484250,00022,65.0
485480,00022,723.0
485485,00022,417.0
489180,00022,249.0
490870,00022,111.0
491844,00022,193.0
491845,00022,504.0
491971,00022,56.0
492032,00022,112.0
492616,00022,56.0
492617,00022,112.0
492618,00022,103.0
492668,00022,155.0
493548,00022,72.0
493601,00022,153.0
495679,00022,59.0
495680,00022,114.0
495682,00022,131.0
496326,00022,132.0
496569,00022,110.0
496570,00022,64.0
496586,00022,56.0
496972,00022,64.0
496973,00022,112.0
496994,00022,121.0
497250,00022,209.0
498805,00022,112.0
499125,00022,56.0
499194,00022,57.0
50,00022,56.0
500486,00022,113.0
500487,00022,101.0
500682,00022,184.0
500684,00022,189.0
500685,00022,56.0
500831,00022,184.0
501237,00022,1742.0
501238,00022,159.0
501239,00022,112.0
501541,00022,135.0
501664,00022,138.0
501961,00022,367.0
501962,00022,324.0
502011,00022,354.0
502023,00022,1071.0
502027,00022,706.0
502165,00022,326.0
502166,00022,201.0
502379,00022,124.0
502517,00022,158.0
502566,00022,120.0
502567,00022,114.0
502647,00022,961.0
502790,00022,107.0
503462,00022,112.0
503463,00022,112.0
505120,00022,64.0
505474,00022,112.0
505728,00022,176.0
506032,00022,156.0
506715,00022,61.0
506828,00022,1866.0
506829,00022,177.0
506830,00022,120.0
506831,00022,223.0
506853,00022,104.0
506867,00022,152.0
507101,00022,168.0
507486,00022,112.0
507524,00022,71.0
507945,00022,157.0
508200,00022,56.0
508421,00022,168.0
508864,00022,149.0
508983,00022,56.0
510106,00022,68.0
510810,00022,237.0
511295,00022,111.0
511494,00022,143.0
511495,00022,246.0
512102,00022,138.0
512103,00022,84.0
512241,00022,113.0
512242,00022,112.0
512983,00022,83.0
513147,00022,56.0
513490,00022,97.0
513621,00022,176.0
513622,00022,160.0
513957,00022,112.0
513958,00022,56.0
513960,00022,107.0
513962,00022,109.0
514080,00022,321.0
514081,00022,1324.0
514152,00022,96.0
514754,00022,172.0
515000,00022,145.0
515001,00022,57.0
515002,00022,109.0
515003,00022,121.0
515077,00022,56.0
515621,00022,142.0
515622,00022,91.0
515902,00022,281.0
516025,00022,56.0
516026,00022,237.0
517826,00022,56.0
518361,00022,115.0
518457,00022,168.0
519388,00022,56.0
519600,00022,2131.0
519632,00022,879.0
519645,00022,118.0
51965,00022,113.0
519903,00022,73.0
520078,00022,31749.0
520377,00022,92.0
520881,00022,133.0
521063,00022,56.0
521066,00022,57.0
521068,00022,56.0
523612,00022,113.0
523884,00022,361.0
524010,00022,339.0
524486,00022,68.0
524493,00022,112.0
524494,00022,172.0
524501,00022,219.0
524724,00022,112.0
525771,00022,112.0
526443,00022,82.0
526486,00022,1091.0
527161,00022,56.0
527164,00022,56.0
527165,00022,57.0
527781,00022,72.0
529668,00022,173.0
529671,00022,420.0
529675,00022,138.0
529707,00022,104.0
530475,00022,486.0
532695,00022,201.0
532696,00022,200.0
533578,00022,209.0
534518,00022,112.0
534519,00022,121.0
534709,00022,112.0
534757,00022,56.0
534758,00022,119.0
535442,00022,272.0
535443,00022,153.0
535444,00022,88.0
535445,00022,160.0
535642,00022,128.0
535678,00022,72.0
535679,00022,56.0
535680,00022,112.0
535681,00022,121.0
535790,00022,96.0
536959,00022,98.0
537183,00022,147.0
537184,00022,264.0
541867,00022,64.0
541868,00022,96.0
541870,00022,56.0
542455,00022,56.0
542692,00022,640.0
542693,00022,309.0
542695,00022,56.0
542696,00022,111.0
542697,00022,112.0
542699,00022,56.0
542726,00022,195.0
542727,00022,294.0
542728,00022,936.0
542729,00022,945.0
543027,00022,239.0
543148,00022,148.0
543149,00022,128.0
54358,00022,171.0
54359,00022,114.0
544987,00022,64.0
544991,00022,81.0
545002,00022,121.0
545840,00022,170.0
546019,00022,88.0
546020,00022,106.0
546245,00022,618.0
546675,00022,72.0
547768,00022,56.0
549011,00022,144.0
549229,00022,126.0
549230,00022,317.0
550003,00022,104.0
550423,00022,135.0
550495,00022,101.0
550702,00022,399.0
551925,00022,124.0
553033,00022,56.0
553034,00022,1025.0
553994,00022,64.0
554219,00022,103.0
555595,00022,248.0
555596,00022,56.0
555597,00022,100.0
555639,00022,94.0
555677,00022,64.0
555679,00022,291.0
555825,00022,231.0
556935,00022,1115.0
557103,00022,112.0
557104,00022,66.0
5574,00022,230.0
557578,00022,103.0
558769,00022,111.0
558771,00022,816.0
558803,00022,72.0
559295,00022,63.0
559396,00022,56.0
559398,00022,90.0
559402,00022,81.0
561099,00022,56.0
561101,00022,56.0
561670,00022,75.0
562044,00022,130.0
562562,00022,304.0
562718,00022,61.0
562893,00022,56.0
562947,00022,152.0
563203,00022,187.0
563204,00022,111.0
563221,00022,271.0
564465,00022,112.0
564466,00022,96.0
565849,00022,56.0
565852,00022,104.0
565853,00022,56.0
565854,00022,328.0
565855,00022,136.0
565858,00022,56.0
565904,00022,113.0
566,00022,109.0
566325,00022,1626.0
567303,00022,104.0
567764,00022,112.0
567765,00022,57.0
567802,00022,56.0
567901,00022,358.0
568341,00022,72.0
568342,00022,232.0
569646,00022,113.0
569649,00022,92.0
569701,00022,1430.0
570070,00022,311.0
570071,00022,247.0
570072,00022,112.0
570296,00022,56.0
570729,00022,232.0
571469,00022,161.0
571719,00022,59.0
571720,00022,112.0
574903,00022,61.0
575104,00022,112.0
575726,00022,144.0
575731,00022,264.0
575733,00022,98.0
575735,00022,56.0
575736,00022,89.0
575737,00022,140.0
576207,00022,129.0
57738,00022,73.0
578219,00022,144.0
578220,00022,264.0
578305,00022,104.0
578410,00022,112.0
578411,00022,90.0
578412,00022,98.0
578679,00022,103.0
578769,00022,56.0
578813,00022,160.0
578866,00022,112.0
579039,00022,108.0
579040,00022,112.0
579041,00022,102.0
579042,00022,117.0
579077,00022,56.0
579483,00022,92.0
579487,00022,56.0
579488,00022,56.0
57951,00022,115.0
57956,00022,101.0
579653,00022,86.0
580803,00022,2177.0
581143,00022,1097.0
581616,00022,112.0
58178,00022,56.0
582341,00022,2817.0
582615,00022,142.0
582620,00022,124.0
582682,00022,56.0
582945,00022,4492.0
582946,00022,646.0
582947,00022,1774.0
582948,00022,312.0
582949,00022,106.0
583271,00022,118.0
583272,00022,112.0
583647,00022,56.0
584926,00022,86.0
585347,00022,56.0
586104,00022,266.0
58632,00022,209.0
58633,00022,203.0
586500,00022,64.0
587130,00022,2981.0
587381,00022,117.0
587382,00022,125.0
587383,00022,170.0
587384,00022,56.0
587385,00022,116.0
587386,00022,98.0
587387,00022,56.0
587398,00022,83.0
587762,00022,56.0
587764,00022,82.0
587765,00022,86.0
588300,00022,56.0
588768,00022,105.0
588769,00022,57.0
589241,00022,106.0
589254,00022,56.0
5897,00022,221.0
5898,00022,378.0
590005,00022,56.0
590177,00022,112.0
590178,00022,120.0
590255,00022,330.0
590459,00022,104.0
590799,00022,129.0
593461,00022,680.0
593462,00022,112.0
593463,00022,112.0
593464,00022,208.0
593465,00022,224.0
593466,00022,136.0
594486,00022,168.0
594545,00022,56.0
595500,00022,136.0
595815,00022,72.0
598285,00022,64.0
598286,00022,56.0
598287,00022,64.0
598288,00022,56.0
598547,00022,1080.0
599369,00022,456.0
599393,00022,168.0
599394,00022,56.0
599395,00022,56.0
600291,00022,96.0
601140,00022,112.0
61735,00022,104.0
6232,00022,76.0
63009,00022,972.0
63860,00022,79.0
63861,00022,57.0
63862,00022,56.0
64104,00022,107.0
651,00022,63.0
65576,00022,171.0
65724,00022,136.0
67216,00022,120.0
67225,00022,282.0
68618,00022,479.0
68909,00022,1809.0
69183,00022,253.0
71765,00022,2578.0
71770,00022,372.0
73022,00022,56.0
7388,00022,119.0
7390,00022,136.0
78005,00022,209.0
78864,00022,170.0
78865,00022,289.0
79448,00022,95.0
79559,00022,195.0
80510,00022,258.0
8119,00022,174.0
81199,00022,153.0
8135,00022,126.0
82411,00022,687.0
83137,00022,56.0
85416,00022,82.0
85436,00022,56.0
8576,00022,156.0
86884,00022,111.0
86886,00022,112.0
86911,00022,104.0
86914,00022,68.0
88,00022,65.0
88567,00022,164.0
88572,00022,80.0
88579,00022,107.0
8870,00022,216.0
8871,00022,361.0
89975,00022,104.0
90052,00022,14845.0
90421,00022,140.0
90447,00022,71.0
94600,00022,193.0
94601,00022,56.0
94602,00022,136.0
94931,00022,56.0
94963,00022,117.0
96377,00022,111.0
96729,00022,112.0
96741,00022,80.0
99008,00022,70.0
99039,00022,1186.0
99775,00022,620.0
10019,00046,60.0
10091,00046,183.0
100933,00046,79.0
10112,00046,56.0
102,00046,56.0
102024,00046,56.0
102677,00046,434.0
102878,00046,64.0
102879,00046,56.0
103986,00046,10008.0
10714,00046,65.0
10735,00046,4741.0
10736,00046,434.0
10737,00046,203.0
10738,00046,265.0
10796,00046,163.0
10887,00046,124.0
10888,00046,80.0
10949,00046,59.0
10952,00046,60.0
109602,00046,56.0
11017,00046,56.0
110364,00046,3320.0
111849,00046,56.0
113618,00046,3248.0
114007,00046,103.0
116768,00046,11301.0
116769,00046,411.0
122178,00046,64.0
122807,00046,63.0
125550,00046,56.0
125669,00046,112.0
125671,00046,64.0
126192,00046,2074.0
126196,00046,222.0
126244,00046,72.0
1283,00046,190.0
131131,00046,172.0
131904,00046,169.0
135286,00046,222.0
136718,00046,11056.0
140901,00046,112.0
1414,00046,76.0
150420,00046,56.0
152036,00046,184.0
157653,00046,56.0
159994,00046,73.0
160552,00046,56.0
160965,00046,56.0
165,00046,604.0
1703,00046,56.0
170323,00046,64.0
170327,00046,92.0
1717,00046,56.0
17245,00046,113.0
172968,00046,56.0
173245,00046,56.0
17422,00046,176.0
17426,00046,3045.0
17437,00046,7539.0
175600,00046,56.0
175602,00046,56.0
17665,00046,319.0
17680,00046,277.0
17684,00046,296.0
1788,00046,90.0
180738,00046,119.0
181501,00046,135.0
182940,00046,144.0
182941,00046,530.0
182943,00046,745.0
183398,00046,56.0
185,00046,928.0
186096,00046,297.0
186097,00046,204.0
190,00046,146.0
192620,00046,614.0
19312,00046,56.0
194667,00046,57.0
194669,00046,74.0
195295,00046,3940.0
195296,00046,1440.0
197305,00046,328.0
201199,00046,444.0
201233,00046,56.0
204795,00046,120.0
206726,00046,56.0
210517,00046,56.0
211797,00046,1581.0
2136,00046,56.0
21759,00046,996.0
218058,00046,1105.0
21814,00046,56.0
219966,00046,73.0
219973,00046,64.0
219991,00046,104.0
221258,00046,2279.0
225277,00046,56.0
226679,00046,96.0
226892,00046,112.0
22867,00046,8570.0
233,00046,655.0
235917,00046,56.0
2378,00046,56.0
2494,00046,1508.0
253498,00046,115.0
25663,00046,451.0
25879,00046,324.0
2617,00046,120.0
261900,00046,56.0
264068,00046,56.0
264904,00046,56.0
265174,00046,56.0
267335,00046,112.0
267336,00046,104.0
27322,00046,59.0
274587,00046,56.0
274594,00046,73.0
28303,00046,1491262758.0
285375,00046,130.0
286550,00046,56.0
287475,00046,1210.0
287629,00046,64.0
288718,00046,56.0
288731,00046,56.0
288747,00046,112.0
288749,00046,142.0
288758,00046,81.0
289964,00046,56.0
292819,00046,265.0
294852,00046,56.0
295341,00046,959.0
301147,00046,281.0
301806,00046,64.0
30316,00046,128.0
306915,00046,1990.0
306916,00046,95.0
306917,00046,279.0
306918,00046,14557.0
308933,00046,56.0
309000,00046,151.0
31135,00046,521.0
312229,00046,56.0
312230,00046,73.0
312550,00046,56.0
320256,00046,83.0
320282,00046,208.0
321965,00046,69.0
321966,00046,185.0
32654,00046,0.0
32661,00046,-23.0
32692,00046,4120.0
32746,00046,894.0
32757,00046,4112.0
330287,00046,144.0
332368,00046,56.0
332370,00046,57.0
333109,00046,134.0
333110,00046,56.0
333111,00046,56.0
333112,00046,102.0
333113,00046,97.0
335334,00046,56.0
335462,00046,56.0
335511,00046,120.0
335512,00046,136.0
339030,00046,60.0
345481,00046,81.0
34708,00046,153.0
34726,00046,224.0
347438,00046,82.0
347440,00046,102.0
34810,00046,56.0
34812,00046,56.0
34813,00046,64.0
350573,00046,56.0
351576,00046,184.0
352018,00046,9162.0
353169,00046,56.0
35368,00046,64.0
35370,00046,56.0
354327,00046,56.0
360323,00046,79.0
360938,00046,116.0
362129,00046,66.0
36418,00046,128.0
365658,00046,99.0
365958,00046,623.0
367471,00046,56.0
368517,00046,104.0
371333,00046,56.0
371670,00046,56.0
371679,00046,56.0
371681,00046,75.0
374557,00046,104.0
37661,00046,112.0
379514,00046,56.0
380952,00046,56.0
380953,00046,62.0
380954,00046,56.0
380955,00046,56.0
380957,00046,105.0
383387,00046,213.0
383416,00046,56.0
383504,00046,57.0
385301,00046,427.0
38828,00046,56.0
391602,00046,57.0
391603,00046,56.0
392555,00046,56.0
392613,00046,367.0
392614,00046,112.0
392615,00046,196.0
395257,00046,974.0
395258,00046,2835.0
395300,00046,64.0
395672,00046,129.0
398085,00046,96.0
398514,00046,14458.0
398596,00046,324.0
400124,00046,112.0
400125,00046,230.0
40253,00046,200.0
402587,00046,112.0
402588,00046,112.0
402589,00046,56.0
402590,00046,56.0
405528,00046,56.0
405529,00046,57.0
405530,00046,65.0
407570,00046,56.0
408238,00046,215.0
408442,00046,56.0
408510,00046,23386.0
408610,00046,64.0
408671,00046,94.0
408672,00046,109.0
4088,00046,113.0
409905,00046,1668.0
409908,00046,113.0
411545,00046,61.0
411600,00046,56.0
412161,00046,550.0
41287,00046,274.0
414553,00046,58.0
415753,00046,74.0
416860,00046,240.0
417695,00046,145.0
4190,00046,56.0
419072,00046,100.0
419073,00046,117.0
419464,00046,9796.0
419840,00046,182.0
421273,00046,252.0
421274,00046,334.0
422480,00046,61.0
424739,00046,1070.0
42864,00046,58.0
430506,00046,128.0
430574,00046,192.0
430969,00046,46251.0
431265,00046,1164.0
431267,00046,2117.0
441012,00046,120.0
447594,00046,56.0
448634,00046,162.0
448848,00046,56.0
448849,00046,176.0
448850,00046,202.0
449299,00046,81.0
450298,00046,9250.0
450584,00046,72.0
450596,00046,171.0
451029,00046,73.0
451132,00046,667.0
451148,00046,3841.0
451163,00046,7626.0
451337,00046,4544.0
451338,00046,1879.0
453094,00046,979.0
454019,00046,56.0
454020,00046,110.0
454125,00046,202.0
454128,00046,56.0
454131,00046,416.0
454406,00046,56.0
454525,00046,112.0
454569,00046,112.0
454729,00046,56.0
454730,00046,56.0
454732,00046,56.0
454820,00046,266.0
454854,00046,64.0
454868,00046,56.0
454935,00046,206.0
455105,00046,214.0
455106,00046,2388.0
455107,00046,206.0
455108,00046,104.0
455109,00046,803.0
455112,00046,420.0
455113,00046,635.0
455452,00046,274.0
455454,00046,626.0
455462,00046,200.0
455463,00046,138.0
455464,00046,230.0
455465,00046,65.0
455467,00046,254.0
455468,00046,114.0
455469,00046,283.0
455520,00046,415.0
455522,00046,233.0
455523,00046,180.0
455524,00046,6851.0
455525,00046,155.0
45642,00046,333.0
45643,00046,115.0
45644,00046,126.0
45645,00046,192.0
456473,00046,56.0
457052,00046,424.0
457059,00046,5515.0
457060,00046,2282.0
457706,00046,1326.0
458174,00046,302.0
458187,00046,168.0
458189,00046,334.0
458235,00046,224.0
458236,00046,199.0
4589,00046,56.0
459441,00046,56.0
462098,00046,144.0
462099,00046,200.0
462100,00046,192.0
462101,00046,152.0
462618,00046,180.0
46282,00046,72.0
462965,00046,167.0
462990,00046,61.0
464114,00046,64.0
464118,00046,130.0
466270,00046,915.0
466271,00046,1372.0
467540,00046,56.0
469833,00046,146.0
4699,00046,56.0
471613,00046,142.0
471614,00046,334.0
471965,00046,56.0
472419,00046,56.0
472991,00046,64.0
473931,00046,121.0
474664,00046,88.0
474665,00046,245.0
475037,00046,205.0
475594,00046,112.0
476067,00046,56.0
476075,00046,56.0
476159,00046,57.0
476160,00046,56.0
476161,00046,56.0
476162,00046,56.0
476173,00046,56.0
476174,00046,56.0
476175,00046,56.0
476698,00046,112.0
477120,00046,56.0
477226,00046,64.0
477894,00046,232.0
477895,00046,313.0
477896,00046,125.0
477897,00046,97.0
477959,00046,56.0
478070,00046,160.0
478219,00046,325.0
478655,00046,120.0
479036,00046,104.0
480129,00046,56.0
480184,00046,56.0
480988,00046,56.0
480989,00046,56.0
480990,00046,56.0
481500,00046,72.0
483593,00046,79.0
484791,00046,65.0
485480,00046,354.0
4886,00046,56.0
490870,00046,796.0
491349,00046,113.0
492668,00046,112.0
493601,00046,121.0
497250,00046,111.0
499548,00046,121.0
50,00046,56.0
500196,00046,56.0
501237,00046,687.0
501238,00046,112.0
501239,00046,112.0
501541,00046,339.0
501664,00046,1648.0
502382,00046,103.0
502517,00046,1032.0
502526,00046,64.0
502528,00046,77.0
502566,00046,64.0
502647,00046,193.0
505474,00046,167.0
506032,00046,212.0
506479,00046,64.0
506480,00046,80.0
506481,00046,159.0
506828,00046,5524.0
506867,00046,298.0
510810,00046,96.0
512101,00046,56.0
512102,00046,116.0
512103,00046,56.0
512241,00046,113.0
512242,00046,65.0
512531,00046,56.0
512836,00046,56.0
512839,00046,128.0
512983,00046,117.0
513490,00046,89.0
514080,00046,240.0
514081,00046,98.0
514454,00046,74.0
514455,00046,60.0
514456,00046,56.0
514457,00046,56.0
514464,00046,56.0
515000,00046,1268.0
515001,00046,110.0
515002,00046,354.0
515003,00046,172.0
515621,00046,114.0
515902,00046,743.0
517748,00046,56.0
517803,00046,64.0
518211,00046,11705.0
518212,00046,776.0
518213,00046,6901.0
518384,00046,56.0
518457,00046,3026.0
519600,00046,199.0
519632,00046,88.0
51965,00046,200.0
520078,00046,2939.0
520377,00046,2363.0
520379,00046,2389.0
523646,00046,107.0
523647,00046,56.0
523884,00046,172.0
524010,00046,56.0
524493,00046,72.0
524494,00046,112.0
526443,00046,218.0
526486,00046,330.0
527161,00046,56.0
527165,00046,64.0
530475,00046,156815.0
532695,00046,7821.0
532696,00046,2064.0
534518,00046,155.0
534519,00046,64.0
534757,00046,485.0
534758,00046,104.0
537183,00046,96.0
537184,00046,304.0
539491,00046,458.0
539492,00046,304.0
539493,00046,625.0
539494,00046,309.0
542281,00046,124.0
542692,00046,63.0
542693,00046,121.0
542695,00046,56.0
542696,00046,80.0
542697,00046,160.0
542698,00046,56.0
542699,00046,56.0
542726,00046,56.0
542727,00046,56.0
542728,00046,206.0
542729,00046,167.0
543148,00046,1153.0
543149,00046,5601.0
54358,00046,56.0
54359,00046,56.0
544808,00046,266.0
544991,00046,109.0
545002,00046,11079.0
546019,00046,111.0
546020,00046,141.0
546245,00046,2485.0
549422,00046,136.0
550465,00046,104.0
550702,00046,708.0
551925,00046,95.0
552120,00046,1046.0
552121,00046,560.0
552122,00046,517.0
553033,00046,70.0
553034,00046,653.0
553592,00046,231.0
553994,00046,160.0
553995,00046,109.0
555193,00046,56.0
555194,00046,72.0
55556,00046,56.0
555595,00046,113.0
555596,00046,56.0
555597,00046,142.0
555677,00046,56.0
555679,00046,124.0
555825,00046,1196.0
556935,00046,233.0
5574,00046,194.0
557695,00046,56.0
557696,00046,56.0
557697,00046,56.0
557698,00046,107.0
559885,00046,112.0
561670,00046,107.0
562044,00046,56.0
563179,00046,296.0
563180,00046,370.0
563181,00046,81.0
563221,00046,75.0
564013,00046,56.0
565184,00046,1149.0
565185,00046,250.0
565854,00046,33157.0
565855,00046,211.0
565904,00046,115.0
566325,00046,321.0
567764,00046,128.0
567765,00046,56.0
567901,00046,207.0
568342,00046,224.0
569701,00046,145.0
570091,00046,56.0
570564,00046,56.0
570729,00046,108.0
571469,00046,177.0
571719,00046,56.0
571720,00046,167.0
576207,00046,1615.0
576692,00046,56.0
578219,00046,112.0
578220,00046,104.0
578305,00046,69.0
578410,00046,405.0
578411,00046,307.0
578412,00046,488.0
578813,00046,117.0
579039,00046,331.0
579040,00046,164.0
579041,00046,272.0
579042,00046,127.0
57951,00046,248.0
57956,00046,147.0
579653,00046,72.0
579972,00046,56.0
580803,00046,1157.0
581143,00046,410.0
582341,00046,356.0
582615,00046,226.0
582620,00046,95.0
582682,00046,56.0
582945,00046,114.0
582946,00046,144.0
582947,00046,222.0
582948,00046,817.0
582949,00046,95.0
583271,00046,116.0
583272,00046,146.0
586104,00046,121.0
587130,00046,180.0
587397,00046,60.0
587398,00046,160.0
588741,00046,99.0
588862,00046,999.0
5897,00046,288.0
5898,00046,500.0
590005,00046,56.0
590177,00046,56.0
590253,00046,121.0
590255,00046,216.0
590797,00046,81.0
590798,00046,56.0
593460,00046,416.0
595672,00046,112.0
598285,00046,176.0
598286,00046,56.0
598287,00046,128.0
598288,00046,64.0
599369,00046,4216.0
600005,00046,34336.0
61735,00046,56.0
6232,00046,56.0
6262,00046,56.0
63009,00046,112.0
63861,00046,64.0
6394,00046,56.0
64104,00046,56.0
6493,00046,56.0
651,00046,135.0
6536,00046,56.0
65576,00046,891.0
65724,00046,56.0
67225,00046,65.0
68618,00046,1762.0
68786,00046,112.0
68909,00046,632.0
70124,00046,113.0
71765,00046,171485.0
71770,00046,497.0
71773,00046,156.0
71800,00046,56.0
73022,00046,63.0
7388,00046,113.0
7390,00046,152.0
7502,00046,56.0
75862,00046,56.0
75952,00046,107.0
77213,00046,56.0
78005,00046,112.0
79448,00046,113.0
79559,00046,56.0
80510,00046,90.0
80703,00046,161.0
81135,00046,56.0
81136,00046,56.0
8119,00046,112.0
82411,00046,156.0
83137,00046,170.0
83309,00046,56.0
85436,00046,56.0
8576,00046,217.0
86884,00046,113.0
86886,00046,117.0
86911,00046,113.0
86914,00046,56.0
88,00046,56.0
89179,00046,74.0
90052,00046,433.0
90421,00046,60.0
90447,00046,67.0
92248,00046,138.0
92249,00046,101.0
92254,00046,107.0
92913,00046,56.0
94537,00046,56.0
9470,00046,56.0
94931,00046,93.0
94963,00046,272.0
95912,00046,56.0
96377,00046,799.0
96726,00046,164.0
96728,00046,148.0
96729,00046,722.0
96731,00046,56.0
96741,00046,56.0
96909,00046,56.0
96910,00046,56.0
97558,00046,64.0
98865,00046,56.0
98866,00046,56.0
98869,00046,139.0
99008,00046,61.0
99039,00046,221.0
9935,00046,56.0
99369,00046,87.0
99775,00046,359.0
99776,00046,56.0
10019,00095,179.0
10091,00095,195.0
100933,00095,64.0
10112,00095,64.0
102024,00095,56.0
102677,00095,263.0
102878,00095,96.0
102879,00095,56.0
103986,00095,8072.0
10714,00095,102.0
10735,00095,323.0
10737,00095,146.0
10738,00095,281.0
10796,00095,145.0
10887,00095,153.0
10888,00095,56.0
10949,00095,56.0
10952,00095,56.0
109602,00095,56.0
11017,00095,56.0
110364,00095,752.0
111849,00095,56.0
113618,00095,2284.0
114007,00095,99.0
116768,00095,163.0
116769,00095,112.0
122178,00095,121.0
122807,00095,88.0
125550,00095,64.0
125669,00095,192.0
125671,00095,64.0
126192,00095,920.0
126196,00095,1152.0
126244,00095,112.0
1283,00095,209.0
131131,00095,160.0
131904,00095,123.0
135286,00095,139.0
136718,00095,1195.0
140901,00095,128.0
1414,00095,56.0
150419,00095,56.0
150420,00095,56.0
152036,00095,116.0
15257,00095,56.0
157653,00095,112.0
159994,00095,56.0
160552,00095,65.0
165,00095,992.0
1703,00095,90.0
170323,00095,72.0
170327,00095,159.0
1717,00095,60.0
17245,00095,244.0
172968,00095,177.0
173245,00095,56.0
17426,00095,428.0
17437,00095,1790.0
175602,00095,64.0
17665,00095,147.0
17680,00095,333.0
17684,00095,344.0
1788,00095,91.0
180738,00095,112.0
181470,00095,56.0
181501,00095,112.0
182940,00095,99.0
182941,00095,234.0
182943,00095,255.0
183398,00095,56.0
185,00095,1485.0
186096,00095,112.0
186097,00095,177.0
190,00095,614.0
192620,00095,817.0
194669,00095,105.0
195295,00095,805.0
195296,00095,113.0
197305,00095,382.0
19922,00095,56.0
201199,00095,155.0
204795,00095,96.0
206726,00095,56.0
210517,00095,56.0
211797,00095,1993.0
2136,00095,64.0
214740,00095,72.0
21759,00095,1388.0
218058,00095,507.0
21814,00095,56.0
219966,00095,109.0
219973,00095,56.0
219991,00095,99.0
221258,00095,4291.0
225277,00095,56.0
226679,00095,100.0
226892,00095,126.0
22867,00095,8417.0
233,00095,2881.0
235917,00095,56.0
2378,00095,56.0
2494,00095,202.0
253498,00095,127.0
25663,00095,377.0
25879,00095,1386.0
2617,00095,108.0
261900,00095,56.0
264068,00095,56.0
267335,00095,112.0
267336,00095,106.0
272016,00095,85.0
27343,00095,68.0
274587,00095,56.0
274594,00095,56.0
28303,00095,2522302348.0
285375,00095,80.0
287475,00095,985.0
288718,00095,71.0
288731,00095,64.0
288733,00095,56.0
288747,00095,64.0
288749,00095,112.0
288758,00095,203.0
289964,00095,78.0
291708,00095,56.0
294852,00095,56.0
295341,00095,810.0
296048,00095,56.0
301147,00095,306.0
301806,00095,56.0
30316,00095,175.0
306915,00095,1801.0
306916,00095,56.0
306917,00095,203.0
306918,00095,2713.0
309000,00095,117.0
31135,00095,120.0
312229,00095,68.0
312230,00095,171.0
312550,00095,78.0
315870,00095,56.0
320256,00095,112.0
320282,00095,185.0
321965,00095,56.0
321966,00095,104.0
32654,00095,56.0
32661,00095,9.0
32692,00095,2611.0
32746,00095,1174.0
32757,00095,255436374.0
330287,00095,147.0
332370,00095,56.0
333109,00095,84.0
333110,00095,64.0
333111,00095,56.0
333112,00095,144.0
333113,00095,118.0
335462,00095,57.0
335511,00095,56.0
335512,00095,113.0
339030,00095,56.0
345481,00095,88.0
34708,00095,56.0
34726,00095,120.0
347438,00095,60.0
347440,00095,56.0
34810,00095,56.0
34812,00095,56.0
350573,00095,56.0
351576,00095,117.0
352018,00095,42867.0
353169,00095,139.0
35368,00095,56.0
35374,00095,56.0
354150,00095,103.0
354327,00095,56.0
360938,00095,223.0
362129,00095,56.0
36418,00095,120.0
365658,00095,112.0
365958,00095,592.0
367471,00095,112.0
368517,00095,113.0
371679,00095,56.0
371681,00095,81.0
37661,00095,56.0
379514,00095,56.0
380952,00095,56.0
380953,00095,56.0
380954,00095,56.0
380955,00095,56.0
380957,00095,56.0
383387,00095,88.0
383415,00095,56.0
383416,00095,56.0
383504,00095,78.0
385301,00095,378.0
38828,00095,72.0
391602,00095,56.0
391603,00095,56.0
392555,00095,64.0
392613,00095,202.0
392614,00095,65.0
392615,00095,219.0
395257,00095,406.0
395258,00095,4334.0
395672,00095,95.0
398514,00095,3868.0
398596,00095,112.0
400124,00095,56.0
400125,00095,170.0
40253,00095,64.0
402587,00095,56.0
402588,00095,56.0
402589,00095,56.0
402590,00095,56.0
405528,00095,56.0
405529,00095,56.0
405530,00095,56.0
407570,00095,56.0
408238,00095,298.0
408510,00095,12241.0
408610,00095,56.0
408671,00095,56.0
408672,00095,100.0
409905,00095,6786.0
409908,00095,104.0
411545,00095,96.0
411600,00095,112.0
412161,00095,192.0
41287,00095,139.0
415590,00095,161.0
415753,00095,95.0
416860,00095,187.0
417695,00095,171.0
4190,00095,56.0
419072,00095,56.0
419073,00095,118.0
419464,00095,2844.0
419840,00095,216.0
421273,00095,262.0
421274,00095,300.0
422480,00095,83.0
424610,00095,56.0
424739,00095,274.0
42864,00095,96.0
430574,00095,126.0
430969,00095,24328.0
431265,00095,241.0
431267,00095,1280.0
440642,00095,56.0
440643,00095,56.0
441012,00095,56.0
448634,00095,113.0
448848,00095,56.0
448849,00095,160.0
448850,00095,810.0
449299,00095,80.0
450298,00095,10376.0
450584,00095,122.0
450596,00095,109.0
451132,00095,473.0
451148,00095,2943.0
451163,00095,4444.0
451337,00095,1898.0
451338,00095,195.0
453094,00095,897.0
454020,00095,112.0
454125,00095,190.0
454128,00095,56.0
454131,00095,511.0
454406,00095,56.0
454525,00095,88.0
454569,00095,128.0
454729,00095,56.0
454730,00095,56.0
454732,00095,56.0
454820,00095,208.0
454854,00095,68.0
454935,00095,113.0
455105,00095,234.0
455106,00095,1845.0
455107,00095,367.0
455108,00095,72.0
455109,00095,419.0
455112,00095,258.0
455113,00095,430.0
455452,00095,86.0
455454,00095,366.0
455462,00095,120.0
455463,00095,83.0
455464,00095,83.0
455465,00095,65.0
455467,00095,145.0
455468,00095,81.0
455469,00095,166.0
455520,00095,1565.0
455522,00095,172.0
455523,00095,222.0
455524,00095,2303.0
455525,00095,376.0
45642,00095,674.0
45643,00095,410.0
45644,00095,247.0
45645,00095,164.0
456473,00095,128.0
457052,00095,169.0
457059,00095,182.0
457060,00095,125.0
457706,00095,786.0
458174,00095,384.0
458187,00095,128.0
458189,00095,172.0
458235,00095,292.0
458236,00095,272.0
4589,00095,56.0
459441,00095,56.0
462098,00095,120.0
462099,00095,176.0
462100,00095,160.0
462101,00095,176.0
462618,00095,165.0
46282,00095,98.0
462965,00095,112.0
462990,00095,60.0
464114,00095,56.0
464118,00095,108.0
466270,00095,642.0
466271,00095,1037.0
467540,00095,64.0
469833,00095,115.0
471613,00095,131.0
471614,00095,336.0
471965,00095,56.0
472419,00095,56.0
472991,00095,108.0
473931,00095,148.0
474664,00095,56.0
474665,00095,146.0
475037,00095,144.0
475593,00095,72.0
475594,00095,63.0
476067,00095,56.0
476075,00095,56.0
476159,00095,128.0
476160,00095,56.0
476161,00095,56.0
476162,00095,56.0
476173,00095,56.0
476174,00095,56.0
476175,00095,56.0
476698,00095,113.0
477894,00095,254.0
477895,00095,270.0
477896,00095,123.0
477897,00095,96.0
477959,00095,56.0
477966,00095,56.0
478070,00095,83.0
478219,00095,168.0
478655,00095,144.0
479036,00095,60.0
479677,00095,56.0
480129,00095,56.0
481500,00095,80.0
482755,00095,239.0
483593,00095,56.0
484791,00095,56.0
485480,00095,57.0
4886,00095,56.0
490870,00095,287.0
491349,00095,84.0
492668,00095,64.0
493601,00095,248.0
497250,00095,254.0
499548,00095,111.0
50,00095,56.0
500200,00095,56.0
501237,00095,2357.0
501238,00095,61.0
501239,00095,109.0
501541,00095,252.0
501664,00095,116.0
502023,00095,136.0
502382,00095,112.0
502517,00095,1158.0
502526,00095,104.0
502528,00095,57.0
502566,00095,56.0
502647,00095,137.0
504349,00095,56.0
505474,00095,101.0
506032,00095,112.0
506479,00095,56.0
506480,00095,126.0
506481,00095,315.0
506828,00095,20022.0
506867,00095,242.0
509039,00095,56.0
510810,00095,112.0
512102,00095,96.0
512103,00095,56.0
512241,00095,134.0
512242,00095,65.0
512531,00095,56.0
512836,00095,56.0
512839,00095,129.0
512983,00095,107.0
514080,00095,175.0
514081,00095,69.0
514454,00095,106.0
514455,00095,56.0
514456,00095,56.0
514457,00095,56.0
515000,00095,231.0
515001,00095,56.0
515002,00095,164.0
515003,00095,75.0
515621,00095,64.0
515622,00095,72.0
515902,00095,498.0
517748,00095,56.0
517803,00095,96.0
518211,00095,484.0
518212,00095,179.0
518213,00095,195.0
518457,00095,347.0
519600,00095,183.0
519632,00095,71.0
51965,00095,241.0
519903,00095,56.0
520078,00095,1082.0
520377,00095,528.0
520379,00095,589.0
523646,00095,121.0
523647,00095,141.0
523884,00095,328.0
524493,00095,56.0
524494,00095,75.0
526443,00095,178.0
526486,00095,237.0
527161,00095,108.0
527165,00095,112.0
530475,00095,639134.0
532695,00095,234.0
532696,00095,655.0
534518,00095,115.0
534519,00095,56.0
534668,00095,56.0
534669,00095,56.0
534757,00095,103.0
534758,00095,56.0
537183,00095,99.0
537184,00095,258.0
539491,00095,270.0
539492,00095,313.0
539493,00095,492.0
539494,00095,297.0
542281,00095,117.0
542692,00095,112.0
542693,00095,171.0
542695,00095,57.0
542696,00095,56.0
542697,00095,122.0
542698,00095,56.0
542699,00095,56.0
542726,00095,90.0
542727,00095,84.0
542728,00095,108.0
542729,00095,151.0
543148,00095,1563.0
543149,00095,6441.0
54358,00095,56.0
54359,00095,68.0
544808,00095,257.0
544991,00095,81.0
545002,00095,4164.0
545840,00095,56.0
546019,00095,350.0
546020,00095,554.0
546245,00095,1237.0
549422,00095,121.0
550465,00095,179.0
550702,00095,173.0
551925,00095,109.0
552120,00095,350.0
552121,00095,381.0
552122,00095,230.0
553033,00095,61.0
553034,00095,470.0
553592,00095,1039.0
553994,00095,191.0
553995,00095,104.0
55556,00095,56.0
555595,00095,112.0
555596,00095,56.0
555597,00095,106.0
555677,00095,56.0
555679,00095,181.0
555825,00095,363.0
556935,00095,193.0
5574,00095,112.0
557695,00095,56.0
557696,00095,56.0
557697,00095,60.0
561670,00095,217.0
562044,00095,95.0
563179,00095,232.0
563180,00095,1276.0
563181,00095,57.0
563221,00095,151.0
564013,00095,56.0
565184,00095,2244.0
565185,00095,283.0
565186,00095,89.0
565854,00095,1127.0
565855,00095,179.0
565904,00095,119.0
566325,00095,210.0
567592,00095,72.0
567764,00095,112.0
567765,00095,88.0
567901,00095,80.0
568342,00095,168.0
568730,00095,56.0
569701,00095,243.0
570091,00095,56.0
570729,00095,136.0
571469,00095,204.0
571719,00095,56.0
571720,00095,68.0
575103,00095,160.0
576207,00095,254.0
576692,00095,56.0
578219,00095,112.0
578220,00095,72.0
578305,00095,113.0
578410,00095,114.0
578411,00095,112.0
578412,00095,225.0
578813,00095,88.0
579039,00095,150.0
579040,00095,157.0
579041,00095,116.0
579042,00095,64.0
57951,00095,111.0
57956,00095,61.0
579653,00095,56.0
579972,00095,63.0
580803,00095,304.0
581143,00095,316.0
582341,00095,193.0
582615,00095,120.0
582620,00095,64.0
582945,00095,142.0
582946,00095,117.0
582947,00095,494.0
582948,00095,340.0
582949,00095,115.0
583271,00095,141.0
583272,00095,104.0
584926,00095,56.0
586104,00095,148.0
587130,00095,202.0
587397,00095,56.0
587398,00095,118.0
588741,00095,67.0
588862,00095,9886.0
5897,00095,121.0
5898,00095,521.0
590005,00095,57.0
590177,00095,64.0
590253,00095,120.0
590797,00095,95.0
590798,00095,72.0
590799,00095,88.0
593460,00095,784.0
595672,00095,56.0
598285,00095,160.0
598287,00095,96.0
599369,00095,1960.0
600005,00095,80432.0
61735,00095,63.0
6232,00095,108.0
6262,00095,56.0
63009,00095,191.0
63861,00095,112.0
6394,00095,56.0
64104,00095,56.0
651,00095,152.0
6536,00095,56.0
65576,00095,1075.0
65724,00095,56.0
67225,00095,160.0
68618,00095,540.0
68786,00095,102.0
68909,00095,283.0
70124,00095,77.0
71765,00095,16515.0
71770,00095,140.0
71773,00095,196.0
71800,00095,56.0
73022,00095,112.0
7388,00095,56.0
7390,00095,161.0
7502,00095,56.0
75862,00095,56.0
75952,00095,65.0
77153,00095,56.0
77215,00095,56.0
78005,00095,246.0
79448,00095,116.0
79559,00095,56.0
80510,00095,57.0
80703,00095,112.0
81135,00095,112.0
81136,00095,56.0
8119,00095,112.0
81199,00095,107.0
82411,00095,338.0
83137,00095,156.0
85436,00095,56.0
8576,00095,489.0
86884,00095,112.0
86886,00095,80.0
86911,00095,56.0
86914,00095,56.0
88,00095,56.0
8870,00095,64.0
89179,00095,60.0
90052,00095,1190.0
90421,00095,75.0
90447,00095,56.0
92248,00095,312.0
92249,00095,149.0
92254,00095,165.0
94931,00095,89.0
94963,00095,182.0
96377,00095,244.0
96726,00095,158.0
96728,00095,74.0
96729,00095,384.0
96731,00095,56.0
96741,00095,72.0
96909,00095,56.0
96910,00095,56.0
97558,00095,64.0
98865,00095,56.0
98866,00095,57.0
98869,00095,112.0
99008,00095,56.0
99039,00095,614.0
9935,00095,56.0
99369,00095,85.0
99775,00095,217.0
99776,00095,56.0
10091,00155,128.0
102024,00155,56.0
102677,00155,390.0
102879,00155,56.0
103986,00155,503.0
10714,00155,56.0
10735,00155,635.0
10737,00155,65.0
10738,00155,200.0
10796,00155,109.0
10887,00155,99.0
10888,00155,56.0
110364,00155,228.0
113618,00155,668.0
114007,00155,93.0
116768,00155,128.0
116769,00155,112.0
122178,00155,56.0
125550,00155,64.0
125669,00155,56.0
125671,00155,72.0
126192,00155,1835.0
126196,00155,137.0
126244,00155,56.0
1283,00155,56.0
131904,00155,56.0
135286,00155,116.0
136718,00155,406.0
140901,00155,72.0
1414,00155,56.0
152036,00155,56.0
157653,00155,56.0
165,00155,67.0
1703,00155,64.0
170323,00155,88.0
170327,00155,56.0
17245,00155,106.0
17426,00155,126.0
17437,00155,273.0
17665,00155,150.0
17680,00155,86.0
17684,00155,56.0
181501,00155,56.0
182940,00155,72.0
182941,00155,97.0
182943,00155,147.0
185,00155,172.0
186096,00155,120.0
186097,00155,106.0
190,00155,149.0
192620,00155,56.0
195295,00155,112.0
195296,00155,69.0
197305,00155,424.0
201199,00155,66.0
204795,00155,80.0
211797,00155,136.0
2136,00155,56.0
21759,00155,90.0
218058,00155,174.0
21814,00155,56.0
219966,00155,56.0
219991,00155,56.0
221258,00155,187.0
225277,00155,56.0
226679,00155,56.0
226892,00155,56.0
22867,00155,293.0
233,00155,95.0
235917,00155,56.0
2494,00155,94.0
253498,00155,56.0
25663,00155,208.0
25879,00155,122.0
2617,00155,56.0
267335,00155,96.0
267336,00155,98.0
28303,00155,62.0
287475,00155,339.0
288747,00155,56.0
288749,00155,67.0
288758,00155,56.0
289964,00155,93.0
295341,00155,152.0
301147,00155,90.0
30316,00155,126.0
306915,00155,72.0
306918,00155,17945.0
31135,00155,108.0
312229,00155,75.0
312230,00155,56.0
312550,00155,56.0
320256,00155,64.0
320282,00155,71.0
321965,00155,64.0
321966,00155,56.0
32654,00155,56.0
32692,00155,429.0
32746,00155,148.0
32757,00155,72.0
330287,00155,56.0
333109,00155,107.0
333110,00155,80.0
333111,00155,57.0
333112,00155,56.0
333113,00155,56.0
335511,00155,104.0
335512,00155,112.0
339030,00155,56.0
34708,00155,56.0
34726,00155,112.0
347440,00155,64.0
352018,00155,7846.0
360938,00155,86.0
362129,00155,56.0
36418,00155,64.0
365658,00155,103.0
367471,00155,56.0
368517,00155,72.0
37661,00155,56.0
380952,00155,56.0
380953,00155,56.0
380955,00155,56.0
383387,00155,103.0
383416,00155,56.0
385301,00155,327.0
391602,00155,56.0
392613,00155,56.0
392614,00155,89.0
392615,00155,56.0
395258,00155,287.0
398514,00155,674.0
400125,00155,56.0
402587,00155,56.0
402588,00155,64.0
402590,00155,56.0
405528,00155,56.0
405529,00155,56.0
405530,00155,72.0
406914,00155,192.0
408238,00155,89.0
408510,00155,2452.0
408671,00155,112.0
408672,00155,113.0
409905,00155,272.0
411545,00155,65.0
412161,00155,110.0
41287,00155,86.0
415753,00155,112.0
417695,00155,73.0
419073,00155,56.0
419464,00155,180.0
419840,00155,120.0
421273,00155,95.0
421274,00155,73.0
424739,00155,100.0
430574,00155,112.0
430969,00155,2600.0
431265,00155,94.0
431267,00155,108.0
448634,00155,56.0
448848,00155,72.0
448849,00155,604.0
448850,00155,84.0
450298,00155,4022.0
450584,00155,56.0
450596,00155,129.0
451132,00155,209.0
451148,00155,543.0
451163,00155,1379.0
451337,00155,235.0
451338,00155,95.0
454020,00155,56.0
454125,00155,56.0
454131,00155,104.0
454525,00155,56.0
454820,00155,56.0
454935,00155,56.0
455105,00155,113.0
455106,00155,509.0
455107,00155,105.0
455109,00155,56.0
455112,00155,81.0
455113,00155,56.0
455452,00155,89.0
455454,00155,80.0
455463,00155,56.0
455464,00155,69.0
455467,00155,80.0
455469,00155,60.0
455520,00155,634.0
455522,00155,73.0
455523,00155,98.0
455524,00155,94.0
455525,00155,182.0
45642,00155,99.0
45643,00155,112.0
45644,00155,181.0
45645,00155,265.0
456473,00155,64.0
457052,00155,64.0
457059,00155,176.0
457060,00155,134.0
457706,00155,68.0
458174,00155,80.0
458187,00155,56.0
458189,00155,57.0
458235,00155,112.0
458236,00155,120.0
462100,00155,96.0
46282,00155,56.0
464114,00155,56.0
464118,00155,61.0
466270,00155,64.0
466271,00155,56.0
467540,00155,56.0
471613,00155,72.0
471614,00155,407.0
471965,00155,56.0
473931,00155,84.0
474664,00155,56.0
474665,00155,61.0
475037,00155,64.0
476160,00155,56.0
476698,00155,72.0
477120,00155,56.0
477894,00155,64.0
477895,00155,56.0
477896,00155,102.0
477897,00155,56.0
478070,00155,148.0
478219,00155,112.0
479036,00155,56.0
481499,00155,64.0
481500,00155,64.0
490870,00155,116.0
491349,00155,56.0
492668,00155,112.0
497250,00155,56.0
499548,00155,60.0
501237,00155,167.0
501238,00155,56.0
501239,00155,80.0
501541,00155,114.0
501664,00155,64.0
502382,00155,56.0
502517,00155,409.0
506481,00155,64.0
506828,00155,1623.0
506867,00155,153.0
510810,00155,112.0
512103,00155,56.0
512241,00155,56.0
512242,00155,59.0
514081,00155,113.0
514454,00155,56.0
514455,00155,64.0
515000,00155,111.0
515001,00155,56.0
515002,00155,350.0
515003,00155,129.0
515902,00155,134.0
517748,00155,56.0
518211,00155,116.0
518212,00155,112.0
518213,00155,115.0
518457,00155,190.0
519600,00155,58.0
519632,00155,79.0
51965,00155,56.0
520078,00155,978.0
520377,00155,143.0
520379,00155,182.0
526443,00155,75.0
526486,00155,111.0
527165,00155,64.0
530475,00155,47442.0
532695,00155,351.0
532696,00155,577.0
534518,00155,56.0
534519,00155,57.0
534757,00155,56.0
534758,00155,192.0
537183,00155,56.0
537184,00155,139.0
539491,00155,72.0
539492,00155,112.0
539493,00155,72.0
539494,00155,112.0
542281,00155,113.0
542692,00155,64.0
542698,00155,56.0
542699,00155,64.0
542726,00155,56.0
542727,00155,56.0
542728,00155,105.0
542729,00155,105.0
543148,00155,279.0
543149,00155,372.0
544808,00155,56.0
545002,00155,1402.0
546019,00155,56.0
546020,00155,93.0
546245,00155,232.0
549422,00155,56.0
550424,00155,225.0
550465,00155,129.0
550702,00155,174.0
551925,00155,56.0
552120,00155,96.0
552121,00155,89.0
552122,00155,119.0
553033,00155,56.0
553034,00155,202.0
553592,00155,80.0
553994,00155,112.0
553995,00155,56.0
555193,00155,56.0
555194,00155,56.0
555595,00155,106.0
555596,00155,56.0
555679,00155,56.0
555825,00155,150.0
556935,00155,134.0
5574,00155,131.0
557695,00155,56.0
557696,00155,88.0
557697,00155,65.0
561670,00155,56.0
562044,00155,72.0
563180,00155,115.0
563181,00155,96.0
563221,00155,56.0
565184,00155,104.0
565185,00155,92.0
565186,00155,113.0
565854,00155,112.0
565855,00155,64.0
565904,00155,64.0
567592,00155,79.0
567764,00155,160.0
567765,00155,72.0
567901,00155,64.0
568342,00155,112.0
570729,00155,308.0
571469,00155,94.0
571719,00155,56.0
576207,00155,68.0
578219,00155,112.0
578220,00155,112.0
578305,00155,88.0
578410,00155,61.0
578411,00155,57.0
578412,00155,64.0
578813,00155,144.0
579039,00155,56.0
579040,00155,61.0
579041,00155,69.0
579042,00155,78.0
57951,00155,56.0
579653,00155,104.0
580803,00155,117.0
582341,00155,137.0
582615,00155,56.0
582620,00155,67.0
582945,00155,98.0
582946,00155,84.0
582947,00155,56.0
582948,00155,103.0
583271,00155,97.0
583272,00155,64.0
587130,00155,106.0
587397,00155,78.0
588741,00155,68.0
588862,00155,522.0
5897,00155,112.0
5898,00155,64.0
590253,00155,129.0
590797,00155,104.0
590799,00155,56.0
593460,00155,120.0
598286,00155,56.0
598288,00155,64.0
599369,00155,912.0
599394,00155,64.0
601128,00155,112.0
61735,00155,56.0
6232,00155,64.0
63009,00155,56.0
651,00155,58.0
65576,00155,164.0
65724,00155,56.0
67225,00155,69.0
68618,00155,190.0
68909,00155,173.0
71765,00155,342.0
71770,00155,60.0
71773,00155,56.0
71800,00155,56.0
73022,00155,56.0
7388,00155,57.0
7390,00155,64.0
75862,00155,56.0
75952,00155,56.0
78005,00155,65.0
80510,00155,56.0
8119,00155,97.0
82411,00155,77.0
83137,00155,72.0
8871,00155,56.0
90052,00155,111.0
92248,00155,112.0
92249,00155,64.0
92254,00155,69.0
94931,00155,64.0
94963,00155,56.0
96377,00155,61.0
96726,00155,56.0
96728,00155,95.0
96729,00155,112.0
98866,00155,57.0
98869,00155,64.0
99039,00155,65.0
99775,00155,112.0
10019,00200,64.0
10091,00200,142.0
100933,00200,56.0
10112,00200,56.0
102024,00200,56.0
102677,00200,262.0
102878,00200,77.0
102879,00200,112.0
103986,00200,4043.0
10714,00200,88.0
10735,00200,331.0
10737,00200,124.0
10796,00200,98.0
10887,00200,113.0
10888,00200,56.0
10949,00200,56.0
10952,00200,56.0
109602,00200,56.0
110364,00200,746.0
111849,00200,56.0
113618,00200,5998.0
114007,00200,96.0
116768,00200,201.0
116769,00200,113.0
122807,00200,64.0
125550,00200,103.0
125669,00200,144.0
125671,00200,65.0
126192,00200,1337.0
126196,00200,116.0
126244,00200,104.0
1283,00200,113.0
131131,00200,82.0
131904,00200,201.0
135286,00200,111.0
135711,00200,56.0
135712,00200,112.0
136718,00200,6320.0
140901,00200,187.0
1414,00200,56.0
151683,00200,64.0
152036,00200,120.0
157653,00200,187.0
159994,00200,56.0
160552,00200,94.0
165,00200,341.0
1703,00200,108.0
170323,00200,56.0
170327,00200,111.0
1717,00200,78.0
17245,00200,64.0
17422,00200,112.0
17426,00200,371.0
17437,00200,2957.0
175602,00200,56.0
17665,00200,226.0
17680,00200,275.0
17684,00200,298.0
180738,00200,80.0
181470,00200,56.0
181501,00200,73.0
182941,00200,232.0
182943,00200,149.0
183398,00200,72.0
185,00200,436.0
186096,00200,138.0
186097,00200,162.0
190,00200,1114.0
192620,00200,378.0
19312,00200,56.0
195295,00200,299.0
195296,00200,108.0
197305,00200,225.0
198107,00200,56.0
201199,00200,181.0
204795,00200,102.0
206726,00200,56.0
210517,00200,56.0
211797,00200,809.0
2136,00200,100.0
21759,00200,411.0
218058,00200,779.0
21814,00200,56.0
219966,00200,57.0
219973,00200,112.0
219991,00200,90.0
220266,00200,64.0
221258,00200,1547.0
225277,00200,64.0
226679,00200,56.0
226892,00200,56.0
22867,00200,962.0
233,00200,321.0
235917,00200,56.0
2378,00200,56.0
24233,00200,72.0
2494,00200,186.0
253498,00200,74.0
25879,00200,405.0
2617,00200,93.0
261900,00200,56.0
264904,00200,78.0
267335,00200,73.0
267336,00200,74.0
272016,00200,104.0
274594,00200,60.0
28303,00200,593.0
285375,00200,137.0
286550,00200,56.0
287475,00200,960.0
288718,00200,64.0
288731,00200,56.0
288733,00200,60.0
288747,00200,89.0
288749,00200,79.0
288758,00200,57.0
289964,00200,56.0
292819,00200,136.0
294852,00200,128.0
295341,00200,500.0
301147,00200,192.0
301806,00200,72.0
30316,00200,72.0
306915,00200,584.0
306916,00200,56.0
306917,00200,64.0
306918,00200,20512.0
309000,00200,118.0
31025,00200,72.0
31135,00200,77.0
312229,00200,56.0
312230,00200,105.0
312550,00200,56.0
315870,00200,56.0
315871,00200,56.0
320256,00200,112.0
320282,00200,113.0
321965,00200,56.0
321966,00200,71.0
32654,00200,59.0
32661,00200,56.0
32692,00200,903.0
32746,00200,522.0
32757,00200,245.0
330287,00200,208.0
332368,00200,56.0
332370,00200,56.0
333109,00200,112.0
333110,00200,56.0
333111,00200,56.0
333112,00200,132.0
333113,00200,126.0
335462,00200,96.0
335511,00200,325.0
335512,00200,288.0
339030,00200,84.0
345481,00200,61.0
34708,00200,83.0
34726,00200,96.0
347438,00200,113.0
347440,00200,80.0
34808,00200,56.0
34809,00200,61.0
34810,00200,56.0
34812,00200,56.0
34813,00200,56.0
351576,00200,129.0
352018,00200,15199.0
353169,00200,178.0
35368,00200,56.0
354150,00200,56.0
354327,00200,56.0
360938,00200,125.0
362129,00200,56.0
36418,00200,57.0
365658,00200,162.0
365958,00200,242.0
367471,00200,120.0
368517,00200,65.0
371679,00200,56.0
371681,00200,56.0
37661,00200,72.0
380952,00200,74.0
380953,00200,64.0
380954,00200,74.0
380955,00200,56.0
380957,00200,56.0
383387,00200,100.0
383504,00200,104.0
385301,00200,327.0
387628,00200,112.0
38828,00200,56.0
391602,00200,112.0
391603,00200,64.0
39176,00200,56.0
392555,00200,56.0
392613,00200,115.0
392614,00200,113.0
392615,00200,192.0
395257,00200,353.0
395258,00200,2843.0
395672,00200,90.0
398514,00200,784.0
398596,00200,164.0
400125,00200,112.0
40253,00200,112.0
402587,00200,64.0
402588,00200,100.0
402589,00200,56.0
402590,00200,56.0
405528,00200,56.0
405530,00200,56.0
406705,00200,64.0
407570,00200,84.0
408238,00200,113.0
408442,00200,56.0
408510,00200,11455.0
408671,00200,56.0
408672,00200,56.0
409905,00200,275.0
409908,00200,136.0
411545,00200,104.0
411600,00200,113.0
412161,00200,303.0
41287,00200,118.0
415590,00200,921.0
415753,00200,121.0
417695,00200,105.0
419072,00200,76.0
419073,00200,120.0
419464,00200,1572.0
419840,00200,144.0
421273,00200,234.0
421274,00200,260.0
422480,00200,64.0
424739,00200,716.0
42864,00200,56.0
430506,00200,101.0
430574,00200,82.0
430969,00200,8917.0
431265,00200,179.0
431267,00200,269.0
440642,00200,111.0
440643,00200,72.0
448634,00200,64.0
448848,00200,102.0
448849,00200,136.0
448850,00200,125.0
450298,00200,970.0
450584,00200,88.0
450596,00200,302.0
451132,00200,262.0
451148,00200,484.0
451163,00200,13944.0
451337,00200,429.0
451338,00200,136.0
453094,00200,307.0
454020,00200,56.0
454125,00200,112.0
454131,00200,203.0
454406,00200,56.0
454525,00200,56.0
454729,00200,56.0
454820,00200,77.0
454854,00200,56.0
454868,00200,56.0
454935,00200,84.0
455105,00200,142.0
455106,00200,1245.0
455107,00200,112.0
455109,00200,112.0
455112,00200,136.0
455113,00200,229.0
455452,00200,196.0
455454,00200,229.0
455463,00200,89.0
455464,00200,90.0
455465,00200,56.0
455467,00200,131.0
455468,00200,84.0
455469,00200,131.0
455520,00200,153.0
455522,00200,112.0
455523,00200,104.0
455524,00200,148.0
455525,00200,69.0
45642,00200,2361.0
45643,00200,301.0
45644,00200,537.0
45645,00200,165.0
456473,00200,56.0
457052,00200,130.0
457059,00200,133.0
457060,00200,145.0
457330,00200,102.0
457706,00200,312.0
458174,00200,296.0
458183,00200,56.0
458189,00200,116.0
458235,00200,505.0
458236,00200,472.0
462965,00200,64.0
464114,00200,60.0
464118,00200,112.0
466270,00200,147.0
466271,00200,115.0
467540,00200,56.0
469833,00200,227.0
471613,00200,118.0
471614,00200,114.0
471965,00200,56.0
472419,00200,56.0
472991,00200,56.0
473931,00200,114.0
474665,00200,156.0
475037,00200,102.0
476075,00200,56.0
476159,00200,61.0
476161,00200,56.0
476173,00200,64.0
476174,00200,56.0
476175,00200,56.0
476668,00200,56.0
476698,00200,120.0
477218,00200,112.0
477226,00200,112.0
477894,00200,112.0
477895,00200,176.0
477896,00200,97.0
477897,00200,56.0
478070,00200,119.0
478219,00200,331.0
478655,00200,185.0
479036,00200,56.0
479677,00200,56.0
480988,00200,81.0
480990,00200,56.0
482755,00200,572.0
483593,00200,56.0
484791,00200,56.0
485099,00200,56.0
485480,00200,80.0
490870,00200,219.0
491349,00200,57.0
492668,00200,112.0
493601,00200,96.0
493765,00200,56.0
497250,00200,145.0
498306,00200,60.0
499548,00200,62.0
50,00200,56.0
500196,00200,56.0
501237,00200,377.0
501238,00200,56.0
501239,00200,57.0
501541,00200,103.0
501664,00200,116.0
502023,00200,120.0
502382,00200,56.0
502517,00200,335.0
502526,00200,88.0
502528,00200,95.0
505474,00200,142.0
506032,00200,129.0
506479,00200,72.0
506480,00200,88.0
506481,00200,112.0
506828,00200,13683.0
506867,00200,295.0
510810,00200,145.0
512102,00200,237.0
512103,00200,56.0
512241,00200,74.0
512242,00200,56.0
512531,00200,56.0
512839,00200,56.0
512983,00200,64.0
514080,00200,144.0
514081,00200,121.0
514454,00200,111.0
514455,00200,64.0
514456,00200,56.0
514457,00200,56.0
515000,00200,183.0
515001,00200,56.0
515002,00200,303.0
515003,00200,129.0
515621,00200,112.0
515902,00200,216.0
517748,00200,56.0
518211,00200,1690.0
518212,00200,1101.0
518213,00200,484.0
518457,00200,150.0
519600,00200,229.0
519632,00200,56.0
51965,00200,101.0
519903,00200,56.0
520078,00200,2289.0
520377,00200,241.0
520379,00200,224.0
523646,00200,65.0
523647,00200,88.0
524010,00200,56.0
524493,00200,64.0
524494,00200,94.0
526443,00200,176.0
526486,00200,459.0
527161,00200,60.0
527164,00200,56.0
530475,00200,371547.0
532695,00200,13593.0
532696,00200,386.0
534518,00200,116.0
534519,00200,56.0
534668,00200,56.0
534757,00200,56.0
534758,00200,114.0
537183,00200,64.0
537184,00200,114.0
539491,00200,244.0
539492,00200,279.0
539493,00200,155.0
539494,00200,201.0
542693,00200,64.0
542695,00200,56.0
542697,00200,152.0
542726,00200,56.0
542727,00200,56.0
542728,00200,216.0
542729,00200,367.0
543148,00200,733.0
543149,00200,473.0
54358,00200,61.0
54359,00200,56.0
544808,00200,116.0
544991,00200,76.0
545002,00200,20527.0
546019,00200,283.0
546020,00200,2268.0
546245,00200,624.0
549422,00200,103.0
550465,00200,56.0
550702,00200,184.0
551925,00200,64.0
552120,00200,210.0
552121,00200,146.0
552122,00200,190.0
553033,00200,56.0
553034,00200,188.0
553592,00200,239.0
553994,00200,210.0
553995,00200,220.0
555595,00200,57.0
555677,00200,56.0
555679,00200,128.0
555825,00200,1510.0
556935,00200,213.0
5574,00200,80.0
557695,00200,64.0
557696,00200,96.0
557697,00200,72.0
561670,00200,112.0
562044,00200,56.0
563180,00200,123.0
563181,00200,56.0
563221,00200,65.0
565184,00200,418.0
565185,00200,733.0
565854,00200,166.0
565855,00200,80.0
565904,00200,80.0
566325,00200,178.0
567764,00200,166.0
567765,00200,56.0
567901,00200,225.0
568342,00200,143.0
569701,00200,256.0
570729,00200,243.0
571469,00200,108.0
576207,00200,139.0
576692,00200,56.0
578219,00200,94.0
578305,00200,56.0
578410,00200,67.0
578411,00200,56.0
578412,00200,84.0
579039,00200,72.0
579040,00200,96.0
579041,00200,96.0
579042,00200,72.0
57951,00200,69.0
57956,00200,56.0
579972,00200,56.0
580803,00200,192.0
581143,00200,347.0
582341,00200,286.0
582615,00200,109.0
582620,00200,56.0
582945,00200,124.0
582946,00200,64.0
582947,00200,248.0
582948,00200,329.0
582949,00200,70.0
583271,00200,120.0
583272,00200,64.0
586104,00200,207.0
587130,00200,361.0
587398,00200,56.0
588741,00200,56.0
588862,00200,4919.0
5897,00200,120.0
5898,00200,193.0
590253,00200,64.0
590460,00200,56.0
590797,00200,88.0
590799,00200,56.0
593460,00200,296.0
598285,00200,112.0
598287,00200,56.0
599369,00200,1528.0
600005,00200,9216.0
61735,00200,115.0
6232,00200,64.0
63009,00200,282.0
63861,00200,56.0
6394,00200,56.0
64104,00200,65.0
651,00200,77.0
65576,00200,140.0
65724,00200,112.0
67216,00200,104.0
67225,00200,214.0
68618,00200,288.0
68786,00200,56.0
68909,00200,236.0
70124,00200,64.0
71765,00200,13584.0
71770,00200,133.0
71773,00200,92.0
71800,00200,74.0
73022,00200,67.0
7388,00200,56.0
7390,00200,72.0
75862,00200,56.0
75952,00200,126.0
77213,00200,56.0
78005,00200,64.0
79448,00200,113.0
79559,00200,56.0
80510,00200,72.0
80703,00200,113.0
81135,00200,56.0
81136,00200,56.0
8119,00200,65.0
82411,00200,189.0
83137,00200,112.0
85436,00200,56.0
8576,00200,169.0
86884,00200,66.0
86886,00200,62.0
86911,00200,56.0
86914,00200,56.0
88,00200,56.0
89179,00200,64.0
90052,00200,328.0
90421,00200,56.0
90447,00200,82.0
91703,00200,56.0
92248,00200,71.0
92249,00200,56.0
92254,00200,56.0
92913,00200,56.0
94601,00200,84.0
94602,00200,112.0
94931,00200,151.0
94963,00200,60.0
96377,00200,176.0
96726,00200,56.0
96728,00200,78.0
96729,00200,398.0
96731,00200,56.0
96909,00200,56.0
96910,00200,56.0
97558,00200,56.0
98865,00200,56.0
98866,00200,124.0
98869,00200,102.0
99039,00200,331.0
9935,00200,56.0
99369,00200,56.0
99775,00200,249.0
